1.000000000000000000e+01 -2.640800000000000092e-02 5.779999999999999548e-04 4.273300000000000015e-02
1.100000000000000000e+01 -3.590399999999999842e-02 1.541000000000000052e-03 4.647400000000000142e-02
1.200000000000000000e+01 -4.572600000000000275e-02 2.243999999999999901e-03 4.994200000000000028e-02
1.300000000000000000e+01 -4.556500000000000133e-02 5.093000000000000305e-03 5.276399999999999840e-02
1.400000000000000000e+01 -4.472500000000000087e-02 6.792000000000000294e-03 5.369600000000000067e-02
1.500000000000000000e+01 -4.396699999999999914e-02 7.971000000000000654e-03 5.486200000000000104e-02
1.600000000000000000e+01 -4.158499999999999697e-02 1.036899999999999974e-02 5.748600000000000237e-02
1.700000000000000000e+01 -3.896600000000000064e-02 1.294900000000000044e-02 6.031199999999999756e-02
1.800000000000000000e+01 -3.382999999999999896e-02 1.761700000000000071e-02 6.542299999999999505e-02
1.900000000000000000e+01 -2.813200000000000076e-02 2.278499999999999970e-02 7.119599999999999540e-02
2.000000000000000000e+01 -2.280000000000000082e-02 2.754699999999999857e-02 7.659599999999999742e-02
2.100000000000000000e+01 -1.871499999999999900e-02 3.150000000000000022e-02 8.088399999999999757e-02
2.200000000000000000e+01 -1.367900000000000019e-02 3.638899999999999774e-02 8.604100000000000636e-02
2.300000000000000000e+01 -9.466999999999999721e-03 4.058900000000000008e-02 9.040299999999999725e-02
2.400000000000000000e+01 -5.794999999999999804e-03 4.434199999999999947e-02 9.417000000000000370e-02
2.500000000000000000e+01 -2.003000000000000006e-03 4.821099999999999691e-02 9.786599999999999466e-02
2.600000000000000000e+01 1.485999999999999908e-03 5.178399999999999670e-02 1.013000000000000012e-01
2.700000000000000000e+01 4.856000000000000073e-03 5.521299999999999819e-02 1.047079999999999955e-01
2.800000000000000000e+01 8.149999999999999259e-03 5.850700000000000345e-02 1.080200000000000049e-01
2.900000000000000000e+01 1.169899999999999933e-02 6.198399999999999743e-02 1.116469999999999962e-01
3.000000000000000000e+01 1.576500000000000123e-02 6.592800000000000049e-02 1.158219999999999944e-01
3.100000000000000000e+01 2.026000000000000023e-02 7.026000000000000301e-02 1.204479999999999995e-01
3.200000000000000000e+01 2.385900000000000173e-02 7.373000000000000387e-02 1.241560000000000025e-01
3.300000000000000000e+01 2.707800000000000137e-02 7.692400000000000626e-02 1.274520000000000097e-01
3.400000000000000000e+01 3.011000000000000135e-02 7.996000000000000330e-02 1.305089999999999861e-01
3.500000000000000000e+01 3.213200000000000084e-02 8.200799999999999756e-02 1.325560000000000072e-01
3.600000000000000000e+01 3.413399999999999768e-02 8.404999999999999971e-02 1.345619999999999872e-01
3.700000000000000000e+01 3.748900000000000149e-02 8.739900000000000446e-02 1.379390000000000061e-01
3.800000000000000000e+01 4.124499999999999694e-02 9.109299999999999342e-02 1.417609999999999981e-01
3.900000000000000000e+01 4.544000000000000122e-02 9.515700000000000547e-02 1.460400000000000031e-01
4.000000000000000000e+01 4.950000000000000233e-02 9.910900000000000265e-02 1.501820000000000099e-01
4.100000000000000000e+01 5.344299999999999745e-02 1.029609999999999970e-01 1.541980000000000017e-01
4.200000000000000000e+01 5.657100000000000323e-02 1.060750000000000026e-01 1.573890000000000011e-01
4.300000000000000000e+01 5.936099999999999710e-02 1.088780000000000026e-01 1.602459999999999996e-01
4.400000000000000000e+01 6.149799999999999711e-02 1.110799999999999982e-01 1.624220000000000108e-01
4.500000000000000000e+01 6.406100000000000683e-02 1.136869999999999964e-01 1.650240000000000040e-01
4.600000000000000000e+01 6.698300000000000087e-02 1.165979999999999933e-01 1.680079999999999907e-01
4.700000000000000000e+01 7.016699999999999326e-02 1.197259999999999991e-01 1.712619999999999976e-01
4.800000000000000000e+01 7.356999999999999651e-02 1.230610000000000037e-01 1.747259999999999924e-01
4.900000000000000000e+01 7.723599999999999910e-02 1.266599999999999948e-01 1.784729999999999928e-01
5.000000000000000000e+01 8.074099999999999333e-02 1.301219999999999877e-01 1.820700000000000096e-01
5.100000000000000000e+01 8.410900000000000321e-02 1.334609999999999963e-01 1.855229999999999935e-01
5.200000000000000000e+01 8.703900000000000525e-02 1.363729999999999942e-01 1.885179999999999911e-01
5.300000000000000000e+01 8.948499999999999510e-02 1.388290000000000080e-01 1.910119999999999874e-01
5.400000000000000000e+01 9.184000000000000496e-02 1.411949999999999872e-01 1.934059999999999946e-01
5.500000000000000000e+01 9.447300000000000142e-02 1.438119999999999954e-01 1.960860000000000103e-01
5.600000000000000000e+01 9.722999999999999698e-02 1.465390000000000026e-01 1.988900000000000112e-01
5.700000000000000000e+01 1.003499999999999948e-01 1.496020000000000127e-01 2.020669999999999966e-01
5.800000000000000000e+01 1.041640000000000066e-01 1.533279999999999921e-01 2.059479999999999922e-01
5.900000000000000000e+01 1.080929999999999946e-01 1.571750000000000091e-01 2.099330000000000085e-01
6.000000000000000000e+01 1.116940000000000016e-01 1.607190000000000007e-01 2.135610000000000008e-01
6.100000000000000000e+01 1.147269999999999956e-01 1.637290000000000134e-01 2.166029999999999900e-01
6.200000000000000000e+01 1.174160000000000065e-01 1.664110000000000034e-01 2.192900000000000127e-01
6.300000000000000000e+01 1.196920000000000067e-01 1.686970000000000136e-01 2.215550000000000019e-01
6.400000000000000000e+01 1.222720000000000057e-01 1.712559999999999916e-01 2.241440000000000099e-01
6.500000000000000000e+01 1.247869999999999951e-01 1.737370000000000025e-01 2.266829999999999956e-01
6.600000000000000000e+01 1.277729999999999977e-01 1.766709999999999947e-01 2.296920000000000073e-01
6.700000000000000000e+01 1.309089999999999976e-01 1.797519999999999951e-01 2.328479999999999994e-01
6.800000000000000000e+01 1.343969999999999887e-01 1.831770000000000065e-01 2.363540000000000085e-01
6.900000000000000000e+01 1.374410000000000076e-01 1.861849999999999894e-01 2.393919999999999937e-01
7.000000000000000000e+01 1.402349999999999985e-01 1.889550000000000118e-01 2.421659999999999924e-01
7.100000000000000000e+01 1.427110000000000045e-01 1.914160000000000028e-01 2.446290000000000131e-01
7.200000000000000000e+01 1.452469999999999872e-01 1.939480000000000093e-01 2.471589999999999898e-01
7.300000000000000000e+01 1.476600000000000135e-01 1.963499999999999968e-01 2.495729999999999893e-01
7.400000000000000000e+01 1.504270000000000052e-01 1.990820000000000090e-01 2.523449999999999860e-01
7.500000000000000000e+01 1.535120000000000096e-01 2.021239999999999981e-01 2.554299999999999904e-01
7.600000000000000000e+01 1.567850000000000077e-01 2.053510000000000058e-01 2.586979999999999835e-01
7.700000000000000000e+01 1.600169999999999926e-01 2.085309999999999941e-01 2.619190000000000129e-01
7.800000000000000000e+01 1.629400000000000015e-01 2.114159999999999928e-01 2.648269999999999791e-01
7.900000000000000000e+01 1.653429999999999900e-01 2.138059999999999961e-01 2.672149999999999803e-01
8.000000000000000000e+01 1.675580000000000125e-01 2.160150000000000126e-01 2.694179999999999908e-01
8.100000000000000000e+01 1.698240000000000027e-01 2.182759999999999978e-01 2.716649999999999898e-01
8.200000000000000000e+01 1.721610000000000085e-01 2.206019999999999925e-01 2.739880000000000093e-01
8.300000000000000000e+01 1.747239999999999904e-01 2.231430000000000080e-01 2.765340000000000020e-01
8.400000000000000000e+01 1.776830000000000076e-01 2.260590000000000099e-01 2.794800000000000062e-01
8.500000000000000000e+01 1.806220000000000048e-01 2.289480000000000126e-01 2.824079999999999924e-01
8.600000000000000000e+01 1.832459999999999922e-01 2.315220000000000056e-01 2.850219999999999976e-01
8.700000000000000000e+01 1.858299999999999952e-01 2.340780000000000083e-01 2.875909999999999855e-01
8.800000000000000000e+01 1.884369999999999934e-01 2.366630000000000122e-01 2.901730000000000143e-01
8.900000000000000000e+01 1.907520000000000049e-01 2.389719999999999900e-01 2.924629999999999730e-01
9.000000000000000000e+01 1.931900000000000006e-01 2.414020000000000055e-01 2.948740000000000250e-01
9.100000000000000000e+01 1.957589999999999886e-01 2.439580000000000082e-01 2.974160000000000137e-01
9.200000000000000000e+01 1.982859999999999900e-01 2.464560000000000084e-01 2.999249999999999972e-01
9.300000000000000000e+01 2.006870000000000043e-01 2.488239999999999896e-01 3.023170000000000024e-01
9.400000000000000000e+01 2.033550000000000080e-01 2.514600000000000168e-01 3.049689999999999901e-01
9.500000000000000000e+01 2.059030000000000027e-01 2.539859999999999896e-01 3.074959999999999916e-01
9.600000000000000000e+01 2.085710000000000064e-01 2.566320000000000268e-01 3.101369999999999960e-01
9.700000000000000000e+01 2.111190000000000011e-01 2.591620000000000035e-01 3.126570000000000182e-01
9.800000000000000000e+01 2.136740000000000028e-01 2.616990000000000149e-01 3.151820000000000177e-01
9.900000000000000000e+01 2.160499999999999921e-01 2.640600000000000169e-01 3.175339999999999829e-01
1.000000000000000000e+02 2.183219999999999883e-01 2.663130000000000219e-01 3.197849999999999859e-01
1.010000000000000000e+02 2.204490000000000061e-01 2.684279999999999999e-01 3.218949999999999867e-01
1.020000000000000000e+02 2.225939999999999863e-01 2.705659999999999732e-01 3.240149999999999975e-01
1.030000000000000000e+02 2.249269999999999881e-01 2.728929999999999967e-01 3.263269999999999782e-01
1.040000000000000000e+02 2.271620000000000028e-01 2.751190000000000024e-01 3.285330000000000195e-01
1.050000000000000000e+02 2.295290000000000108e-01 2.774780000000000024e-01 3.308719999999999994e-01
1.060000000000000000e+02 2.318679999999999908e-01 2.798050000000000259e-01 3.331810000000000049e-01
1.070000000000000000e+02 2.343200000000000005e-01 2.822450000000000236e-01 3.356029999999999847e-01
1.080000000000000000e+02 2.365150000000000030e-01 2.844309999999999894e-01 3.377689999999999859e-01
1.090000000000000000e+02 2.387660000000000060e-01 2.866710000000000091e-01 3.399889999999999857e-01
1.100000000000000000e+02 2.410809999999999897e-01 2.889820000000000166e-01 3.422729999999999939e-01
1.110000000000000000e+02 2.433899999999999952e-01 2.912850000000000161e-01 3.445500000000000229e-01
1.120000000000000000e+02 2.454659999999999898e-01 2.933600000000000096e-01 3.465909999999999824e-01
1.130000000000000000e+02 2.476190000000000058e-01 2.955039999999999889e-01 3.487129999999999952e-01
1.140000000000000000e+02 2.498219999999999885e-01 2.976980000000000182e-01 3.508859999999999757e-01
1.150000000000000000e+02 2.519279999999999853e-01 2.998009999999999842e-01 3.529649999999999732e-01
1.160000000000000000e+02 2.541100000000000025e-01 3.019700000000000162e-01 3.551119999999999832e-01
1.170000000000000000e+02 2.565290000000000070e-01 3.043739999999999779e-01 3.574990000000000112e-01
1.180000000000000000e+02 2.589879999999999960e-01 3.068199999999999816e-01 3.599200000000000177e-01
1.190000000000000000e+02 2.613920000000000132e-01 3.092139999999999889e-01 3.622900000000000009e-01
1.200000000000000000e+02 2.637160000000000060e-01 3.115240000000000231e-01 3.645769999999999844e-01
1.210000000000000000e+02 2.659739999999999882e-01 3.137730000000000241e-01 3.668020000000000169e-01
1.220000000000000000e+02 2.681040000000000090e-01 3.158929999999999794e-01 3.688960000000000017e-01
1.230000000000000000e+02 2.701129999999999920e-01 3.178949999999999831e-01 3.708699999999999775e-01
1.240000000000000000e+02 2.720679999999999765e-01 3.198460000000000192e-01 3.727949999999999875e-01
1.250000000000000000e+02 2.742109999999999825e-01 3.219810000000000172e-01 3.749049999999999883e-01
1.260000000000000000e+02 2.764119999999999910e-01 3.241729999999999889e-01 3.770740000000000203e-01
1.270000000000000000e+02 2.786150000000000015e-01 3.263670000000000182e-01 3.792440000000000255e-01
1.280000000000000000e+02 2.808209999999999873e-01 3.285680000000000267e-01 3.814179999999999793e-01
1.290000000000000000e+02 2.830610000000000070e-01 3.307999999999999829e-01 3.836200000000000165e-01
1.300000000000000000e+02 2.850949999999999873e-01 3.328300000000000147e-01 3.856200000000000183e-01
1.310000000000000000e+02 2.871179999999999843e-01 3.348450000000000037e-01 3.876040000000000041e-01
1.320000000000000000e+02 2.890510000000000024e-01 3.367729999999999890e-01 3.895069999999999921e-01
1.330000000000000000e+02 2.909970000000000057e-01 3.387129999999999863e-01 3.914239999999999942e-01
1.340000000000000000e+02 2.930470000000000019e-01 3.407499999999999973e-01 3.934360000000000079e-01
1.350000000000000000e+02 2.951759999999999939e-01 3.428700000000000081e-01 3.955330000000000235e-01
1.360000000000000000e+02 2.972400000000000042e-01 3.449220000000000064e-01 3.975650000000000017e-01
1.370000000000000000e+02 2.992540000000000200e-01 3.469260000000000121e-01 3.995480000000000143e-01
1.380000000000000000e+02 3.012509999999999910e-01 3.489140000000000019e-01 4.015139999999999820e-01
1.390000000000000000e+02 3.031159999999999966e-01 3.507669999999999955e-01 4.033459999999999823e-01
1.400000000000000000e+02 3.049560000000000048e-01 3.525989999999999958e-01 4.051600000000000201e-01
1.410000000000000000e+02 3.067840000000000011e-01 3.544149999999999801e-01 4.069539999999999824e-01
1.420000000000000000e+02 3.085990000000000122e-01 3.562219999999999831e-01 4.087379999999999902e-01
1.430000000000000000e+02 3.104999999999999982e-01 3.581110000000000126e-01 4.106099999999999750e-01
1.440000000000000000e+02 3.125539999999999985e-01 3.601500000000000257e-01 4.126310000000000255e-01
1.450000000000000000e+02 3.146510000000000140e-01 3.622319999999999984e-01 4.146980000000000111e-01
1.460000000000000000e+02 3.167829999999999813e-01 3.643429999999999724e-01 4.167959999999999998e-01
1.470000000000000000e+02 3.188719999999999888e-01 3.664209999999999967e-01 4.188540000000000041e-01
1.480000000000000000e+02 3.208799999999999986e-01 3.684209999999999985e-01 4.208310000000000106e-01
1.490000000000000000e+02 3.227099999999999969e-01 3.702400000000000135e-01 4.226320000000000077e-01
1.500000000000000000e+02 3.244170000000000109e-01 3.719450000000000256e-01 4.243089999999999917e-01
1.510000000000000000e+02 3.260810000000000097e-01 3.736050000000000204e-01 4.259430000000000160e-01
1.520000000000000000e+02 3.278980000000000228e-01 3.754129999999999967e-01 4.277309999999999723e-01
1.530000000000000000e+02 3.296040000000000081e-01 3.771100000000000008e-01 4.294100000000000139e-01
1.540000000000000000e+02 3.313450000000000006e-01 3.788400000000000101e-01 4.311269999999999825e-01
1.550000000000000000e+02 3.331140000000000212e-01 3.805939999999999879e-01 4.328719999999999790e-01
1.560000000000000000e+02 3.348249999999999837e-01 3.822909999999999919e-01 4.345600000000000018e-01
1.570000000000000000e+02 3.364130000000000176e-01 3.838630000000000098e-01 4.361289999999999889e-01
1.580000000000000000e+02 3.380290000000000239e-01 3.854679999999999773e-01 4.377210000000000267e-01
1.590000000000000000e+02 3.396390000000000242e-01 3.870649999999999924e-01 4.393000000000000238e-01
1.600000000000000000e+02 3.411500000000000088e-01 3.885640000000000205e-01 4.407880000000000131e-01
1.610000000000000000e+02 3.427620000000000111e-01 3.901649999999999840e-01 4.423790000000000222e-01
1.620000000000000000e+02 3.444929999999999937e-01 3.918780000000000041e-01 4.440859999999999808e-01
1.630000000000000000e+02 3.462549999999999795e-01 3.936230000000000007e-01 4.458239999999999981e-01
1.640000000000000000e+02 3.479539999999999855e-01 3.953050000000000175e-01 4.475029999999999841e-01
1.650000000000000000e+02 3.496630000000000016e-01 3.969940000000000135e-01 4.491879999999999762e-01
1.660000000000000000e+02 3.512480000000000047e-01 3.985630000000000006e-01 4.507519999999999860e-01
1.670000000000000000e+02 3.527689999999999992e-01 4.000699999999999812e-01 4.522519999999999873e-01
1.680000000000000000e+02 3.542420000000000013e-01 4.015259999999999940e-01 4.537030000000000229e-01
1.690000000000000000e+02 3.556340000000000057e-01 4.029030000000000111e-01 4.550750000000000073e-01
1.700000000000000000e+02 3.570360000000000200e-01 4.042910000000000115e-01 4.564570000000000016e-01
1.710000000000000000e+02 3.585149999999999726e-01 4.057540000000000036e-01 4.579150000000000165e-01
1.720000000000000000e+02 3.599209999999999909e-01 4.071480000000000099e-01 4.593030000000000168e-01
1.730000000000000000e+02 3.613049999999999873e-01 4.085150000000000170e-01 4.606700000000000239e-01
1.740000000000000000e+02 3.628000000000000114e-01 4.099940000000000251e-01 4.621509999999999785e-01
1.750000000000000000e+02 3.642529999999999935e-01 4.114260000000000139e-01 4.635850000000000248e-01
1.760000000000000000e+02 3.656789999999999763e-01 4.128339999999999788e-01 4.649909999999999877e-01
1.770000000000000000e+02 3.670539999999999914e-01 4.141940000000000066e-01 4.663519999999999888e-01
1.780000000000000000e+02 3.683670000000000000e-01 4.154930000000000012e-01 4.676449999999999774e-01
1.790000000000000000e+02 3.696079999999999921e-01 4.167190000000000061e-01 4.688709999999999822e-01
1.800000000000000000e+02 3.709359999999999880e-01 4.180340000000000167e-01 4.701839999999999908e-01
1.810000000000000000e+02 3.721690000000000276e-01 4.192529999999999868e-01 4.714010000000000145e-01
1.820000000000000000e+02 3.734509999999999774e-01 4.205180000000000029e-01 4.726699999999999791e-01
1.830000000000000000e+02 3.747949999999999893e-01 4.218439999999999968e-01 4.740010000000000057e-01
1.840000000000000000e+02 3.761749999999999816e-01 4.232069999999999999e-01 4.753669999999999840e-01
1.850000000000000000e+02 3.774620000000000197e-01 4.244769999999999932e-01 4.766429999999999834e-01
1.860000000000000000e+02 3.787860000000000116e-01 4.257850000000000246e-01 4.779499999999999860e-01
1.870000000000000000e+02 3.800290000000000057e-01 4.270120000000000027e-01 4.791759999999999908e-01
1.880000000000000000e+02 3.812550000000000106e-01 4.282199999999999895e-01 4.803890000000000104e-01
1.890000000000000000e+02 3.824040000000000217e-01 4.293589999999999907e-01 4.815249999999999808e-01
1.900000000000000000e+02 3.835290000000000088e-01 4.304720000000000213e-01 4.826389999999999847e-01
1.910000000000000000e+02 3.846760000000000179e-01 4.316039999999999877e-01 4.837730000000000086e-01
1.920000000000000000e+02 3.858630000000000115e-01 4.327719999999999900e-01 4.849479999999999902e-01
1.930000000000000000e+02 3.870270000000000099e-01 4.339219999999999744e-01 4.861019999999999786e-01
1.940000000000000000e+02 3.881970000000000143e-01 4.350729999999999875e-01 4.872589999999999977e-01
1.950000000000000000e+02 3.893409999999999926e-01 4.361970000000000014e-01 4.883890000000000176e-01
1.960000000000000000e+02 3.903670000000000195e-01 4.372110000000000163e-01 4.894040000000000057e-01
1.970000000000000000e+02 3.913229999999999764e-01 4.381490000000000107e-01 4.903489999999999793e-01
1.980000000000000000e+02 3.921839999999999771e-01 4.390000000000000013e-01 4.912020000000000275e-01
1.990000000000000000e+02 3.929509999999999947e-01 4.397519999999999762e-01 4.919569999999999776e-01
2.000000000000000000e+02 3.937649999999999761e-01 4.405510000000000259e-01 4.927599999999999758e-01
2.010000000000000000e+02 3.946160000000000223e-01 4.413810000000000233e-01 4.936019999999999852e-01
2.020000000000000000e+02 3.955549999999999899e-01 4.423009999999999997e-01 4.945280000000000231e-01
2.030000000000000000e+02 3.965049999999999963e-01 4.432320000000000149e-01 4.954660000000000175e-01
2.040000000000000000e+02 3.974239999999999995e-01 4.441320000000000268e-01 4.963770000000000127e-01
2.050000000000000000e+02 3.981919999999999904e-01 4.448810000000000264e-01 4.971320000000000183e-01
2.060000000000000000e+02 3.987999999999999878e-01 4.454739999999999811e-01 4.977329999999999810e-01
2.070000000000000000e+02 3.992280000000000273e-01 4.458869999999999778e-01 4.981510000000000105e-01
2.080000000000000000e+02 3.996080000000000187e-01 4.462490000000000068e-01 4.985240000000000227e-01
2.090000000000000000e+02 4.000730000000000119e-01 4.466930000000000067e-01 4.989770000000000039e-01
2.100000000000000000e+02 4.005799999999999916e-01 4.471849999999999992e-01 4.994750000000000023e-01
2.110000000000000000e+02 4.011680000000000246e-01 4.477519999999999833e-01 5.000529999999999697e-01
2.120000000000000000e+02 4.017729999999999912e-01 4.483369999999999855e-01 5.006479999999999819e-01
2.130000000000000000e+02 4.023930000000000007e-01 4.489339999999999997e-01 5.012569999999999526e-01
2.140000000000000000e+02 4.028769999999999851e-01 4.494029999999999969e-01 5.017319999999999558e-01
2.150000000000000000e+02 4.032609999999999806e-01 4.497680000000000011e-01 5.021079999999999988e-01
2.160000000000000000e+02 4.035460000000000158e-01 4.500379999999999936e-01 5.023859999999999992e-01
2.170000000000000000e+02 4.038129999999999775e-01 4.502829999999999888e-01 5.026420000000000332e-01
2.180000000000000000e+02 4.040429999999999855e-01 4.504909999999999748e-01 5.028669999999999529e-01
2.190000000000000000e+02 4.043200000000000127e-01 4.507519999999999860e-01 5.031390000000000029e-01
2.200000000000000000e+02 4.047310000000000074e-01 4.511379999999999835e-01 5.035389999999999588e-01
2.210000000000000000e+02 4.051739999999999786e-01 4.515629999999999922e-01 5.039730000000000043e-01
2.220000000000000000e+02 4.056190000000000073e-01 4.519850000000000256e-01 5.044140000000000290e-01
2.230000000000000000e+02 4.059639999999999915e-01 4.523110000000000186e-01 5.047490000000000032e-01
2.240000000000000000e+02 4.061980000000000035e-01 4.525299999999999878e-01 5.049759999999999804e-01
2.250000000000000000e+02 4.062890000000000112e-01 4.526009999999999756e-01 5.050599999999999534e-01
2.260000000000000000e+02 4.063740000000000130e-01 4.526669999999999860e-01 5.051379999999999759e-01
2.270000000000000000e+02 4.064320000000000155e-01 4.527059999999999973e-01 5.051870000000000527e-01
2.280000000000000000e+02 4.065690000000000137e-01 4.528280000000000083e-01 5.053220000000000489e-01
2.290000000000000000e+02 4.068019999999999969e-01 4.530429999999999735e-01 5.055500000000000549e-01
2.300000000000000000e+02 4.071009999999999907e-01 4.533190000000000275e-01 5.058380000000000098e-01
2.310000000000000000e+02 4.073140000000000094e-01 4.535139999999999727e-01 5.060480000000000533e-01
2.320000000000000000e+02 4.075230000000000241e-01 4.536990000000000189e-01 5.062459999999999738e-01
2.330000000000000000e+02 4.076279999999999903e-01 4.537889999999999979e-01 5.063549999999999995e-01
2.340000000000000000e+02 4.076899999999999968e-01 4.538280000000000092e-01 5.064079999999999693e-01
2.350000000000000000e+02 4.077200000000000268e-01 4.538380000000000192e-01 5.064349999999999685e-01
2.360000000000000000e+02 4.077839999999999798e-01 4.538869999999999849e-01 5.064889999999999670e-01
2.370000000000000000e+02 4.078410000000000091e-01 4.539259999999999962e-01 5.065410000000000190e-01
2.380000000000000000e+02 4.079940000000000233e-01 4.540629999999999944e-01 5.066920000000000313e-01
2.390000000000000000e+02 4.081870000000000220e-01 4.542329999999999979e-01 5.068749999999999645e-01
2.400000000000000000e+02 4.083689999999999820e-01 4.543940000000000201e-01 5.070510000000000295e-01
2.410000000000000000e+02 4.084980000000000278e-01 4.545060000000000211e-01 5.071750000000000425e-01
2.420000000000000000e+02 4.085670000000000135e-01 4.545549999999999868e-01 5.072400000000000242e-01
2.430000000000000000e+02 4.085900000000000087e-01 4.545589999999999908e-01 5.072569999999999579e-01
2.440000000000000000e+02 4.085860000000000047e-01 4.545370000000000243e-01 5.072520000000000362e-01
2.450000000000000000e+02 4.085820000000000007e-01 4.545150000000000023e-01 5.072429999999999994e-01
2.460000000000000000e+02 4.086319999999999952e-01 4.545529999999999848e-01 5.072900000000000187e-01
2.470000000000000000e+02 4.087169999999999970e-01 4.546229999999999993e-01 5.073779999999999957e-01
2.480000000000000000e+02 4.088030000000000275e-01 4.546839999999999771e-01 5.074499999999999567e-01
2.490000000000000000e+02 4.088559999999999972e-01 4.547189999999999843e-01 5.075030000000000374e-01
2.500000000000000000e+02 4.089139999999999997e-01 4.547629999999999728e-01 5.075589999999999824e-01
2.510000000000000000e+02 4.089809999999999834e-01 4.548079999999999901e-01 5.076230000000000464e-01
2.520000000000000000e+02 4.090590000000000059e-01 4.548699999999999966e-01 5.076950000000000074e-01
2.530000000000000000e+02 4.091080000000000272e-01 4.549039999999999750e-01 5.077430000000000554e-01
2.540000000000000000e+02 4.090949999999999864e-01 4.548780000000000046e-01 5.077260000000000106e-01
2.550000000000000000e+02 4.091219999999999857e-01 4.548840000000000106e-01 5.077490000000000059e-01
2.560000000000000000e+02 4.091380000000000017e-01 4.548849999999999838e-01 5.077639999999999931e-01
2.570000000000000000e+02 4.091629999999999989e-01 4.548969999999999958e-01 5.077890000000000459e-01
2.580000000000000000e+02 4.092040000000000122e-01 4.549210000000000198e-01 5.078259999999999996e-01
2.590000000000000000e+02 4.092609999999999859e-01 4.549610000000000043e-01 5.078780000000000516e-01
2.600000000000000000e+02 4.092939999999999912e-01 4.549739999999999895e-01 5.079080000000000261e-01
2.610000000000000000e+02 4.093100000000000072e-01 4.549779999999999935e-01 5.079200000000000381e-01
2.620000000000000000e+02 4.092970000000000219e-01 4.549460000000000170e-01 5.079019999999999646e-01
2.630000000000000000e+02 4.092970000000000219e-01 4.549309999999999743e-01 5.079050000000000509e-01
2.640000000000000000e+02 4.093289999999999984e-01 4.549480000000000190e-01 5.079310000000000214e-01
2.650000000000000000e+02 4.093539999999999957e-01 4.549619999999999775e-01 5.079479999999999551e-01
2.660000000000000000e+02 4.093410000000000104e-01 4.549300000000000010e-01 5.079350000000000254e-01
2.670000000000000000e+02 4.093660000000000077e-01 4.549400000000000110e-01 5.079569999999999919e-01
2.680000000000000000e+02 4.093899999999999761e-01 4.549540000000000251e-01 5.079770000000000119e-01
2.690000000000000000e+02 4.093910000000000049e-01 4.549369999999999803e-01 5.079780000000000406e-01
2.700000000000000000e+02 4.093890000000000029e-01 4.549199999999999910e-01 5.079709999999999503e-01
2.710000000000000000e+02 4.094409999999999994e-01 4.549579999999999735e-01 5.080249999999999488e-01
2.720000000000000000e+02 4.094929999999999959e-01 4.549940000000000095e-01 5.080689999999999928e-01
2.730000000000000000e+02 4.095429999999999904e-01 4.550310000000000188e-01 5.081170000000000408e-01
2.740000000000000000e+02 4.095790000000000264e-01 4.550549999999999873e-01 5.081459999999999866e-01
2.750000000000000000e+02 4.095650000000000124e-01 4.550270000000000148e-01 5.081339999999999746e-01
2.760000000000000000e+02 4.095449999999999924e-01 4.549889999999999768e-01 5.081130000000000368e-01
2.770000000000000000e+02 4.095280000000000031e-01 4.549590000000000023e-01 5.080879999999999841e-01
2.780000000000000000e+02 4.094909999999999939e-01 4.549079999999999790e-01 5.080529999999999768e-01
2.790000000000000000e+02 4.095219999999999971e-01 4.549270000000000258e-01 5.080839999999999801e-01
2.800000000000000000e+02 4.096350000000000269e-01 4.550250000000000128e-01 5.081940000000000346e-01
2.810000000000000000e+02 4.097430000000000239e-01 4.551229999999999998e-01 5.082969999999999988e-01
2.820000000000000000e+02 4.098120000000000096e-01 4.551760000000000250e-01 5.083649999999999558e-01
2.830000000000000000e+02 4.098419999999999841e-01 4.551970000000000183e-01 5.083980000000000166e-01
2.840000000000000000e+02 4.098410000000000108e-01 4.551839999999999775e-01 5.083929999999999838e-01
2.850000000000000000e+02 4.097990000000000244e-01 4.551299999999999790e-01 5.083469999999999933e-01
2.860000000000000000e+02 4.097580000000000111e-01 4.550730000000000053e-01 5.083100000000000396e-01
2.870000000000000000e+02 4.097029999999999839e-01 4.550069999999999948e-01 5.082489999999999508e-01
2.880000000000000000e+02 4.097020000000000106e-01 4.549900000000000055e-01 5.082459999999999756e-01
2.890000000000000000e+02 4.097189999999999999e-01 4.549980000000000135e-01 5.082649999999999668e-01
2.900000000000000000e+02 4.097750000000000004e-01 4.550390000000000268e-01 5.083199999999999941e-01
2.910000000000000000e+02 4.097790000000000044e-01 4.550310000000000188e-01 5.083199999999999941e-01
2.920000000000000000e+02 4.097970000000000224e-01 4.550350000000000228e-01 5.083360000000000101e-01
2.930000000000000000e+02 4.098089999999999788e-01 4.550370000000000248e-01 5.083450000000000468e-01
2.940000000000000000e+02 4.097890000000000144e-01 4.550060000000000215e-01 5.083189999999999653e-01
2.950000000000000000e+02 4.097379999999999911e-01 4.549420000000000130e-01 5.082649999999999668e-01
2.960000000000000000e+02 4.097199999999999731e-01 4.549139999999999850e-01 5.082489999999999508e-01
2.970000000000000000e+02 4.097540000000000071e-01 4.549380000000000090e-01 5.082849999999999868e-01
2.980000000000000000e+02 4.098049999999999748e-01 4.549799999999999955e-01 5.083290000000000308e-01
2.990000000000000000e+02 4.098660000000000081e-01 4.550330000000000208e-01 5.083910000000000373e-01
3.000000000000000000e+02 4.098780000000000201e-01 4.550319999999999920e-01 5.083999999999999631e-01
3.010000000000000000e+02 4.098930000000000073e-01 4.550330000000000208e-01 5.084100000000000286e-01
3.020000000000000000e+02 4.098499999999999921e-01 4.549799999999999955e-01 5.083670000000000133e-01
3.030000000000000000e+02 4.097620000000000151e-01 4.548849999999999838e-01 5.082750000000000323e-01
3.040000000000000000e+02 4.096819999999999906e-01 4.547900000000000276e-01 5.081949999999999523e-01
3.050000000000000000e+02 4.096719999999999806e-01 4.547749999999999848e-01 5.081870000000000553e-01
3.060000000000000000e+02 4.096859999999999946e-01 4.547780000000000156e-01 5.081940000000000346e-01
3.070000000000000000e+02 4.097600000000000131e-01 4.548429999999999973e-01 5.082670000000000243e-01
3.080000000000000000e+02 4.098419999999999841e-01 4.549170000000000158e-01 5.083469999999999933e-01
3.090000000000000000e+02 4.099249999999999838e-01 4.549869999999999748e-01 5.084319999999999951e-01
3.100000000000000000e+02 4.099430000000000018e-01 4.549940000000000095e-01 5.084450000000000358e-01
3.110000000000000000e+02 4.099019999999999886e-01 4.549449999999999883e-01 5.083929999999999838e-01
3.120000000000000000e+02 4.098019999999999996e-01 4.548360000000000181e-01 5.082999999999999741e-01
3.130000000000000000e+02 4.097239999999999771e-01 4.547479999999999856e-01 5.082210000000000338e-01
3.140000000000000000e+02 4.096770000000000134e-01 4.546859999999999791e-01 5.081660000000000066e-01
3.150000000000000000e+02 4.096980000000000066e-01 4.546999999999999931e-01 5.081890000000000018e-01
3.160000000000000000e+02 4.097700000000000231e-01 4.547629999999999728e-01 5.082579999999999876e-01
3.170000000000000000e+02 4.098519999999999941e-01 4.548349999999999893e-01 5.083410000000000428e-01
3.180000000000000000e+02 4.099130000000000273e-01 4.548869999999999858e-01 5.084039999999999671e-01
3.190000000000000000e+02 4.099320000000000186e-01 4.548969999999999958e-01 5.084229999999999583e-01
3.200000000000000000e+02 4.099119999999999986e-01 4.548659999999999926e-01 5.083940000000000126e-01
3.210000000000000000e+02 4.098550000000000249e-01 4.548050000000000148e-01 5.083440000000000181e-01
3.220000000000000000e+02 4.097959999999999936e-01 4.547350000000000003e-01 5.082790000000000363e-01
3.230000000000000000e+02 4.097660000000000191e-01 4.546919999999999851e-01 5.082449999999999468e-01
3.240000000000000000e+02 4.097899999999999876e-01 4.547100000000000031e-01 5.082719999999999461e-01
3.250000000000000000e+02 4.098339999999999761e-01 4.547459999999999836e-01 5.083119999999999861e-01
3.260000000000000000e+02 4.099059999999999926e-01 4.548110000000000208e-01 5.083830000000000293e-01
3.270000000000000000e+02 4.099840000000000151e-01 4.548780000000000046e-01 5.084629999999999983e-01
3.280000000000000000e+02 4.100260000000000016e-01 4.549090000000000078e-01 5.084999999999999520e-01
3.290000000000000000e+02 4.100059999999999816e-01 4.548840000000000106e-01 5.084800000000000431e-01
3.300000000000000000e+02 4.099590000000000178e-01 4.548249999999999793e-01 5.084309999999999663e-01
3.310000000000000000e+02 4.098609999999999753e-01 4.547200000000000131e-01 5.083379999999999566e-01
3.320000000000000000e+02 4.097870000000000124e-01 4.546370000000000133e-01 5.082579999999999876e-01
3.330000000000000000e+02 4.097600000000000131e-01 4.546040000000000081e-01 5.082320000000000171e-01
3.340000000000000000e+02 4.098109999999999808e-01 4.546439999999999926e-01 5.082849999999999868e-01
3.350000000000000000e+02 4.098439999999999861e-01 4.546700000000000186e-01 5.083130000000000148e-01
3.360000000000000000e+02 4.099019999999999886e-01 4.547180000000000111e-01 5.083619999999999806e-01
3.370000000000000000e+02 4.099200000000000066e-01 4.547280000000000211e-01 5.083790000000000253e-01
3.380000000000000000e+02 4.099300000000000166e-01 4.547309999999999963e-01 5.083950000000000413e-01
3.390000000000000000e+02 4.098910000000000053e-01 4.546839999999999771e-01 5.083469999999999933e-01
3.400000000000000000e+02 4.098459999999999881e-01 4.546350000000000113e-01 5.083069999999999533e-01
3.410000000000000000e+02 4.098249999999999948e-01 4.546029999999999793e-01 5.082820000000000116e-01
3.420000000000000000e+02 4.098510000000000209e-01 4.546229999999999993e-01 5.083090000000000108e-01
3.430000000000000000e+02 4.098890000000000033e-01 4.546589999999999798e-01 5.083520000000000261e-01
3.440000000000000000e+02 4.099280000000000146e-01 4.546879999999999811e-01 5.083910000000000373e-01
3.450000000000000000e+02 4.099740000000000051e-01 4.547209999999999863e-01 5.084330000000000238e-01
3.460000000000000000e+02 4.099900000000000211e-01 4.547320000000000251e-01 5.084480000000000111e-01
3.470000000000000000e+02 4.099820000000000131e-01 4.547169999999999823e-01 5.084429999999999783e-01
3.480000000000000000e+02 4.099610000000000198e-01 4.546899999999999831e-01 5.084180000000000366e-01
3.490000000000000000e+02 4.099180000000000046e-01 4.546410000000000173e-01 5.083760000000000501e-01
3.500000000000000000e+02 4.098789999999999933e-01 4.545950000000000268e-01 5.083339999999999526e-01
3.510000000000000000e+02 4.098729999999999873e-01 4.545770000000000088e-01 5.083290000000000308e-01
3.520000000000000000e+02 4.098919999999999786e-01 4.545919999999999961e-01 5.083469999999999933e-01
3.530000000000000000e+02 4.099169999999999758e-01 4.546089999999999853e-01 5.083649999999999558e-01
3.540000000000000000e+02 4.099490000000000078e-01 4.546350000000000113e-01 5.084009999999999918e-01
3.550000000000000000e+02 4.099670000000000258e-01 4.546430000000000193e-01 5.084159999999999791e-01
3.560000000000000000e+02 4.099809999999999843e-01 4.546499999999999986e-01 5.084269999999999623e-01
3.570000000000000000e+02 4.099630000000000218e-01 4.546239999999999726e-01 5.084079999999999711e-01
3.580000000000000000e+02 4.099140000000000006e-01 4.545699999999999741e-01 5.083560000000000301e-01
3.590000000000000000e+02 4.098769999999999913e-01 4.545259999999999856e-01 5.083210000000000228e-01
3.600000000000000000e+02 4.098709999999999853e-01 4.545179999999999776e-01 5.083149999999999613e-01
3.610000000000000000e+02 4.098849999999999993e-01 4.545230000000000103e-01 5.083259999999999446e-01
3.620000000000000000e+02 4.099119999999999986e-01 4.545420000000000016e-01 5.083499999999999686e-01
3.630000000000000000e+02 4.099630000000000218e-01 4.545870000000000188e-01 5.083990000000000453e-01
3.640000000000000000e+02 4.099889999999999923e-01 4.546069999999999833e-01 5.084279999999999911e-01
3.650000000000000000e+02 4.100030000000000063e-01 4.546109999999999873e-01 5.084349999999999703e-01
3.660000000000000000e+02 4.099840000000000151e-01 4.545899999999999941e-01 5.084170000000000078e-01
3.670000000000000000e+02 4.099579999999999891e-01 4.545560000000000156e-01 5.083929999999999838e-01
3.680000000000000000e+02 4.099409999999999998e-01 4.545339999999999936e-01 5.083710000000000173e-01
3.690000000000000000e+02 4.099269999999999858e-01 4.545170000000000043e-01 5.083560000000000301e-01
3.700000000000000000e+02 4.099240000000000106e-01 4.545069999999999943e-01 5.083530000000000548e-01
3.710000000000000000e+02 4.099450000000000038e-01 4.545190000000000063e-01 5.083750000000000213e-01
3.720000000000000000e+02 4.099760000000000071e-01 4.545480000000000076e-01 5.084030000000000493e-01
3.730000000000000000e+02 4.100010000000000043e-01 4.545640000000000236e-01 5.084250000000000158e-01
3.740000000000000000e+02 4.099990000000000023e-01 4.545569999999999888e-01 5.084239999999999871e-01
3.750000000000000000e+02 4.099929999999999963e-01 4.545460000000000056e-01 5.084170000000000078e-01
3.760000000000000000e+02 4.099559999999999871e-01 4.545009999999999883e-01 5.083809999999999718e-01
3.770000000000000000e+02 4.099039999999999906e-01 4.544449999999999878e-01 5.083269999999999733e-01
3.780000000000000000e+02 4.098519999999999941e-01 4.543900000000000161e-01 5.082740000000000036e-01
3.790000000000000000e+02 4.098339999999999761e-01 4.543650000000000189e-01 5.082560000000000411e-01
3.800000000000000000e+02 4.098379999999999801e-01 4.543610000000000149e-01 5.082609999999999628e-01
3.810000000000000000e+02 4.098809999999999953e-01 4.543960000000000221e-01 5.083020000000000316e-01
3.820000000000000000e+02 4.099309999999999898e-01 4.544409999999999838e-01 5.083539999999999726e-01
3.830000000000000000e+02 4.099510000000000098e-01 4.544549999999999979e-01 5.083750000000000213e-01
3.840000000000000000e+02 4.099610000000000198e-01 4.544619999999999771e-01 5.083809999999999718e-01
3.850000000000000000e+02 4.099439999999999751e-01 4.544400000000000106e-01 5.083619999999999806e-01
3.860000000000000000e+02 4.098990000000000133e-01 4.543900000000000161e-01 5.083189999999999653e-01
3.870000000000000000e+02 4.098370000000000068e-01 4.543249999999999789e-01 5.082630000000000203e-01
3.880000000000000000e+02 4.097939999999999916e-01 4.542780000000000151e-01 5.082170000000000298e-01
3.890000000000000000e+02 4.097759999999999736e-01 4.542550000000000199e-01 5.081989999999999563e-01
3.900000000000000000e+02 4.097899999999999876e-01 4.542599999999999971e-01 5.082079999999999931e-01
3.910000000000000000e+02 4.098200000000000176e-01 4.542869999999999964e-01 5.082370000000000498e-01
3.920000000000000000e+02 4.098370000000000068e-01 4.542979999999999796e-01 5.082510000000000083e-01
3.930000000000000000e+02 4.098530000000000229e-01 4.543090000000000184e-01 5.082649999999999668e-01
3.940000000000000000e+02 4.098499999999999921e-01 4.543019999999999836e-01 5.082630000000000203e-01
3.950000000000000000e+02 4.098249999999999948e-01 4.542749999999999844e-01 5.082430000000000003e-01
3.960000000000000000e+02 4.097890000000000144e-01 4.542309999999999959e-01 5.082010000000000138e-01
3.970000000000000000e+02 4.097609999999999864e-01 4.541939999999999866e-01 5.081689999999999818e-01
3.980000000000000000e+02 4.097540000000000071e-01 4.541859999999999786e-01 5.081679999999999531e-01
3.990000000000000000e+02 4.097620000000000151e-01 4.541899999999999826e-01 5.081729999999999858e-01
4.000000000000000000e+02 4.097750000000000004e-01 4.541970000000000174e-01 5.081830000000000513e-01
4.010000000000000000e+02 4.097779999999999756e-01 4.541939999999999866e-01 5.081870000000000553e-01
4.020000000000000000e+02 4.097870000000000124e-01 4.542010000000000214e-01 5.082010000000000138e-01
4.030000000000000000e+02 4.097930000000000184e-01 4.541999999999999926e-01 5.082029999999999603e-01
4.040000000000000000e+02 4.097740000000000271e-01 4.541769999999999974e-01 5.081849999999999978e-01
4.050000000000000000e+02 4.097500000000000031e-01 4.541439999999999921e-01 5.081550000000000233e-01
4.060000000000000000e+02 4.097180000000000266e-01 4.541100000000000136e-01 5.081240000000000201e-01
4.070000000000000000e+02 4.097020000000000106e-01 4.540870000000000184e-01 5.081080000000000041e-01
4.080000000000000000e+02 4.096819999999999906e-01 4.540669999999999984e-01 5.080900000000000416e-01
4.090000000000000000e+02 4.096870000000000234e-01 4.540600000000000191e-01 5.080839999999999801e-01
4.100000000000000000e+02 4.097029999999999839e-01 4.540779999999999816e-01 5.081020000000000536e-01
4.110000000000000000e+02 4.097330000000000139e-01 4.541020000000000056e-01 5.081309999999999993e-01
4.120000000000000000e+02 4.097439999999999971e-01 4.541080000000000116e-01 5.081390000000000073e-01
4.130000000000000000e+02 4.097399999999999931e-01 4.540980000000000016e-01 5.081390000000000073e-01
4.140000000000000000e+02 4.097359999999999891e-01 4.540919999999999956e-01 5.081329999999999458e-01
4.150000000000000000e+02 4.097239999999999771e-01 4.540730000000000044e-01 5.081179999999999586e-01
4.160000000000000000e+02 4.097060000000000146e-01 4.540580000000000171e-01 5.081020000000000536e-01
4.170000000000000000e+02 4.097020000000000106e-01 4.540429999999999744e-01 5.081010000000000248e-01
4.180000000000000000e+02 4.097080000000000166e-01 4.540500000000000091e-01 5.081050000000000288e-01
4.190000000000000000e+02 4.097330000000000139e-01 4.540649999999999964e-01 5.081350000000000033e-01
4.200000000000000000e+02 4.097529999999999784e-01 4.540830000000000144e-01 5.081499999999999906e-01
4.210000000000000000e+02 4.097469999999999724e-01 4.540719999999999756e-01 5.081360000000000321e-01
4.220000000000000000e+02 4.097379999999999911e-01 4.540580000000000171e-01 5.081280000000000241e-01
4.230000000000000000e+02 4.097120000000000206e-01 4.540319999999999911e-01 5.081080000000000041e-01
4.240000000000000000e+02 4.096549999999999914e-01 4.539659999999999807e-01 5.080440000000000511e-01
4.250000000000000000e+02 4.096230000000000149e-01 4.539270000000000249e-01 5.080130000000000479e-01
4.260000000000000000e+02 4.096239999999999881e-01 4.539259999999999962e-01 5.080130000000000479e-01
4.270000000000000000e+02 4.096239999999999881e-01 4.539239999999999942e-01 5.080109999999999904e-01
4.280000000000000000e+02 4.096600000000000241e-01 4.539549999999999974e-01 5.080440000000000511e-01
4.290000000000000000e+02 4.097140000000000226e-01 4.540049999999999919e-01 5.080970000000000208e-01
4.300000000000000000e+02 4.097239999999999771e-01 4.540129999999999999e-01 5.081050000000000288e-01
4.310000000000000000e+02 4.097259999999999791e-01 4.540109999999999979e-01 5.081109999999999793e-01
4.320000000000000000e+02 4.097149999999999959e-01 4.539960000000000107e-01 5.080940000000000456e-01
4.330000000000000000e+02 4.096830000000000194e-01 4.539619999999999767e-01 5.080700000000000216e-01
4.340000000000000000e+02 4.096440000000000081e-01 4.539159999999999862e-01 5.080249999999999488e-01
4.350000000000000000e+02 4.096239999999999881e-01 4.538920000000000177e-01 5.080019999999999536e-01
4.360000000000000000e+02 4.096040000000000236e-01 4.538670000000000204e-01 5.079829999999999623e-01
4.370000000000000000e+02 4.096119999999999761e-01 4.538719999999999977e-01 5.079939999999999456e-01
4.380000000000000000e+02 4.096279999999999921e-01 4.538869999999999849e-01 5.080090000000000439e-01
4.390000000000000000e+02 4.096629999999999994e-01 4.539150000000000129e-01 5.080470000000000264e-01
4.400000000000000000e+02 4.096779999999999866e-01 4.539259999999999962e-01 5.080620000000000136e-01
4.410000000000000000e+02 4.096790000000000154e-01 4.539239999999999942e-01 5.080590000000000384e-01
4.420000000000000000e+02 4.096639999999999726e-01 4.539050000000000029e-01 5.080459999999999976e-01
4.430000000000000000e+02 4.096310000000000229e-01 4.538699999999999957e-01 5.080170000000000519e-01
4.440000000000000000e+02 4.096000000000000196e-01 4.538329999999999864e-01 5.079839999999999911e-01
4.450000000000000000e+02 4.095920000000000116e-01 4.538240000000000052e-01 5.079749999999999543e-01
4.460000000000000000e+02 4.096080000000000276e-01 4.538349999999999884e-01 5.079939999999999456e-01
4.470000000000000000e+02 4.096179999999999821e-01 4.538449999999999984e-01 5.080059999999999576e-01
4.480000000000000000e+02 4.096440000000000081e-01 4.538610000000000144e-01 5.080270000000000064e-01
4.490000000000000000e+02 4.096500000000000141e-01 4.538659999999999917e-01 5.080280000000000351e-01
4.500000000000000000e+02 4.096409999999999774e-01 4.538539999999999797e-01 5.080209999999999448e-01
4.510000000000000000e+02 4.096239999999999881e-01 4.538340000000000152e-01 5.080000000000000071e-01
4.520000000000000000e+02 4.096020000000000216e-01 4.538119999999999932e-01 5.079820000000000446e-01
4.530000000000000000e+02 4.095799999999999996e-01 4.537849999999999939e-01 5.079580000000000206e-01
4.540000000000000000e+02 4.095770000000000244e-01 4.537760000000000127e-01 5.079519999999999591e-01
4.550000000000000000e+02 4.095849999999999769e-01 4.537809999999999899e-01 5.079599999999999671e-01
4.560000000000000000e+02 4.095969999999999889e-01 4.537930000000000019e-01 5.079730000000000079e-01
4.570000000000000000e+02 4.096150000000000069e-01 4.538059999999999872e-01 5.079869999999999663e-01
4.580000000000000000e+02 4.096400000000000041e-01 4.538249999999999784e-01 5.080120000000000191e-01
4.590000000000000000e+02 4.096560000000000201e-01 4.538389999999999924e-01 5.080320000000000391e-01
4.600000000000000000e+02 4.096569999999999934e-01 4.538360000000000172e-01 5.080339999999999856e-01
4.610000000000000000e+02 4.096429999999999794e-01 4.538220000000000032e-01 5.080209999999999448e-01
4.620000000000000000e+02 4.096310000000000229e-01 4.538050000000000139e-01 5.080050000000000399e-01
4.630000000000000000e+02 4.096130000000000049e-01 4.537840000000000207e-01 5.079829999999999623e-01
4.640000000000000000e+02 4.096080000000000276e-01 4.537740000000000107e-01 5.079839999999999911e-01
4.650000000000000000e+02 4.096130000000000049e-01 4.537760000000000127e-01 5.079850000000000199e-01
4.660000000000000000e+02 4.096179999999999821e-01 4.537800000000000167e-01 5.079919999999999991e-01
4.670000000000000000e+02 4.096270000000000189e-01 4.537869999999999959e-01 5.080050000000000399e-01
4.680000000000000000e+02 4.096330000000000249e-01 4.537889999999999979e-01 5.080050000000000399e-01
4.690000000000000000e+02 4.096250000000000169e-01 4.537820000000000187e-01 5.079960000000000031e-01
4.700000000000000000e+02 4.095989999999999909e-01 4.537470000000000114e-01 5.079719999999999791e-01
4.710000000000000000e+02 4.095799999999999996e-01 4.537289999999999934e-01 5.079489999999999839e-01
4.720000000000000000e+02 4.095619999999999816e-01 4.537039999999999962e-01 5.079310000000000214e-01
4.730000000000000000e+02 4.095429999999999904e-01 4.536830000000000029e-01 5.079129999999999479e-01
4.740000000000000000e+02 4.095280000000000031e-01 4.536609999999999809e-01 5.078949999999999854e-01
4.750000000000000000e+02 4.095280000000000031e-01 4.536629999999999829e-01 5.078960000000000141e-01
4.760000000000000000e+02 4.095289999999999764e-01 4.536589999999999789e-01 5.078960000000000141e-01
4.770000000000000000e+02 4.095300000000000051e-01 4.536549999999999749e-01 5.078989999999999894e-01
4.780000000000000000e+02 4.095320000000000071e-01 4.536560000000000037e-01 5.078979999999999606e-01
4.790000000000000000e+02 4.095360000000000111e-01 4.536569999999999769e-01 5.079000000000000181e-01
4.800000000000000000e+02 4.095210000000000239e-01 4.536419999999999897e-01 5.078869999999999774e-01
4.810000000000000000e+02 4.095119999999999871e-01 4.536319999999999797e-01 5.078780000000000516e-01
4.820000000000000000e+02 4.094990000000000019e-01 4.536120000000000152e-01 5.078639999999999821e-01
4.830000000000000000e+02 4.094720000000000026e-01 4.535870000000000180e-01 5.078380000000000116e-01
4.840000000000000000e+02 4.094459999999999766e-01 4.535549999999999859e-01 5.078139999999999876e-01
4.850000000000000000e+02 4.094349999999999934e-01 4.535399999999999987e-01 5.078030000000000044e-01
4.860000000000000000e+02 4.094309999999999894e-01 4.535310000000000175e-01 5.077970000000000539e-01
4.870000000000000000e+02 4.094269999999999854e-01 4.535279999999999867e-01 5.077939999999999676e-01
4.880000000000000000e+02 4.094380000000000241e-01 4.535359999999999947e-01 5.078000000000000291e-01
4.890000000000000000e+02 4.094439999999999746e-01 4.535379999999999967e-01 5.078030000000000044e-01
4.900000000000000000e+02 4.094430000000000014e-01 4.535319999999999907e-01 5.078030000000000044e-01
4.910000000000000000e+02 4.094329999999999914e-01 4.535230000000000095e-01 5.077920000000000211e-01
4.920000000000000000e+02 4.094240000000000101e-01 4.535100000000000242e-01 5.077829999999999844e-01
4.930000000000000000e+02 4.094189999999999774e-01 4.535020000000000162e-01 5.077760000000000051e-01
4.940000000000000000e+02 4.094160000000000021e-01 4.534940000000000082e-01 5.077760000000000051e-01
4.950000000000000000e+02 4.094220000000000081e-01 4.534960000000000102e-01 5.077810000000000379e-01
4.960000000000000000e+02 4.094369999999999954e-01 4.535069999999999935e-01 5.077939999999999676e-01
4.970000000000000000e+02 4.094360000000000221e-01 4.535069999999999935e-01 5.077920000000000211e-01
4.980000000000000000e+02 4.094289999999999874e-01 4.534940000000000082e-01 5.077869999999999884e-01
4.990000000000000000e+02 4.094280000000000141e-01 4.534889999999999755e-01 5.077850000000000419e-01
5.000000000000000000e+02 4.094220000000000081e-01 4.534799999999999942e-01 5.077760000000000051e-01
5.010000000000000000e+02 4.093999999999999861e-01 4.534569999999999990e-01 5.077549999999999564e-01
5.020000000000000000e+02 4.093999999999999861e-01 4.534540000000000237e-01 5.077589999999999604e-01
5.030000000000000000e+02 4.093990000000000129e-01 4.534489999999999910e-01 5.077530000000000099e-01
5.040000000000000000e+02 4.093860000000000277e-01 4.534340000000000037e-01 5.077369999999999939e-01
5.050000000000000000e+02 4.093789999999999929e-01 4.534239999999999937e-01 5.077279999999999571e-01
5.060000000000000000e+02 4.093829999999999969e-01 4.534299999999999997e-01 5.077359999999999651e-01
5.070000000000000000e+02 4.093899999999999761e-01 4.534290000000000265e-01 5.077420000000000266e-01
5.080000000000000000e+02 4.094019999999999881e-01 4.534380000000000077e-01 5.077540000000000386e-01
5.090000000000000000e+02 4.094039999999999901e-01 4.534440000000000137e-01 5.077580000000000426e-01
5.100000000000000000e+02 4.094010000000000149e-01 4.534380000000000077e-01 5.077530000000000099e-01
5.110000000000000000e+02 4.093970000000000109e-01 4.534320000000000017e-01 5.077530000000000099e-01
5.120000000000000000e+02 4.093890000000000029e-01 4.534130000000000105e-01 5.077390000000000514e-01
5.130000000000000000e+02 4.093769999999999909e-01 4.534059999999999757e-01 5.077310000000000434e-01
5.140000000000000000e+02 4.093899999999999761e-01 4.534139999999999837e-01 5.077390000000000514e-01
5.150000000000000000e+02 4.094019999999999881e-01 4.534270000000000245e-01 5.077540000000000386e-01
5.160000000000000000e+02 4.094079999999999941e-01 4.534290000000000265e-01 5.077580000000000426e-01
5.170000000000000000e+02 4.094090000000000229e-01 4.534270000000000245e-01 5.077589999999999604e-01
5.180000000000000000e+02 4.093979999999999841e-01 4.534179999999999877e-01 5.077549999999999564e-01
5.190000000000000000e+02 4.093769999999999909e-01 4.533909999999999885e-01 5.077209999999999779e-01
5.200000000000000000e+02 4.093609999999999749e-01 4.533769999999999745e-01 5.077159999999999451e-01
5.210000000000000000e+02 4.093419999999999837e-01 4.533559999999999812e-01 5.076910000000000034e-01
5.220000000000000000e+02 4.093260000000000232e-01 4.533360000000000167e-01 5.076760000000000161e-01
5.230000000000000000e+02 4.093220000000000192e-01 4.533329999999999860e-01 5.076739999999999586e-01
5.240000000000000000e+02 4.093330000000000024e-01 4.533420000000000227e-01 5.076850000000000529e-01
5.250000000000000000e+02 4.093430000000000124e-01 4.533479999999999732e-01 5.076929999999999499e-01
5.260000000000000000e+02 4.093499999999999917e-01 4.533530000000000060e-01 5.077009999999999579e-01
5.270000000000000000e+02 4.093600000000000017e-01 4.533570000000000100e-01 5.077059999999999906e-01
5.280000000000000000e+02 4.093559999999999977e-01 4.533510000000000040e-01 5.077019999999999866e-01
5.290000000000000000e+02 4.093379999999999797e-01 4.533340000000000147e-01 5.076789999999999914e-01
5.300000000000000000e+02 4.093180000000000152e-01 4.533130000000000215e-01 5.076619999999999466e-01
5.310000000000000000e+02 4.093089999999999784e-01 4.532990000000000075e-01 5.076490000000000169e-01
5.320000000000000000e+02 4.093080000000000052e-01 4.532930000000000015e-01 5.076509999999999634e-01
5.330000000000000000e+02 4.093089999999999784e-01 4.532970000000000055e-01 5.076549999999999674e-01
5.340000000000000000e+02 4.093169999999999864e-01 4.532959999999999767e-01 5.076600000000000001e-01
5.350000000000000000e+02 4.093180000000000152e-01 4.532950000000000035e-01 5.076659999999999506e-01
5.360000000000000000e+02 4.093160000000000132e-01 4.532950000000000035e-01 5.076589999999999714e-01
5.370000000000000000e+02 4.093060000000000032e-01 4.532840000000000202e-01 5.076460000000000417e-01
5.380000000000000000e+02 4.093019999999999992e-01 4.532769999999999855e-01 5.076460000000000417e-01
5.390000000000000000e+02 4.092970000000000219e-01 4.532740000000000102e-01 5.076410000000000089e-01
5.400000000000000000e+02 4.092870000000000119e-01 4.532610000000000250e-01 5.076279999999999681e-01
5.410000000000000000e+02 4.092939999999999912e-01 4.532649999999999735e-01 5.076370000000000049e-01
5.420000000000000000e+02 4.093019999999999992e-01 4.532700000000000062e-01 5.076450000000000129e-01
5.430000000000000000e+02 4.092999999999999972e-01 4.532669999999999755e-01 5.076450000000000129e-01
5.440000000000000000e+02 4.093010000000000259e-01 4.532649999999999735e-01 5.076450000000000129e-01
5.450000000000000000e+02 4.093189999999999884e-01 4.532820000000000182e-01 5.076610000000000289e-01
5.460000000000000000e+02 4.093289999999999984e-01 4.532820000000000182e-01 5.076699999999999546e-01
5.470000000000000000e+02 4.093280000000000252e-01 4.532829999999999915e-01 5.076699999999999546e-01
5.480000000000000000e+02 4.093339999999999756e-01 4.532889999999999975e-01 5.076749999999999874e-01
5.490000000000000000e+02 4.093350000000000044e-01 4.532840000000000202e-01 5.076709999999999834e-01
5.500000000000000000e+02 4.093289999999999984e-01 4.532769999999999855e-01 5.076699999999999546e-01
5.510000000000000000e+02 4.093209999999999904e-01 4.532720000000000082e-01 5.076650000000000329e-01
5.520000000000000000e+02 4.093169999999999864e-01 4.532610000000000250e-01 5.076580000000000537e-01
5.530000000000000000e+02 4.093140000000000112e-01 4.532590000000000230e-01 5.076559999999999961e-01
5.540000000000000000e+02 4.093129999999999824e-01 4.532610000000000250e-01 5.076530000000000209e-01
5.550000000000000000e+02 4.093080000000000052e-01 4.532510000000000150e-01 5.076479999999999881e-01
5.560000000000000000e+02 4.093129999999999824e-01 4.532530000000000170e-01 5.076540000000000497e-01
5.570000000000000000e+02 4.093140000000000112e-01 4.532539999999999902e-01 5.076580000000000537e-01
5.580000000000000000e+02 4.093160000000000132e-01 4.532539999999999902e-01 5.076540000000000497e-01
5.590000000000000000e+02 4.093089999999999784e-01 4.532439999999999802e-01 5.076500000000000457e-01
5.600000000000000000e+02 4.093040000000000012e-01 4.532390000000000030e-01 5.076429999999999554e-01
5.610000000000000000e+02 4.092930000000000179e-01 4.532209999999999850e-01 5.076310000000000544e-01
5.620000000000000000e+02 4.092890000000000139e-01 4.532149999999999790e-01 5.076319999999999721e-01
5.630000000000000000e+02 4.092919999999999892e-01 4.532189999999999830e-01 5.076319999999999721e-01
5.640000000000000000e+02 4.093029999999999724e-01 4.532309999999999950e-01 5.076479999999999881e-01
5.650000000000000000e+02 4.093060000000000032e-01 4.532349999999999990e-01 5.076450000000000129e-01
5.660000000000000000e+02 4.093129999999999824e-01 4.532370000000000010e-01 5.076530000000000209e-01
5.670000000000000000e+02 4.093100000000000072e-01 4.532349999999999990e-01 5.076570000000000249e-01
5.680000000000000000e+02 4.093080000000000052e-01 4.532340000000000257e-01 5.076500000000000457e-01
5.690000000000000000e+02 4.092970000000000219e-01 4.532169999999999810e-01 5.076429999999999554e-01
5.700000000000000000e+02 4.092899999999999872e-01 4.532070000000000265e-01 5.076300000000000257e-01
5.710000000000000000e+02 4.092890000000000139e-01 4.532010000000000205e-01 5.076359999999999761e-01
5.720000000000000000e+02 4.092939999999999912e-01 4.532050000000000245e-01 5.076380000000000337e-01
5.730000000000000000e+02 4.092870000000000119e-01 4.531959999999999877e-01 5.076270000000000504e-01
5.740000000000000000e+02 4.092819999999999792e-01 4.531859999999999777e-01 5.076209999999999889e-01
5.750000000000000000e+02 4.092830000000000079e-01 4.531859999999999777e-01 5.076209999999999889e-01
5.760000000000000000e+02 4.092749999999999999e-01 4.531769999999999965e-01 5.076119999999999521e-01
5.770000000000000000e+02 4.092620000000000147e-01 4.531660000000000132e-01 5.076100000000000056e-01
5.780000000000000000e+02 4.092640000000000167e-01 4.531649999999999845e-01 5.076049999999999729e-01
5.790000000000000000e+02 4.092640000000000167e-01 4.531620000000000092e-01 5.076040000000000552e-01
5.800000000000000000e+02 4.092669999999999919e-01 4.531649999999999845e-01 5.076019999999999976e-01
5.810000000000000000e+02 4.092660000000000187e-01 4.531649999999999845e-01 5.076089999999999769e-01
5.820000000000000000e+02 4.092609999999999859e-01 4.531580000000000052e-01 5.075950000000000184e-01
5.830000000000000000e+02 4.092560000000000087e-01 4.531499999999999972e-01 5.075889999999999569e-01
5.840000000000000000e+02 4.092549999999999799e-01 4.531490000000000240e-01 5.075950000000000184e-01
5.850000000000000000e+02 4.092500000000000027e-01 4.531439999999999912e-01 5.075840000000000352e-01
5.860000000000000000e+02 4.092399999999999927e-01 4.531339999999999812e-01 5.075800000000000312e-01
5.870000000000000000e+02 4.092399999999999927e-01 4.531279999999999752e-01 5.075779999999999736e-01
5.880000000000000000e+02 4.092390000000000194e-01 4.531279999999999752e-01 5.075760000000000272e-01
5.890000000000000000e+02 4.092399999999999927e-01 4.531299999999999772e-01 5.075749999999999984e-01
5.900000000000000000e+02 4.092419999999999947e-01 4.531259999999999732e-01 5.075830000000000064e-01
5.910000000000000000e+02 4.092450000000000254e-01 4.531299999999999772e-01 5.075830000000000064e-01
5.920000000000000000e+02 4.092390000000000194e-01 4.531250000000000000e-01 5.075800000000000312e-01
5.930000000000000000e+02 4.092299999999999827e-01 4.531129999999999880e-01 5.075690000000000479e-01
5.940000000000000000e+02 4.092189999999999994e-01 4.530989999999999740e-01 5.075610000000000399e-01
5.950000000000000000e+02 4.092120000000000202e-01 4.530959999999999988e-01 5.075509999999999744e-01
5.960000000000000000e+02 4.092219999999999747e-01 4.530950000000000255e-01 5.075539999999999496e-01
5.970000000000000000e+02 4.092239999999999767e-01 4.531000000000000028e-01 5.075619999999999576e-01
5.980000000000000000e+02 4.092210000000000014e-01 4.530919999999999948e-01 5.075570000000000359e-01
5.990000000000000000e+02 4.092239999999999767e-01 4.530950000000000255e-01 5.075570000000000359e-01
6.000000000000000000e+02 4.092239999999999767e-01 4.530930000000000235e-01 5.075589999999999824e-01
6.010000000000000000e+02 4.092160000000000242e-01 4.530870000000000175e-01 5.075520000000000032e-01
6.020000000000000000e+02 4.092210000000000014e-01 4.530879999999999908e-01 5.075530000000000319e-01
6.030000000000000000e+02 4.092359999999999887e-01 4.530980000000000008e-01 5.075650000000000439e-01
6.040000000000000000e+02 4.092410000000000214e-01 4.531049999999999800e-01 5.075709999999999944e-01
6.050000000000000000e+02 4.092430000000000234e-01 4.531069999999999820e-01 5.075800000000000312e-01
6.060000000000000000e+02 4.092549999999999799e-01 4.531160000000000188e-01 5.075840000000000352e-01
6.070000000000000000e+02 4.092390000000000194e-01 4.531040000000000068e-01 5.075769999999999449e-01
6.080000000000000000e+02 4.092299999999999827e-01 4.530890000000000195e-01 5.075680000000000192e-01
6.090000000000000000e+02 4.092239999999999767e-01 4.530790000000000095e-01 5.075579999999999536e-01
6.100000000000000000e+02 4.092080000000000162e-01 4.530649999999999955e-01 5.075450000000000239e-01
6.110000000000000000e+02 4.091910000000000269e-01 4.530440000000000023e-01 5.075229999999999464e-01
6.120000000000000000e+02 4.091949999999999754e-01 4.530509999999999815e-01 5.075319999999999832e-01
6.130000000000000000e+02 4.092060000000000142e-01 4.530540000000000123e-01 5.075370000000000159e-01
6.140000000000000000e+02 4.092060000000000142e-01 4.530620000000000203e-01 5.075460000000000527e-01
6.150000000000000000e+02 4.092109999999999914e-01 4.530589999999999895e-01 5.075420000000000487e-01
6.160000000000000000e+02 4.092239999999999767e-01 4.530680000000000263e-01 5.075589999999999824e-01
6.170000000000000000e+02 4.092250000000000054e-01 4.530730000000000035e-01 5.075610000000000399e-01
6.180000000000000000e+02 4.092189999999999994e-01 4.530620000000000203e-01 5.075509999999999744e-01
6.190000000000000000e+02 4.092189999999999994e-01 4.530640000000000223e-01 5.075499999999999456e-01
6.200000000000000000e+02 4.092140000000000222e-01 4.530569999999999875e-01 5.075450000000000239e-01
6.210000000000000000e+02 4.092080000000000162e-01 4.530529999999999835e-01 5.075450000000000239e-01
6.220000000000000000e+02 4.092080000000000162e-01 4.530420000000000003e-01 5.075469999999999704e-01
6.230000000000000000e+02 4.092129999999999934e-01 4.530469999999999775e-01 5.075479999999999992e-01
6.240000000000000000e+02 4.092149999999999954e-01 4.530489999999999795e-01 5.075539999999999496e-01
6.250000000000000000e+02 4.092250000000000054e-01 4.530580000000000163e-01 5.075600000000000112e-01
6.260000000000000000e+02 4.092310000000000114e-01 4.530620000000000203e-01 5.075659999999999616e-01
6.270000000000000000e+02 4.092419999999999947e-01 4.530699999999999728e-01 5.075809999999999489e-01
6.280000000000000000e+02 4.092459999999999987e-01 4.530759999999999788e-01 5.075859999999999816e-01
6.290000000000000000e+02 4.092439999999999967e-01 4.530689999999999995e-01 5.075819999999999776e-01
6.300000000000000000e+02 4.092459999999999987e-01 4.530710000000000015e-01 5.075809999999999489e-01
6.310000000000000000e+02 4.092419999999999947e-01 4.530660000000000243e-01 5.075739999999999696e-01
6.320000000000000000e+02 4.092399999999999927e-01 4.530609999999999915e-01 5.075730000000000519e-01
6.330000000000000000e+02 4.092399999999999927e-01 4.530669999999999975e-01 5.075749999999999984e-01
6.340000000000000000e+02 4.092520000000000047e-01 4.530790000000000095e-01 5.075859999999999816e-01
6.350000000000000000e+02 4.092620000000000147e-01 4.530859999999999888e-01 5.075920000000000432e-01
6.360000000000000000e+02 4.092729999999999979e-01 4.531009999999999760e-01 5.076100000000000056e-01
6.370000000000000000e+02 4.092859999999999832e-01 4.531069999999999820e-01 5.076209999999999889e-01
6.380000000000000000e+02 4.092850000000000099e-01 4.531100000000000128e-01 5.076169999999999849e-01
6.390000000000000000e+02 4.092910000000000159e-01 4.531080000000000108e-01 5.076220000000000176e-01
6.400000000000000000e+02 4.092830000000000079e-01 4.531009999999999760e-01 5.076150000000000384e-01
6.410000000000000000e+02 4.092729999999999979e-01 4.530919999999999948e-01 5.076070000000000304e-01
6.420000000000000000e+02 4.092729999999999979e-01 4.530910000000000215e-01 5.076079999999999481e-01
6.430000000000000000e+02 4.092720000000000247e-01 4.530859999999999888e-01 5.076089999999999769e-01
6.440000000000000000e+02 4.092709999999999959e-01 4.530910000000000215e-01 5.076119999999999521e-01
6.450000000000000000e+02 4.092740000000000267e-01 4.530839999999999868e-01 5.076079999999999481e-01
6.460000000000000000e+02 4.092720000000000247e-01 4.530819999999999848e-01 5.076089999999999769e-01
6.470000000000000000e+02 4.092620000000000147e-01 4.530719999999999748e-01 5.075960000000000472e-01
6.480000000000000000e+02 4.092580000000000107e-01 4.530649999999999955e-01 5.075929999999999609e-01
6.490000000000000000e+02 4.092480000000000007e-01 4.530569999999999875e-01 5.075809999999999489e-01
6.500000000000000000e+02 4.092439999999999967e-01 4.530489999999999795e-01 5.075819999999999776e-01
6.510000000000000000e+02 4.092489999999999739e-01 4.530460000000000043e-01 5.075830000000000064e-01
6.520000000000000000e+02 4.092520000000000047e-01 4.530540000000000123e-01 5.075859999999999816e-01
6.530000000000000000e+02 4.092560000000000087e-01 4.530520000000000103e-01 5.075929999999999609e-01
6.540000000000000000e+02 4.092569999999999819e-01 4.530529999999999835e-01 5.075950000000000184e-01
6.550000000000000000e+02 4.092589999999999839e-01 4.530549999999999855e-01 5.075979999999999936e-01
6.560000000000000000e+02 4.092560000000000087e-01 4.530509999999999815e-01 5.075849999999999529e-01
6.570000000000000000e+02 4.092480000000000007e-01 4.530449999999999755e-01 5.075849999999999529e-01
6.580000000000000000e+02 4.092500000000000027e-01 4.530370000000000230e-01 5.075849999999999529e-01
6.590000000000000000e+02 4.092520000000000047e-01 4.530410000000000270e-01 5.075870000000000104e-01
6.600000000000000000e+02 4.092560000000000087e-01 4.530449999999999755e-01 5.075920000000000432e-01
6.610000000000000000e+02 4.092649999999999899e-01 4.530489999999999795e-01 5.075939999999999896e-01
6.620000000000000000e+02 4.092660000000000187e-01 4.530469999999999775e-01 5.075960000000000472e-01
6.630000000000000000e+02 4.092629999999999879e-01 4.530469999999999775e-01 5.075899999999999856e-01
6.640000000000000000e+02 4.092509999999999759e-01 4.530319999999999903e-01 5.075809999999999489e-01
6.650000000000000000e+02 4.092419999999999947e-01 4.530210000000000070e-01 5.075720000000000232e-01
6.660000000000000000e+02 4.092419999999999947e-01 4.530179999999999763e-01 5.075709999999999944e-01
6.670000000000000000e+02 4.092450000000000254e-01 4.530239999999999823e-01 5.075749999999999984e-01
6.680000000000000000e+02 4.092489999999999739e-01 4.530250000000000110e-01 5.075760000000000272e-01
6.690000000000000000e+02 4.092509999999999759e-01 4.530299999999999883e-01 5.075809999999999489e-01
6.700000000000000000e+02 4.092589999999999839e-01 4.530350000000000210e-01 5.075859999999999816e-01
6.710000000000000000e+02 4.092580000000000107e-01 4.530350000000000210e-01 5.075880000000000392e-01
6.720000000000000000e+02 4.092560000000000087e-01 4.530330000000000190e-01 5.075939999999999896e-01
6.730000000000000000e+02 4.092540000000000067e-01 4.530270000000000130e-01 5.075910000000000144e-01
6.740000000000000000e+02 4.092620000000000147e-01 4.530330000000000190e-01 5.075889999999999569e-01
6.750000000000000000e+02 4.092549999999999799e-01 4.530259999999999843e-01 5.075939999999999896e-01
6.760000000000000000e+02 4.092609999999999859e-01 4.530290000000000150e-01 5.075920000000000432e-01
6.770000000000000000e+02 4.092609999999999859e-01 4.530279999999999863e-01 5.075910000000000144e-01
6.780000000000000000e+02 4.092620000000000147e-01 4.530299999999999883e-01 5.075950000000000184e-01
6.790000000000000000e+02 4.092660000000000187e-01 4.530339999999999923e-01 5.075969999999999649e-01
6.800000000000000000e+02 4.092629999999999879e-01 4.530290000000000150e-01 5.075960000000000472e-01
6.810000000000000000e+02 4.092549999999999799e-01 4.530190000000000050e-01 5.075899999999999856e-01
6.820000000000000000e+02 4.092560000000000087e-01 4.530170000000000030e-01 5.075870000000000104e-01
6.830000000000000000e+02 4.092549999999999799e-01 4.530139999999999723e-01 5.075859999999999816e-01
6.840000000000000000e+02 4.092569999999999819e-01 4.530109999999999970e-01 5.075880000000000392e-01
6.850000000000000000e+02 4.092649999999999899e-01 4.530199999999999783e-01 5.075910000000000144e-01
6.860000000000000000e+02 4.092759999999999732e-01 4.530299999999999883e-01 5.076049999999999729e-01
6.870000000000000000e+02 4.092790000000000039e-01 4.530330000000000190e-01 5.076119999999999521e-01
6.880000000000000000e+02 4.092830000000000079e-01 4.530390000000000250e-01 5.076150000000000384e-01
6.890000000000000000e+02 4.092759999999999732e-01 4.530299999999999883e-01 5.076119999999999521e-01
6.900000000000000000e+02 4.092729999999999979e-01 4.530230000000000090e-01 5.075979999999999936e-01
6.910000000000000000e+02 4.092709999999999959e-01 4.530210000000000070e-01 5.076060000000000016e-01
6.920000000000000000e+02 4.092720000000000247e-01 4.530199999999999783e-01 5.076009999999999689e-01
6.930000000000000000e+02 4.092740000000000267e-01 4.530179999999999763e-01 5.076019999999999976e-01
6.940000000000000000e+02 4.092819999999999792e-01 4.530190000000000050e-01 5.076119999999999521e-01
6.950000000000000000e+02 4.092919999999999892e-01 4.530150000000000010e-01 5.076239999999999641e-01
6.960000000000000000e+02 4.092990000000000239e-01 4.530120000000000258e-01 5.076260000000000217e-01
6.970000000000000000e+02 4.093100000000000072e-01 4.530040000000000178e-01 5.076340000000000297e-01
6.980000000000000000e+02 4.093220000000000192e-01 4.529969999999999830e-01 5.076420000000000377e-01
6.990000000000000000e+02 4.093359999999999776e-01 4.529799999999999938e-01 5.076509999999999634e-01
7.000000000000000000e+02 4.093490000000000184e-01 4.529650000000000065e-01 5.076629999999999754e-01
7.010000000000000000e+02 4.093620000000000037e-01 4.529460000000000153e-01 5.076709999999999834e-01
7.020000000000000000e+02 4.093769999999999909e-01 4.529380000000000073e-01 5.076829999999999954e-01
7.030000000000000000e+02 4.093919999999999781e-01 4.529250000000000220e-01 5.076950000000000074e-01
7.040000000000000000e+02 4.094050000000000189e-01 4.529170000000000140e-01 5.077099999999999946e-01
7.050000000000000000e+02 4.094180000000000041e-01 4.529110000000000080e-01 5.077209999999999779e-01
7.060000000000000000e+02 4.094320000000000181e-01 4.529039999999999733e-01 5.077340000000000186e-01
7.070000000000000000e+02 4.094439999999999746e-01 4.529009999999999980e-01 5.077439999999999731e-01
7.080000000000000000e+02 4.094539999999999846e-01 4.528969999999999940e-01 5.077549999999999564e-01
7.090000000000000000e+02 4.094639999999999946e-01 4.528969999999999940e-01 5.077629999999999644e-01
7.100000000000000000e+02 4.094709999999999739e-01 4.528940000000000188e-01 5.077679999999999971e-01
7.110000000000000000e+02 4.094740000000000046e-01 4.528929999999999900e-01 5.077690000000000259e-01
7.120000000000000000e+02 4.094769999999999799e-01 4.528909999999999880e-01 5.077739999999999476e-01
7.130000000000000000e+02 4.094769999999999799e-01 4.528909999999999880e-01 5.077749999999999764e-01
7.140000000000000000e+02 4.094780000000000086e-01 4.528889999999999860e-01 5.077749999999999764e-01
7.150000000000000000e+02 4.094769999999999799e-01 4.528889999999999860e-01 5.077739999999999476e-01
7.160000000000000000e+02 4.094769999999999799e-01 4.528889999999999860e-01 5.077739999999999476e-01
7.170000000000000000e+02 4.094769999999999799e-01 4.528900000000000148e-01 5.077749999999999764e-01
7.180000000000000000e+02 4.094769999999999799e-01 4.528900000000000148e-01 5.077749999999999764e-01
7.190000000000000000e+02 4.094780000000000086e-01 4.528900000000000148e-01 5.077749999999999764e-01
7.200000000000000000e+02 4.094780000000000086e-01 4.528900000000000148e-01 5.077749999999999764e-01
7.210000000000000000e+02 4.094780000000000086e-01 4.528909999999999880e-01 5.077749999999999764e-01
7.220000000000000000e+02 4.094780000000000086e-01 4.528909999999999880e-01 5.077760000000000051e-01
7.230000000000000000e+02 4.094780000000000086e-01 4.528909999999999880e-01 5.077760000000000051e-01
7.240000000000000000e+02 4.094789999999999819e-01 4.528909999999999880e-01 5.077760000000000051e-01
7.250000000000000000e+02 4.094789999999999819e-01 4.528909999999999880e-01 5.077760000000000051e-01
7.260000000000000000e+02 4.094789999999999819e-01 4.528920000000000168e-01 5.077770000000000339e-01
7.270000000000000000e+02 4.094789999999999819e-01 4.528920000000000168e-01 5.077770000000000339e-01
7.280000000000000000e+02 4.094800000000000106e-01 4.528920000000000168e-01 5.077770000000000339e-01
7.290000000000000000e+02 4.094800000000000106e-01 4.528920000000000168e-01 5.077770000000000339e-01
7.300000000000000000e+02 4.094800000000000106e-01 4.528929999999999900e-01 5.077779999999999516e-01
7.310000000000000000e+02 4.094800000000000106e-01 4.528929999999999900e-01 5.077779999999999516e-01
7.320000000000000000e+02 4.094800000000000106e-01 4.528929999999999900e-01 5.077779999999999516e-01
7.330000000000000000e+02 4.094809999999999839e-01 4.528929999999999900e-01 5.077779999999999516e-01
7.340000000000000000e+02 4.094809999999999839e-01 4.528929999999999900e-01 5.077779999999999516e-01
7.350000000000000000e+02 4.094809999999999839e-01 4.528940000000000188e-01 5.077789999999999804e-01
7.360000000000000000e+02 4.094809999999999839e-01 4.528940000000000188e-01 5.077789999999999804e-01
7.370000000000000000e+02 4.094809999999999839e-01 4.528940000000000188e-01 5.077789999999999804e-01
7.380000000000000000e+02 4.094820000000000126e-01 4.528940000000000188e-01 5.077789999999999804e-01
7.390000000000000000e+02 4.094820000000000126e-01 4.528949999999999920e-01 5.077789999999999804e-01
7.400000000000000000e+02 4.094820000000000126e-01 4.528949999999999920e-01 5.077800000000000091e-01
7.410000000000000000e+02 4.094820000000000126e-01 4.528949999999999920e-01 5.077800000000000091e-01
7.420000000000000000e+02 4.094829999999999859e-01 4.528949999999999920e-01 5.077800000000000091e-01
7.430000000000000000e+02 4.094829999999999859e-01 4.528949999999999920e-01 5.077800000000000091e-01
7.440000000000000000e+02 4.094829999999999859e-01 4.528960000000000208e-01 5.077800000000000091e-01
7.450000000000000000e+02 4.094829999999999859e-01 4.528960000000000208e-01 5.077810000000000379e-01
7.460000000000000000e+02 4.094829999999999859e-01 4.528960000000000208e-01 5.077810000000000379e-01
7.470000000000000000e+02 4.094840000000000146e-01 4.528960000000000208e-01 5.077810000000000379e-01
7.480000000000000000e+02 4.094840000000000146e-01 4.528960000000000208e-01 5.077810000000000379e-01
7.490000000000000000e+02 4.094840000000000146e-01 4.528969999999999940e-01 5.077819999999999556e-01
7.500000000000000000e+02 4.094840000000000146e-01 4.528969999999999940e-01 5.077819999999999556e-01
7.510000000000000000e+02 4.094840000000000146e-01 4.528969999999999940e-01 5.077819999999999556e-01
7.520000000000000000e+02 4.094849999999999879e-01 4.528969999999999940e-01 5.077819999999999556e-01
7.530000000000000000e+02 4.094849999999999879e-01 4.528969999999999940e-01 5.077819999999999556e-01
7.540000000000000000e+02 4.094849999999999879e-01 4.528980000000000228e-01 5.077829999999999844e-01
7.550000000000000000e+02 4.094849999999999879e-01 4.528980000000000228e-01 5.077829999999999844e-01
7.560000000000000000e+02 4.094849999999999879e-01 4.528980000000000228e-01 5.077829999999999844e-01
7.570000000000000000e+02 4.094860000000000166e-01 4.528980000000000228e-01 5.077829999999999844e-01
7.580000000000000000e+02 4.094860000000000166e-01 4.528980000000000228e-01 5.077829999999999844e-01
7.590000000000000000e+02 4.094860000000000166e-01 4.528989999999999960e-01 5.077840000000000131e-01
7.600000000000000000e+02 4.094860000000000166e-01 4.528989999999999960e-01 5.077840000000000131e-01
7.610000000000000000e+02 4.094869999999999899e-01 4.528989999999999960e-01 5.077840000000000131e-01
7.620000000000000000e+02 4.094869999999999899e-01 4.528989999999999960e-01 5.077840000000000131e-01
7.630000000000000000e+02 4.094869999999999899e-01 4.528989999999999960e-01 5.077840000000000131e-01
7.640000000000000000e+02 4.094869999999999899e-01 4.529000000000000248e-01 5.077850000000000419e-01
7.650000000000000000e+02 4.094869999999999899e-01 4.529000000000000248e-01 5.077850000000000419e-01
7.660000000000000000e+02 4.094869999999999899e-01 4.529000000000000248e-01 5.077850000000000419e-01
7.670000000000000000e+02 4.094880000000000186e-01 4.529000000000000248e-01 5.077850000000000419e-01
7.680000000000000000e+02 4.094880000000000186e-01 4.529000000000000248e-01 5.077850000000000419e-01
7.690000000000000000e+02 4.094880000000000186e-01 4.529009999999999980e-01 5.077859999999999596e-01
7.700000000000000000e+02 4.094880000000000186e-01 4.529009999999999980e-01 5.077859999999999596e-01
7.710000000000000000e+02 4.094880000000000186e-01 4.529009999999999980e-01 5.077859999999999596e-01
7.720000000000000000e+02 4.094889999999999919e-01 4.529009999999999980e-01 5.077859999999999596e-01
7.730000000000000000e+02 4.094889999999999919e-01 4.529009999999999980e-01 5.077859999999999596e-01
7.740000000000000000e+02 4.094889999999999919e-01 4.529020000000000268e-01 5.077869999999999884e-01
7.750000000000000000e+02 4.094889999999999919e-01 4.529020000000000268e-01 5.077869999999999884e-01
7.760000000000000000e+02 4.094889999999999919e-01 4.529020000000000268e-01 5.077869999999999884e-01
7.770000000000000000e+02 4.094900000000000206e-01 4.529020000000000268e-01 5.077869999999999884e-01
7.780000000000000000e+02 4.094900000000000206e-01 4.529020000000000268e-01 5.077869999999999884e-01
7.790000000000000000e+02 4.094900000000000206e-01 4.529030000000000000e-01 5.077880000000000171e-01
7.800000000000000000e+02 4.094900000000000206e-01 4.529030000000000000e-01 5.077880000000000171e-01
7.810000000000000000e+02 4.094900000000000206e-01 4.529030000000000000e-01 5.077880000000000171e-01
7.820000000000000000e+02 4.094909999999999939e-01 4.529030000000000000e-01 5.077880000000000171e-01
7.830000000000000000e+02 4.094909999999999939e-01 4.529030000000000000e-01 5.077880000000000171e-01
7.840000000000000000e+02 4.094909999999999939e-01 4.529039999999999733e-01 5.077880000000000171e-01
7.850000000000000000e+02 4.094909999999999939e-01 4.529039999999999733e-01 5.077890000000000459e-01
7.860000000000000000e+02 4.094909999999999939e-01 4.529039999999999733e-01 5.077890000000000459e-01
7.870000000000000000e+02 4.094920000000000226e-01 4.529039999999999733e-01 5.077890000000000459e-01
7.880000000000000000e+02 4.094920000000000226e-01 4.529039999999999733e-01 5.077890000000000459e-01
7.890000000000000000e+02 4.094920000000000226e-01 4.529039999999999733e-01 5.077890000000000459e-01
7.900000000000000000e+02 4.094920000000000226e-01 4.529050000000000020e-01 5.077899999999999636e-01
7.910000000000000000e+02 4.094920000000000226e-01 4.529050000000000020e-01 5.077899999999999636e-01
7.920000000000000000e+02 4.094920000000000226e-01 4.529050000000000020e-01 5.077899999999999636e-01
7.930000000000000000e+02 4.094929999999999959e-01 4.529050000000000020e-01 5.077899999999999636e-01
7.940000000000000000e+02 4.094929999999999959e-01 4.529050000000000020e-01 5.077899999999999636e-01
7.950000000000000000e+02 4.094929999999999959e-01 4.529059999999999753e-01 5.077909999999999924e-01
7.960000000000000000e+02 4.094929999999999959e-01 4.529059999999999753e-01 5.077909999999999924e-01
7.970000000000000000e+02 4.094929999999999959e-01 4.529059999999999753e-01 5.077909999999999924e-01
7.980000000000000000e+02 4.094940000000000246e-01 4.529059999999999753e-01 5.077909999999999924e-01
7.990000000000000000e+02 4.094940000000000246e-01 4.529059999999999753e-01 5.077909999999999924e-01
8.000000000000000000e+02 4.094940000000000246e-01 4.529070000000000040e-01 5.077909999999999924e-01
8.010000000000000000e+02 4.094940000000000246e-01 4.529070000000000040e-01 5.077920000000000211e-01
8.020000000000000000e+02 4.094940000000000246e-01 4.529070000000000040e-01 5.077920000000000211e-01
8.030000000000000000e+02 4.094940000000000246e-01 4.529070000000000040e-01 5.077920000000000211e-01
8.040000000000000000e+02 4.094949999999999979e-01 4.529070000000000040e-01 5.077920000000000211e-01
8.050000000000000000e+02 4.094949999999999979e-01 4.529070000000000040e-01 5.077920000000000211e-01
8.060000000000000000e+02 4.094949999999999979e-01 4.529079999999999773e-01 5.077930000000000499e-01
8.070000000000000000e+02 4.094949999999999979e-01 4.529079999999999773e-01 5.077930000000000499e-01
8.080000000000000000e+02 4.094949999999999979e-01 4.529079999999999773e-01 5.077930000000000499e-01
8.090000000000000000e+02 4.094960000000000266e-01 4.529079999999999773e-01 5.077930000000000499e-01
8.100000000000000000e+02 4.094960000000000266e-01 4.529079999999999773e-01 5.077930000000000499e-01
8.110000000000000000e+02 4.094960000000000266e-01 4.529079999999999773e-01 5.077930000000000499e-01
8.120000000000000000e+02 4.094960000000000266e-01 4.529090000000000060e-01 5.077939999999999676e-01
8.130000000000000000e+02 4.094960000000000266e-01 4.529090000000000060e-01 5.077939999999999676e-01
8.140000000000000000e+02 4.094960000000000266e-01 4.529090000000000060e-01 5.077939999999999676e-01
8.150000000000000000e+02 4.094969999999999999e-01 4.529090000000000060e-01 5.077939999999999676e-01
8.160000000000000000e+02 4.094969999999999999e-01 4.529090000000000060e-01 5.077939999999999676e-01
8.170000000000000000e+02 4.094969999999999999e-01 4.529099999999999793e-01 5.077939999999999676e-01
8.180000000000000000e+02 4.094969999999999999e-01 4.529099999999999793e-01 5.077949999999999964e-01
8.190000000000000000e+02 4.094969999999999999e-01 4.529099999999999793e-01 5.077949999999999964e-01
8.200000000000000000e+02 4.094969999999999999e-01 4.529099999999999793e-01 5.077949999999999964e-01
8.210000000000000000e+02 4.094979999999999731e-01 4.529099999999999793e-01 5.077949999999999964e-01
8.220000000000000000e+02 4.094979999999999731e-01 4.529099999999999793e-01 5.077949999999999964e-01
8.230000000000000000e+02 4.094979999999999731e-01 4.529110000000000080e-01 5.077960000000000251e-01
8.240000000000000000e+02 4.094979999999999731e-01 4.529110000000000080e-01 5.077960000000000251e-01
8.250000000000000000e+02 4.094979999999999731e-01 4.529110000000000080e-01 5.077960000000000251e-01
8.260000000000000000e+02 4.094990000000000019e-01 4.529110000000000080e-01 5.077960000000000251e-01
8.270000000000000000e+02 4.094990000000000019e-01 4.529110000000000080e-01 5.077960000000000251e-01
8.280000000000000000e+02 4.094990000000000019e-01 4.529110000000000080e-01 5.077960000000000251e-01
8.290000000000000000e+02 4.094990000000000019e-01 4.529119999999999813e-01 5.077970000000000539e-01
8.300000000000000000e+02 4.094990000000000019e-01 4.529119999999999813e-01 5.077970000000000539e-01
8.310000000000000000e+02 4.094990000000000019e-01 4.529119999999999813e-01 5.077970000000000539e-01
8.320000000000000000e+02 4.094999999999999751e-01 4.529119999999999813e-01 5.077970000000000539e-01
8.330000000000000000e+02 4.094999999999999751e-01 4.529119999999999813e-01 5.077970000000000539e-01
8.340000000000000000e+02 4.094999999999999751e-01 4.529119999999999813e-01 5.077970000000000539e-01
8.350000000000000000e+02 4.094999999999999751e-01 4.529130000000000100e-01 5.077979999999999716e-01
8.360000000000000000e+02 4.094999999999999751e-01 4.529130000000000100e-01 5.077979999999999716e-01
8.370000000000000000e+02 4.094999999999999751e-01 4.529130000000000100e-01 5.077979999999999716e-01
8.380000000000000000e+02 4.095010000000000039e-01 4.529130000000000100e-01 5.077979999999999716e-01
8.390000000000000000e+02 4.095010000000000039e-01 4.529130000000000100e-01 5.077979999999999716e-01
8.400000000000000000e+02 4.095010000000000039e-01 4.529130000000000100e-01 5.077979999999999716e-01
8.410000000000000000e+02 4.095010000000000039e-01 4.529139999999999833e-01 5.077990000000000004e-01
8.420000000000000000e+02 4.095010000000000039e-01 4.529139999999999833e-01 5.077990000000000004e-01
8.430000000000000000e+02 4.095010000000000039e-01 4.529139999999999833e-01 5.077990000000000004e-01
8.440000000000000000e+02 4.095019999999999771e-01 4.529139999999999833e-01 5.077990000000000004e-01
8.450000000000000000e+02 4.095019999999999771e-01 4.529139999999999833e-01 5.077990000000000004e-01
8.460000000000000000e+02 4.095019999999999771e-01 4.529139999999999833e-01 5.077990000000000004e-01
8.470000000000000000e+02 4.095019999999999771e-01 4.529150000000000120e-01 5.078000000000000291e-01
8.480000000000000000e+02 4.095019999999999771e-01 4.529150000000000120e-01 5.078000000000000291e-01
8.490000000000000000e+02 4.095019999999999771e-01 4.529150000000000120e-01 5.078000000000000291e-01
8.500000000000000000e+02 4.095030000000000059e-01 4.529150000000000120e-01 5.078000000000000291e-01
8.510000000000000000e+02 4.095030000000000059e-01 4.529150000000000120e-01 5.078000000000000291e-01
8.520000000000000000e+02 4.095030000000000059e-01 4.529150000000000120e-01 5.078000000000000291e-01
8.530000000000000000e+02 4.095030000000000059e-01 4.529159999999999853e-01 5.078009999999999469e-01
8.540000000000000000e+02 4.095030000000000059e-01 4.529159999999999853e-01 5.078009999999999469e-01
8.550000000000000000e+02 4.095030000000000059e-01 4.529159999999999853e-01 5.078009999999999469e-01
8.560000000000000000e+02 4.095030000000000059e-01 4.529159999999999853e-01 5.078009999999999469e-01
8.570000000000000000e+02 4.095039999999999791e-01 4.529159999999999853e-01 5.078009999999999469e-01
8.580000000000000000e+02 4.095039999999999791e-01 4.529159999999999853e-01 5.078009999999999469e-01
8.590000000000000000e+02 4.095039999999999791e-01 4.529170000000000140e-01 5.078009999999999469e-01
8.600000000000000000e+02 4.095039999999999791e-01 4.529170000000000140e-01 5.078019999999999756e-01
8.610000000000000000e+02 4.095039999999999791e-01 4.529170000000000140e-01 5.078019999999999756e-01
8.620000000000000000e+02 4.095039999999999791e-01 4.529170000000000140e-01 5.078019999999999756e-01
8.630000000000000000e+02 4.095050000000000079e-01 4.529170000000000140e-01 5.078019999999999756e-01
8.640000000000000000e+02 4.095050000000000079e-01 4.529170000000000140e-01 5.078019999999999756e-01
8.650000000000000000e+02 4.095050000000000079e-01 4.529170000000000140e-01 5.078019999999999756e-01
8.660000000000000000e+02 4.095050000000000079e-01 4.529179999999999873e-01 5.078030000000000044e-01
8.670000000000000000e+02 4.095050000000000079e-01 4.529179999999999873e-01 5.078030000000000044e-01
8.680000000000000000e+02 4.095050000000000079e-01 4.529179999999999873e-01 5.078030000000000044e-01
8.690000000000000000e+02 4.095059999999999811e-01 4.529179999999999873e-01 5.078030000000000044e-01
8.700000000000000000e+02 4.095059999999999811e-01 4.529179999999999873e-01 5.078030000000000044e-01
8.710000000000000000e+02 4.095059999999999811e-01 4.529179999999999873e-01 5.078030000000000044e-01
8.720000000000000000e+02 4.095059999999999811e-01 4.529190000000000160e-01 5.078030000000000044e-01
8.730000000000000000e+02 4.095059999999999811e-01 4.529190000000000160e-01 5.078040000000000331e-01
8.740000000000000000e+02 4.095059999999999811e-01 4.529190000000000160e-01 5.078040000000000331e-01
8.750000000000000000e+02 4.095059999999999811e-01 4.529190000000000160e-01 5.078040000000000331e-01
8.760000000000000000e+02 4.095070000000000099e-01 4.529190000000000160e-01 5.078040000000000331e-01
8.770000000000000000e+02 4.095070000000000099e-01 4.529190000000000160e-01 5.078040000000000331e-01
8.780000000000000000e+02 4.095070000000000099e-01 4.529190000000000160e-01 5.078040000000000331e-01
8.790000000000000000e+02 4.095070000000000099e-01 4.529199999999999893e-01 5.078049999999999509e-01
8.800000000000000000e+02 4.095070000000000099e-01 4.529199999999999893e-01 5.078049999999999509e-01
8.810000000000000000e+02 4.095070000000000099e-01 4.529199999999999893e-01 5.078049999999999509e-01
8.820000000000000000e+02 4.095070000000000099e-01 4.529199999999999893e-01 5.078049999999999509e-01
8.830000000000000000e+02 4.095079999999999831e-01 4.529199999999999893e-01 5.078049999999999509e-01
8.840000000000000000e+02 4.095079999999999831e-01 4.529199999999999893e-01 5.078049999999999509e-01
8.850000000000000000e+02 4.095079999999999831e-01 4.529199999999999893e-01 5.078049999999999509e-01
8.860000000000000000e+02 4.095079999999999831e-01 4.529210000000000180e-01 5.078059999999999796e-01
8.870000000000000000e+02 4.095079999999999831e-01 4.529210000000000180e-01 5.078059999999999796e-01
8.880000000000000000e+02 4.095079999999999831e-01 4.529210000000000180e-01 5.078059999999999796e-01
8.890000000000000000e+02 4.095090000000000119e-01 4.529210000000000180e-01 5.078059999999999796e-01
8.900000000000000000e+02 4.095090000000000119e-01 4.529210000000000180e-01 5.078059999999999796e-01
8.910000000000000000e+02 4.095090000000000119e-01 4.529210000000000180e-01 5.078059999999999796e-01
8.920000000000000000e+02 4.095090000000000119e-01 4.529219999999999913e-01 5.078059999999999796e-01
8.930000000000000000e+02 4.095090000000000119e-01 4.529219999999999913e-01 5.078070000000000084e-01
8.940000000000000000e+02 4.095090000000000119e-01 4.529219999999999913e-01 5.078070000000000084e-01
8.950000000000000000e+02 4.095090000000000119e-01 4.529219999999999913e-01 5.078070000000000084e-01
8.960000000000000000e+02 4.095099999999999851e-01 4.529219999999999913e-01 5.078070000000000084e-01
8.970000000000000000e+02 4.095099999999999851e-01 4.529219999999999913e-01 5.078070000000000084e-01
8.980000000000000000e+02 4.095099999999999851e-01 4.529219999999999913e-01 5.078070000000000084e-01
8.990000000000000000e+02 4.095099999999999851e-01 4.529230000000000200e-01 5.078070000000000084e-01
9.000000000000000000e+02 4.095099999999999851e-01 4.529230000000000200e-01 5.078080000000000371e-01
9.010000000000000000e+02 4.095099999999999851e-01 4.529230000000000200e-01 5.078080000000000371e-01
9.020000000000000000e+02 4.095099999999999851e-01 4.529230000000000200e-01 5.078080000000000371e-01
9.030000000000000000e+02 4.095110000000000139e-01 4.529230000000000200e-01 5.078080000000000371e-01
9.040000000000000000e+02 4.095110000000000139e-01 4.529230000000000200e-01 5.078080000000000371e-01
9.050000000000000000e+02 4.095110000000000139e-01 4.529230000000000200e-01 5.078080000000000371e-01
9.060000000000000000e+02 4.095110000000000139e-01 4.529239999999999933e-01 5.078089999999999549e-01
9.070000000000000000e+02 4.095110000000000139e-01 4.529239999999999933e-01 5.078089999999999549e-01
9.080000000000000000e+02 4.095110000000000139e-01 4.529239999999999933e-01 5.078089999999999549e-01
9.090000000000000000e+02 4.095110000000000139e-01 4.529239999999999933e-01 5.078089999999999549e-01
9.100000000000000000e+02 4.095119999999999871e-01 4.529239999999999933e-01 5.078089999999999549e-01
9.110000000000000000e+02 4.095119999999999871e-01 4.529239999999999933e-01 5.078089999999999549e-01
9.120000000000000000e+02 4.095119999999999871e-01 4.529239999999999933e-01 5.078089999999999549e-01
9.130000000000000000e+02 4.095119999999999871e-01 4.529250000000000220e-01 5.078089999999999549e-01
9.140000000000000000e+02 4.095119999999999871e-01 4.529250000000000220e-01 5.078099999999999836e-01
9.150000000000000000e+02 4.095119999999999871e-01 4.529250000000000220e-01 5.078099999999999836e-01
9.160000000000000000e+02 4.095119999999999871e-01 4.529250000000000220e-01 5.078099999999999836e-01
9.170000000000000000e+02 4.095130000000000159e-01 4.529250000000000220e-01 5.078099999999999836e-01
9.180000000000000000e+02 4.095130000000000159e-01 4.529250000000000220e-01 5.078099999999999836e-01
9.190000000000000000e+02 4.095130000000000159e-01 4.529250000000000220e-01 5.078099999999999836e-01
9.200000000000000000e+02 4.095130000000000159e-01 4.529259999999999953e-01 5.078099999999999836e-01
9.210000000000000000e+02 4.095130000000000159e-01 4.529259999999999953e-01 5.078110000000000124e-01
9.220000000000000000e+02 4.095130000000000159e-01 4.529259999999999953e-01 5.078110000000000124e-01
9.230000000000000000e+02 4.095130000000000159e-01 4.529259999999999953e-01 5.078110000000000124e-01
9.240000000000000000e+02 4.095130000000000159e-01 4.529259999999999953e-01 5.078110000000000124e-01
9.250000000000000000e+02 4.095139999999999891e-01 4.529259999999999953e-01 5.078110000000000124e-01
9.260000000000000000e+02 4.095139999999999891e-01 4.529259999999999953e-01 5.078110000000000124e-01
9.270000000000000000e+02 4.095139999999999891e-01 4.529259999999999953e-01 5.078110000000000124e-01
9.280000000000000000e+02 4.095139999999999891e-01 4.529270000000000240e-01 5.078120000000000411e-01
9.290000000000000000e+02 4.095139999999999891e-01 4.529270000000000240e-01 5.078120000000000411e-01
9.300000000000000000e+02 4.095139999999999891e-01 4.529270000000000240e-01 5.078120000000000411e-01
9.310000000000000000e+02 4.095139999999999891e-01 4.529270000000000240e-01 5.078120000000000411e-01
9.320000000000000000e+02 4.095150000000000179e-01 4.529270000000000240e-01 5.078120000000000411e-01
9.330000000000000000e+02 4.095150000000000179e-01 4.529270000000000240e-01 5.078120000000000411e-01
9.340000000000000000e+02 4.095150000000000179e-01 4.529270000000000240e-01 5.078120000000000411e-01
9.350000000000000000e+02 4.095150000000000179e-01 4.529279999999999973e-01 5.078120000000000411e-01
9.360000000000000000e+02 4.095150000000000179e-01 4.529279999999999973e-01 5.078129999999999589e-01
9.370000000000000000e+02 4.095150000000000179e-01 4.529279999999999973e-01 5.078129999999999589e-01
9.380000000000000000e+02 4.095150000000000179e-01 4.529279999999999973e-01 5.078129999999999589e-01
9.390000000000000000e+02 4.095159999999999911e-01 4.529279999999999973e-01 5.078129999999999589e-01
9.400000000000000000e+02 4.095159999999999911e-01 4.529279999999999973e-01 5.078129999999999589e-01
9.410000000000000000e+02 4.095159999999999911e-01 4.529279999999999973e-01 5.078129999999999589e-01
9.420000000000000000e+02 4.095159999999999911e-01 4.529279999999999973e-01 5.078129999999999589e-01
9.430000000000000000e+02 4.095159999999999911e-01 4.529290000000000260e-01 5.078139999999999876e-01
9.440000000000000000e+02 4.095159999999999911e-01 4.529290000000000260e-01 5.078139999999999876e-01
9.450000000000000000e+02 4.095159999999999911e-01 4.529290000000000260e-01 5.078139999999999876e-01
9.460000000000000000e+02 4.095159999999999911e-01 4.529290000000000260e-01 5.078139999999999876e-01
9.470000000000000000e+02 4.095170000000000199e-01 4.529290000000000260e-01 5.078139999999999876e-01
9.480000000000000000e+02 4.095170000000000199e-01 4.529290000000000260e-01 5.078139999999999876e-01
9.490000000000000000e+02 4.095170000000000199e-01 4.529290000000000260e-01 5.078139999999999876e-01
9.500000000000000000e+02 4.095170000000000199e-01 4.529290000000000260e-01 5.078139999999999876e-01
9.510000000000000000e+02 4.095170000000000199e-01 4.529299999999999993e-01 5.078150000000000164e-01
9.520000000000000000e+02 4.095170000000000199e-01 4.529299999999999993e-01 5.078150000000000164e-01
9.530000000000000000e+02 4.095170000000000199e-01 4.529299999999999993e-01 5.078150000000000164e-01
9.540000000000000000e+02 4.095170000000000199e-01 4.529299999999999993e-01 5.078150000000000164e-01
9.550000000000000000e+02 4.095179999999999931e-01 4.529299999999999993e-01 5.078150000000000164e-01
9.560000000000000000e+02 4.095179999999999931e-01 4.529299999999999993e-01 5.078150000000000164e-01
9.570000000000000000e+02 4.095179999999999931e-01 4.529299999999999993e-01 5.078150000000000164e-01
9.580000000000000000e+02 4.095179999999999931e-01 4.529309999999999725e-01 5.078150000000000164e-01
9.590000000000000000e+02 4.095179999999999931e-01 4.529309999999999725e-01 5.078160000000000451e-01
9.600000000000000000e+02 4.095179999999999931e-01 4.529309999999999725e-01 5.078160000000000451e-01
9.610000000000000000e+02 4.095179999999999931e-01 4.529309999999999725e-01 5.078160000000000451e-01
9.620000000000000000e+02 4.095179999999999931e-01 4.529309999999999725e-01 5.078160000000000451e-01
9.630000000000000000e+02 4.095190000000000219e-01 4.529309999999999725e-01 5.078160000000000451e-01
9.640000000000000000e+02 4.095190000000000219e-01 4.529309999999999725e-01 5.078160000000000451e-01
9.650000000000000000e+02 4.095190000000000219e-01 4.529309999999999725e-01 5.078160000000000451e-01
9.660000000000000000e+02 4.095190000000000219e-01 4.529320000000000013e-01 5.078160000000000451e-01
9.670000000000000000e+02 4.095190000000000219e-01 4.529320000000000013e-01 5.078169999999999629e-01
9.680000000000000000e+02 4.095190000000000219e-01 4.529320000000000013e-01 5.078169999999999629e-01
9.690000000000000000e+02 4.095190000000000219e-01 4.529320000000000013e-01 5.078169999999999629e-01
9.700000000000000000e+02 4.095190000000000219e-01 4.529320000000000013e-01 5.078169999999999629e-01
9.710000000000000000e+02 4.095199999999999951e-01 4.529320000000000013e-01 5.078169999999999629e-01
9.720000000000000000e+02 4.095199999999999951e-01 4.529320000000000013e-01 5.078169999999999629e-01
9.730000000000000000e+02 4.095199999999999951e-01 4.529320000000000013e-01 5.078169999999999629e-01
9.740000000000000000e+02 4.095199999999999951e-01 4.529329999999999745e-01 5.078169999999999629e-01
9.750000000000000000e+02 4.095199999999999951e-01 4.529329999999999745e-01 5.078179999999999916e-01
9.760000000000000000e+02 4.095199999999999951e-01 4.529329999999999745e-01 5.078179999999999916e-01
9.770000000000000000e+02 4.095199999999999951e-01 4.529329999999999745e-01 5.078179999999999916e-01
9.780000000000000000e+02 4.095199999999999951e-01 4.529329999999999745e-01 5.078179999999999916e-01
9.790000000000000000e+02 4.095210000000000239e-01 4.529329999999999745e-01 5.078179999999999916e-01
9.800000000000000000e+02 4.095210000000000239e-01 4.529329999999999745e-01 5.078179999999999916e-01
9.810000000000000000e+02 4.095210000000000239e-01 4.529329999999999745e-01 5.078179999999999916e-01
9.820000000000000000e+02 4.095210000000000239e-01 4.529329999999999745e-01 5.078179999999999916e-01
9.830000000000000000e+02 4.095210000000000239e-01 4.529340000000000033e-01 5.078190000000000204e-01
9.840000000000000000e+02 4.095210000000000239e-01 4.529340000000000033e-01 5.078190000000000204e-01
9.850000000000000000e+02 4.095210000000000239e-01 4.529340000000000033e-01 5.078190000000000204e-01
9.860000000000000000e+02 4.095210000000000239e-01 4.529340000000000033e-01 5.078190000000000204e-01
9.870000000000000000e+02 4.095219999999999971e-01 4.529340000000000033e-01 5.078190000000000204e-01
9.880000000000000000e+02 4.095219999999999971e-01 4.529340000000000033e-01 5.078190000000000204e-01
9.890000000000000000e+02 4.095219999999999971e-01 4.529340000000000033e-01 5.078190000000000204e-01
9.900000000000000000e+02 4.095219999999999971e-01 4.529340000000000033e-01 5.078190000000000204e-01
9.910000000000000000e+02 4.095219999999999971e-01 4.529349999999999765e-01 5.078200000000000491e-01
9.920000000000000000e+02 4.095219999999999971e-01 4.529349999999999765e-01 5.078200000000000491e-01
9.930000000000000000e+02 4.095219999999999971e-01 4.529349999999999765e-01 5.078200000000000491e-01
9.940000000000000000e+02 4.095219999999999971e-01 4.529349999999999765e-01 5.078200000000000491e-01
9.950000000000000000e+02 4.095219999999999971e-01 4.529349999999999765e-01 5.078200000000000491e-01
9.960000000000000000e+02 4.095230000000000259e-01 4.529349999999999765e-01 5.078200000000000491e-01
9.970000000000000000e+02 4.095230000000000259e-01 4.529349999999999765e-01 5.078200000000000491e-01
9.980000000000000000e+02 4.095230000000000259e-01 4.529349999999999765e-01 5.078200000000000491e-01
9.990000000000000000e+02 4.095230000000000259e-01 4.529360000000000053e-01 5.078200000000000491e-01
1.000000000000000000e+03 4.095230000000000259e-01 4.529360000000000053e-01 5.078209999999999669e-01
1.001000000000000000e+03 4.095230000000000259e-01 4.529360000000000053e-01 5.078209999999999669e-01
1.002000000000000000e+03 4.095230000000000259e-01 4.529360000000000053e-01 5.078209999999999669e-01
1.003000000000000000e+03 4.095230000000000259e-01 4.529360000000000053e-01 5.078209999999999669e-01
1.004000000000000000e+03 4.095239999999999991e-01 4.529360000000000053e-01 5.078209999999999669e-01
1.005000000000000000e+03 4.095239999999999991e-01 4.529360000000000053e-01 5.078209999999999669e-01
1.006000000000000000e+03 4.095239999999999991e-01 4.529360000000000053e-01 5.078209999999999669e-01
1.007000000000000000e+03 4.095239999999999991e-01 4.529360000000000053e-01 5.078209999999999669e-01
1.008000000000000000e+03 4.095239999999999991e-01 4.529369999999999785e-01 5.078219999999999956e-01
1.009000000000000000e+03 4.095239999999999991e-01 4.529369999999999785e-01 5.078219999999999956e-01
