1.000000000000000000e+01 -7.566299999999999415e-02 -2.478400000000000047e-02 2.429500000000000062e-02
1.100000000000000000e+01 -5.511300000000000227e-02 -7.886999999999999914e-03 4.317300000000000304e-02
1.200000000000000000e+01 -4.506000000000000283e-02 5.673000000000000091e-03 5.279899999999999871e-02
1.300000000000000000e+01 -4.430900000000000116e-02 6.424000000000000023e-03 5.355000000000000038e-02
1.400000000000000000e+01 -4.366600000000000342e-02 7.067999999999999630e-03 5.419299999999999812e-02
1.500000000000000000e+01 -4.919199999999999962e-02 3.288999999999999823e-03 5.007099999999999745e-02
1.600000000000000000e+01 -4.870399999999999729e-02 3.776999999999999975e-03 5.056000000000000077e-02
1.700000000000000000e+01 -4.038300000000000223e-02 1.264599999999999926e-02 5.956100000000000283e-02
1.800000000000000000e+01 -3.126600000000000212e-02 1.943399999999999989e-02 6.776300000000000379e-02
1.900000000000000000e+01 -3.092299999999999910e-02 1.977699999999999944e-02 6.810499999999999887e-02
2.000000000000000000e+01 -2.088299999999999879e-02 2.897599999999999829e-02 7.832600000000000673e-02
2.100000000000000000e+01 -2.058400000000000160e-02 2.945499999999999854e-02 7.839599999999999347e-02
2.200000000000000000e+01 -1.369100000000000004e-02 3.647500000000000048e-02 8.649400000000000144e-02
2.300000000000000000e+01 -1.042200000000000071e-02 3.980399999999999910e-02 8.966000000000000358e-02
2.400000000000000000e+01 -6.265999999999999868e-03 4.395299999999999901e-02 9.333900000000000530e-02
2.500000000000000000e+01 -6.650000000000000095e-04 4.937699999999999728e-02 9.922799999999999676e-02
2.600000000000000000e+01 1.789999999999999870e-04 5.056000000000000077e-02 9.987899999999999556e-02
2.700000000000000000e+01 5.831000000000000245e-03 5.621799999999999714e-02 1.056109999999999965e-01
2.800000000000000000e+01 5.625999999999999925e-03 5.621999999999999914e-02 1.053840000000000054e-01
2.900000000000000000e+01 1.018100000000000081e-02 6.073200000000000126e-02 1.100819999999999993e-01
3.000000000000000000e+01 1.424699999999999925e-02 6.438099999999999379e-02 1.141830000000000067e-01
3.100000000000000000e+01 1.691199999999999995e-02 6.688600000000000101e-02 1.170479999999999993e-01
3.200000000000000000e+01 2.827800000000000105e-02 7.792300000000000615e-02 1.285570000000000046e-01
3.300000000000000000e+01 2.919300000000000020e-02 7.892000000000000404e-02 1.296450000000000102e-01
3.400000000000000000e+01 2.938100000000000087e-02 7.917299999999999338e-02 1.298729999999999885e-01
3.500000000000000000e+01 3.112200000000000036e-02 8.112099999999999866e-02 1.314289999999999903e-01
3.600000000000000000e+01 3.346600000000000269e-02 8.344500000000000528e-02 1.338209999999999955e-01
3.700000000000000000e+01 3.612499999999999739e-02 8.598799999999999499e-02 1.365869999999999862e-01
3.800000000000000000e+01 3.938599999999999740e-02 8.937699999999999811e-02 1.398560000000000081e-01
3.900000000000000000e+01 4.651899999999999785e-02 9.624000000000000610e-02 1.471159999999999968e-01
4.000000000000000000e+01 4.986499999999999960e-02 9.950100000000000611e-02 1.505180000000000129e-01
4.100000000000000000e+01 5.494399999999999978e-02 1.042580000000000034e-01 1.557439999999999936e-01
4.200000000000000000e+01 5.674599999999999783e-02 1.061190000000000050e-01 1.575670000000000126e-01
4.300000000000000000e+01 5.967299999999999688e-02 1.091320000000000068e-01 1.605959999999999888e-01
4.400000000000000000e+01 6.214200000000000279e-02 1.118450000000000000e-01 1.630630000000000135e-01
4.500000000000000000e+01 6.422799999999999343e-02 1.139040000000000052e-01 1.652329999999999910e-01
4.600000000000000000e+01 6.494999999999999385e-02 1.146220000000000017e-01 1.659569999999999934e-01
4.700000000000000000e+01 6.960700000000000220e-02 1.192000000000000004e-01 1.706060000000000076e-01
4.800000000000000000e+01 7.332400000000000029e-02 1.227619999999999961e-01 1.744300000000000017e-01
4.900000000000000000e+01 7.827499999999999736e-02 1.276680000000000037e-01 1.795839999999999936e-01
5.000000000000000000e+01 8.188499999999999945e-02 1.312089999999999923e-01 1.832149999999999890e-01
5.100000000000000000e+01 8.362799999999999401e-02 1.329450000000000076e-01 1.850420000000000120e-01
5.200000000000000000e+01 8.731200000000000072e-02 1.366580000000000017e-01 1.888299999999999979e-01
5.300000000000000000e+01 8.996500000000000330e-02 1.392750000000000099e-01 1.915570000000000050e-01
5.400000000000000000e+01 9.251299999999999801e-02 1.418379999999999919e-01 1.940939999999999888e-01
5.500000000000000000e+01 9.347800000000000553e-02 1.428770000000000040e-01 1.950419999999999932e-01
5.600000000000000000e+01 9.475899999999999601e-02 1.441870000000000096e-01 1.963489999999999958e-01
5.700000000000000000e+01 1.001110000000000055e-01 1.494099999999999873e-01 2.018300000000000094e-01
5.800000000000000000e+01 1.044979999999999937e-01 1.536359999999999948e-01 2.063359999999999916e-01
5.900000000000000000e+01 1.076730000000000048e-01 1.567290000000000072e-01 2.095319999999999960e-01
6.000000000000000000e+01 1.127839999999999954e-01 1.617039999999999866e-01 2.147030000000000050e-01
6.100000000000000000e+01 1.149290000000000034e-01 1.639599999999999946e-01 2.168090000000000017e-01
6.200000000000000000e+01 1.182070000000000065e-01 1.672119999999999995e-01 2.200749999999999929e-01
6.300000000000000000e+01 1.193599999999999939e-01 1.683969999999999911e-01 2.212250000000000050e-01
6.400000000000000000e+01 1.218769999999999992e-01 1.708610000000000129e-01 2.237349999999999894e-01
6.500000000000000000e+01 1.233039999999999969e-01 1.723339999999999872e-01 2.251410000000000078e-01
6.600000000000000000e+01 1.281279999999999919e-01 1.770110000000000017e-01 2.300550000000000095e-01
6.700000000000000000e+01 1.307770000000000044e-01 1.796069999999999889e-01 2.327660000000000007e-01
6.800000000000000000e+01 1.337250000000000105e-01 1.825249999999999928e-01 2.356979999999999908e-01
6.900000000000000000e+01 1.370389999999999942e-01 1.857600000000000084e-01 2.390049999999999952e-01
7.000000000000000000e+01 1.413069999999999882e-01 1.899760000000000060e-01 2.432420000000000138e-01
7.100000000000000000e+01 1.433560000000000112e-01 1.920610000000000095e-01 2.452449999999999908e-01
7.200000000000000000e+01 1.449350000000000083e-01 1.936410000000000076e-01 2.468259999999999899e-01
7.300000000000000000e+01 1.470569999999999933e-01 1.957309999999999883e-01 2.489669999999999939e-01
7.400000000000000000e+01 1.499290000000000067e-01 1.986360000000000070e-01 2.518480000000000163e-01
7.500000000000000000e+01 1.535920000000000063e-01 2.022120000000000029e-01 2.555189999999999961e-01
7.600000000000000000e+01 1.569810000000000094e-01 2.055019999999999902e-01 2.589090000000000003e-01
7.700000000000000000e+01 1.596990000000000076e-01 2.082140000000000102e-01 2.615779999999999772e-01
7.800000000000000000e+01 1.631360000000000032e-01 2.116139999999999965e-01 2.650290000000000146e-01
7.900000000000000000e+01 1.662839999999999874e-01 2.147159999999999902e-01 2.681600000000000095e-01
8.000000000000000000e+01 1.678020000000000067e-01 2.162469999999999948e-01 2.696620000000000128e-01
8.100000000000000000e+01 1.687410000000000021e-01 2.172280000000000044e-01 2.705960000000000032e-01
8.200000000000000000e+01 1.712319999999999953e-01 2.196970000000000034e-01 2.730469999999999842e-01
8.300000000000000000e+01 1.744350000000000067e-01 2.228849999999999998e-01 2.762399999999999856e-01
8.400000000000000000e+01 1.777229999999999921e-01 2.261060000000000014e-01 2.795279999999999987e-01
8.500000000000000000e+01 1.808919999999999972e-01 2.292260000000000131e-01 2.826719999999999788e-01
8.600000000000000000e+01 1.840350000000000041e-01 2.322780000000000122e-01 2.858189999999999897e-01
8.700000000000000000e+01 1.857900000000000107e-01 2.340069999999999928e-01 2.875650000000000150e-01
8.800000000000000000e+01 1.874969999999999970e-01 2.357120000000000049e-01 2.892649999999999944e-01
8.900000000000000000e+01 1.904810000000000114e-01 2.387269999999999948e-01 2.921880000000000033e-01
9.000000000000000000e+01 1.933400000000000118e-01 2.415720000000000089e-01 2.950079999999999925e-01
9.100000000000000000e+01 1.953610000000000069e-01 2.435750000000000137e-01 2.970149999999999735e-01
9.200000000000000000e+01 1.980909999999999893e-01 2.462699999999999889e-01 2.997239999999999904e-01
9.300000000000000000e+01 2.004630000000000023e-01 2.486019999999999897e-01 3.020939999999999737e-01
9.400000000000000000e+01 2.036119999999999874e-01 2.517010000000000081e-01 3.052349999999999786e-01
9.500000000000000000e+01 2.059100000000000097e-01 2.539649999999999963e-01 3.075149999999999828e-01
9.600000000000000000e+01 2.088659999999999961e-01 2.569339999999999957e-01 3.104359999999999897e-01
9.700000000000000000e+01 2.105160000000000087e-01 2.585899999999999865e-01 3.120589999999999753e-01
9.800000000000000000e+01 2.138079999999999981e-01 2.618380000000000152e-01 3.153020000000000267e-01
9.900000000000000000e+01 2.158420000000000061e-01 2.638539999999999774e-01 3.173219999999999930e-01
1.000000000000000000e+02 2.184770000000000045e-01 2.664610000000000034e-01 3.199409999999999754e-01
1.010000000000000000e+02 2.208980000000000110e-01 2.688789999999999791e-01 3.223320000000000074e-01
1.020000000000000000e+02 2.223070000000000046e-01 2.702700000000000102e-01 3.237349999999999950e-01
1.030000000000000000e+02 2.247820000000000096e-01 2.727490000000000192e-01 3.261859999999999760e-01
1.040000000000000000e+02 2.267879999999999896e-01 2.747560000000000002e-01 3.281600000000000072e-01
1.050000000000000000e+02 2.301559999999999995e-01 2.780989999999999851e-01 3.314929999999999821e-01
1.060000000000000000e+02 2.317510000000000125e-01 2.796839999999999882e-01 3.330620000000000247e-01
1.070000000000000000e+02 2.340009999999999868e-01 2.819169999999999732e-01 3.352890000000000037e-01
1.080000000000000000e+02 2.358959999999999946e-01 2.838269999999999960e-01 3.371540000000000092e-01
1.090000000000000000e+02 2.393109999999999959e-01 2.872029999999999861e-01 3.405400000000000094e-01
1.100000000000000000e+02 2.410909999999999997e-01 2.889950000000000019e-01 3.422789999999999999e-01
1.110000000000000000e+02 2.430950000000000055e-01 2.910019999999999829e-01 3.442509999999999737e-01
1.120000000000000000e+02 2.456389999999999962e-01 2.935229999999999784e-01 3.467680000000000207e-01
1.130000000000000000e+02 2.478239999999999887e-01 2.957199999999999829e-01 3.489119999999999999e-01
1.140000000000000000e+02 2.495900000000000063e-01 2.974829999999999974e-01 3.506489999999999885e-01
1.150000000000000000e+02 2.518290000000000251e-01 2.996949999999999892e-01 3.528700000000000170e-01
1.160000000000000000e+02 2.538779999999999926e-01 3.017440000000000122e-01 3.548910000000000120e-01
1.170000000000000000e+02 2.562699999999999978e-01 3.041179999999999994e-01 3.572409999999999752e-01
1.180000000000000000e+02 2.585970000000000213e-01 3.064379999999999882e-01 3.595320000000000182e-01
1.190000000000000000e+02 2.614929999999999755e-01 3.093130000000000046e-01 3.623950000000000227e-01
1.200000000000000000e+02 2.643030000000000102e-01 3.120930000000000093e-01 3.651630000000000154e-01
1.210000000000000000e+02 2.660859999999999892e-01 3.138819999999999943e-01 3.669080000000000119e-01
1.220000000000000000e+02 2.680000000000000160e-01 3.157829999999999804e-01 3.688000000000000167e-01
1.230000000000000000e+02 2.699300000000000033e-01 3.177159999999999984e-01 3.706809999999999827e-01
1.240000000000000000e+02 2.722080000000000055e-01 3.199810000000000154e-01 3.729270000000000085e-01
1.250000000000000000e+02 2.741290000000000115e-01 3.218989999999999907e-01 3.748239999999999905e-01
1.260000000000000000e+02 2.759880000000000111e-01 3.237519999999999842e-01 3.766519999999999868e-01
1.270000000000000000e+02 2.789369999999999905e-01 3.266809999999999992e-01 3.795680000000000165e-01
1.280000000000000000e+02 2.809189999999999743e-01 3.286640000000000117e-01 3.815149999999999930e-01
1.290000000000000000e+02 2.831679999999999753e-01 3.308989999999999987e-01 3.837320000000000175e-01
1.300000000000000000e+02 2.851480000000000126e-01 3.328860000000000152e-01 3.856660000000000088e-01
1.310000000000000000e+02 2.870329999999999826e-01 3.347660000000000080e-01 3.875210000000000043e-01
1.320000000000000000e+02 2.888410000000000144e-01 3.365710000000000091e-01 3.892959999999999754e-01
1.330000000000000000e+02 2.910139999999999949e-01 3.387260000000000271e-01 3.914389999999999814e-01
1.340000000000000000e+02 2.929050000000000264e-01 3.406100000000000239e-01 3.932959999999999789e-01
1.350000000000000000e+02 2.947690000000000032e-01 3.424650000000000194e-01 3.951319999999999832e-01
1.360000000000000000e+02 2.974419999999999842e-01 3.451239999999999863e-01 3.977640000000000065e-01
1.370000000000000000e+02 2.994669999999999832e-01 3.471369999999999734e-01 3.997560000000000002e-01
1.380000000000000000e+02 3.014649999999999830e-01 3.491290000000000227e-01 4.017229999999999968e-01
1.390000000000000000e+02 3.029970000000000163e-01 3.506529999999999925e-01 4.032290000000000041e-01
1.400000000000000000e+02 3.049410000000000176e-01 3.525869999999999838e-01 4.051409999999999734e-01
1.410000000000000000e+02 3.067889999999999784e-01 3.544229999999999881e-01 4.069610000000000172e-01
1.420000000000000000e+02 3.087050000000000072e-01 3.563220000000000276e-01 4.088459999999999872e-01
1.430000000000000000e+02 3.104080000000000172e-01 3.580160000000000009e-01 4.105150000000000188e-01
1.440000000000000000e+02 3.120379999999999820e-01 3.596409999999999885e-01 4.121190000000000131e-01
1.450000000000000000e+02 3.146149999999999780e-01 3.621909999999999852e-01 4.146630000000000038e-01
1.460000000000000000e+02 3.170890000000000097e-01 3.646480000000000277e-01 4.170969999999999955e-01
1.470000000000000000e+02 3.192949999999999955e-01 3.668390000000000262e-01 4.192710000000000048e-01
1.480000000000000000e+02 3.212010000000000143e-01 3.687320000000000042e-01 4.211529999999999996e-01
1.490000000000000000e+02 3.222160000000000024e-01 3.697509999999999963e-01 4.221469999999999945e-01
1.500000000000000000e+02 3.245879999999999876e-01 3.721110000000000251e-01 4.244809999999999972e-01
1.510000000000000000e+02 3.261950000000000127e-01 3.737179999999999946e-01 4.260559999999999903e-01
1.520000000000000000e+02 3.277579999999999938e-01 3.752800000000000025e-01 4.275840000000000196e-01
1.530000000000000000e+02 3.293329999999999869e-01 3.768440000000000123e-01 4.291349999999999887e-01
1.540000000000000000e+02 3.315660000000000274e-01 3.790540000000000020e-01 4.313429999999999764e-01
1.550000000000000000e+02 3.329369999999999830e-01 3.804159999999999764e-01 4.327019999999999755e-01
1.560000000000000000e+02 3.348670000000000258e-01 3.823300000000000032e-01 4.346050000000000191e-01
1.570000000000000000e+02 3.366370000000000196e-01 3.840859999999999830e-01 4.363520000000000176e-01
1.580000000000000000e+02 3.381080000000000196e-01 3.855480000000000018e-01 4.377989999999999937e-01
1.590000000000000000e+02 3.395489999999999897e-01 3.869779999999999887e-01 4.392139999999999933e-01
1.600000000000000000e+02 3.410170000000000146e-01 3.884380000000000055e-01 4.406570000000000209e-01
1.610000000000000000e+02 3.430050000000000043e-01 3.904090000000000060e-01 4.426160000000000094e-01
1.620000000000000000e+02 3.441199999999999815e-01 3.915139999999999731e-01 4.437159999999999993e-01
1.630000000000000000e+02 3.461159999999999792e-01 3.934849999999999737e-01 4.456879999999999731e-01
1.640000000000000000e+02 3.482219999999999760e-01 3.955699999999999772e-01 4.477639999999999953e-01
1.650000000000000000e+02 3.498740000000000183e-01 3.972049999999999748e-01 4.493960000000000177e-01
1.660000000000000000e+02 3.513390000000000124e-01 3.986489999999999756e-01 4.508449999999999958e-01
1.670000000000000000e+02 3.526830000000000243e-01 3.999820000000000042e-01 4.521689999999999876e-01
1.680000000000000000e+02 3.539100000000000024e-01 4.011959999999999971e-01 4.533749999999999725e-01
1.690000000000000000e+02 3.558230000000000004e-01 4.030909999999999771e-01 4.552579999999999960e-01
1.700000000000000000e+02 3.572250000000000147e-01 4.044780000000000042e-01 4.566439999999999944e-01
1.710000000000000000e+02 3.583569999999999811e-01 4.055989999999999873e-01 4.577559999999999962e-01
1.720000000000000000e+02 3.597400000000000042e-01 4.069690000000000252e-01 4.591219999999999746e-01
1.730000000000000000e+02 3.615729999999999777e-01 4.087830000000000075e-01 4.609300000000000064e-01
1.740000000000000000e+02 3.628950000000000231e-01 4.100869999999999793e-01 4.622419999999999862e-01
1.750000000000000000e+02 3.640669999999999740e-01 4.112439999999999984e-01 4.634010000000000074e-01
1.760000000000000000e+02 3.658699999999999730e-01 4.130210000000000270e-01 4.651859999999999884e-01
1.770000000000000000e+02 3.668669999999999987e-01 4.140090000000000159e-01 4.661669999999999980e-01
1.780000000000000000e+02 3.685499999999999887e-01 4.156739999999999879e-01 4.678289999999999949e-01
1.790000000000000000e+02 3.697070000000000078e-01 4.168200000000000238e-01 4.689659999999999940e-01
1.800000000000000000e+02 3.707820000000000005e-01 4.178830000000000044e-01 4.700300000000000034e-01
1.810000000000000000e+02 3.720550000000000246e-01 4.191349999999999798e-01 4.712879999999999847e-01
1.820000000000000000e+02 3.736849999999999894e-01 4.207489999999999841e-01 4.729010000000000158e-01
1.830000000000000000e+02 3.746929999999999983e-01 4.217440000000000078e-01 4.738990000000000147e-01
1.840000000000000000e+02 3.761390000000000011e-01 4.231690000000000174e-01 4.753339999999999788e-01
1.850000000000000000e+02 3.774120000000000252e-01 4.244269999999999987e-01 4.765909999999999869e-01
1.860000000000000000e+02 3.790209999999999968e-01 4.260180000000000078e-01 4.781830000000000247e-01
1.870000000000000000e+02 3.798639999999999795e-01 4.268489999999999784e-01 4.790179999999999993e-01
1.880000000000000000e+02 3.814040000000000208e-01 4.283730000000000038e-01 4.805380000000000207e-01
1.890000000000000000e+02 3.823389999999999844e-01 4.292960000000000109e-01 4.814579999999999971e-01
1.900000000000000000e+02 3.835060000000000136e-01 4.304470000000000240e-01 4.826159999999999894e-01
1.910000000000000000e+02 3.846330000000000027e-01 4.315609999999999724e-01 4.837299999999999933e-01
1.920000000000000000e+02 3.856149999999999856e-01 4.325300000000000256e-01 4.847009999999999930e-01
1.930000000000000000e+02 3.872120000000000006e-01 4.341039999999999899e-01 4.862839999999999940e-01
1.940000000000000000e+02 3.882720000000000060e-01 4.351479999999999793e-01 4.873350000000000182e-01
1.950000000000000000e+02 3.893409999999999926e-01 4.361959999999999726e-01 4.883939999999999948e-01
1.960000000000000000e+02 3.905870000000000175e-01 4.374259999999999815e-01 4.896229999999999749e-01
1.970000000000000000e+02 3.912889999999999979e-01 4.381160000000000054e-01 4.903129999999999988e-01
1.980000000000000000e+02 3.921589999999999798e-01 4.389759999999999773e-01 4.911730000000000262e-01
1.990000000000000000e+02 3.930089999999999972e-01 4.398090000000000055e-01 4.920120000000000049e-01
2.000000000000000000e+02 3.937919999999999754e-01 4.405810000000000004e-01 4.927860000000000018e-01
2.010000000000000000e+02 3.943119999999999958e-01 4.410819999999999741e-01 4.933000000000000163e-01
2.020000000000000000e+02 3.954159999999999897e-01 4.421610000000000262e-01 4.943919999999999981e-01
2.030000000000000000e+02 3.964949999999999863e-01 4.432180000000000009e-01 4.954600000000000115e-01
2.040000000000000000e+02 3.978380000000000249e-01 4.445439999999999947e-01 4.967880000000000074e-01
2.050000000000000000e+02 3.984590000000000076e-01 4.451539999999999941e-01 4.974000000000000088e-01
2.060000000000000000e+02 3.989190000000000236e-01 4.455939999999999901e-01 4.978480000000000127e-01
2.070000000000000000e+02 3.992820000000000258e-01 4.459389999999999743e-01 4.982019999999999782e-01
2.080000000000000000e+02 3.995290000000000230e-01 4.461680000000000090e-01 4.984419999999999962e-01
2.090000000000000000e+02 3.998360000000000247e-01 4.464600000000000235e-01 4.987400000000000166e-01
2.100000000000000000e+02 4.003070000000000239e-01 4.469139999999999779e-01 4.992039999999999811e-01
2.110000000000000000e+02 4.013140000000000041e-01 4.478989999999999916e-01 5.002039999999999820e-01
2.120000000000000000e+02 4.018149999999999777e-01 4.483809999999999740e-01 5.006960000000000299e-01
2.130000000000000000e+02 4.025340000000000029e-01 4.490779999999999772e-01 5.013980000000000103e-01
2.140000000000000000e+02 4.028269999999999906e-01 4.493530000000000024e-01 5.016829999999999901e-01
2.150000000000000000e+02 4.035409999999999831e-01 4.500449999999999728e-01 5.023879999999999457e-01
2.160000000000000000e+02 4.037169999999999925e-01 4.502070000000000238e-01 5.025579999999999492e-01
2.170000000000000000e+02 4.036750000000000060e-01 4.501450000000000173e-01 5.025079999999999547e-01
2.180000000000000000e+02 4.038880000000000248e-01 4.503400000000000181e-01 5.027110000000000190e-01
2.190000000000000000e+02 4.042009999999999770e-01 4.506350000000000078e-01 5.030179999999999652e-01
2.200000000000000000e+02 4.046219999999999817e-01 4.510319999999999885e-01 5.034330000000000194e-01
2.210000000000000000e+02 4.051259999999999861e-01 4.515170000000000017e-01 5.039299999999999891e-01
2.220000000000000000e+02 4.057749999999999968e-01 4.521419999999999884e-01 5.045720000000000205e-01
2.230000000000000000e+02 4.061040000000000205e-01 4.524540000000000228e-01 5.048899999999999499e-01
2.240000000000000000e+02 4.065380000000000105e-01 4.528679999999999928e-01 5.053140000000000409e-01
2.250000000000000000e+02 4.064159999999999995e-01 4.527300000000000213e-01 5.051860000000000239e-01
2.260000000000000000e+02 4.062680000000000180e-01 4.525649999999999951e-01 5.050360000000000404e-01
2.270000000000000000e+02 4.060830000000000273e-01 4.523630000000000151e-01 5.048439999999999594e-01
2.280000000000000000e+02 4.065650000000000097e-01 4.528240000000000043e-01 5.053170000000000162e-01
2.290000000000000000e+02 4.067379999999999884e-01 4.529790000000000205e-01 5.054840000000000444e-01
2.300000000000000000e+02 4.071049999999999947e-01 4.533240000000000047e-01 5.058420000000000138e-01
2.310000000000000000e+02 4.074860000000000149e-01 4.536859999999999782e-01 5.062200000000000033e-01
2.320000000000000000e+02 4.077729999999999966e-01 4.539509999999999934e-01 5.064999999999999503e-01
2.330000000000000000e+02 4.076500000000000123e-01 4.538070000000000159e-01 5.063729999999999620e-01
2.340000000000000000e+02 4.077999999999999958e-01 4.539360000000000062e-01 5.065180000000000238e-01
2.350000000000000000e+02 4.075790000000000246e-01 4.536979999999999902e-01 5.062929999999999930e-01
2.360000000000000000e+02 4.078399999999999803e-01 4.539429999999999854e-01 5.065460000000000518e-01
2.370000000000000000e+02 4.078910000000000036e-01 4.539750000000000174e-01 5.065870000000000095e-01
2.380000000000000000e+02 4.079709999999999726e-01 4.540399999999999991e-01 5.066619999999999457e-01
2.390000000000000000e+02 4.081239999999999868e-01 4.541729999999999934e-01 5.068070000000000075e-01
2.400000000000000000e+02 4.083680000000000088e-01 4.543940000000000201e-01 5.070480000000000542e-01
2.410000000000000000e+02 4.087540000000000062e-01 4.547610000000000263e-01 5.074290000000000189e-01
2.420000000000000000e+02 4.087680000000000202e-01 4.547559999999999936e-01 5.074389999999999734e-01
2.430000000000000000e+02 4.086489999999999845e-01 4.546160000000000201e-01 5.073170000000000179e-01
2.440000000000000000e+02 4.083990000000000120e-01 4.543490000000000029e-01 5.070670000000000455e-01
2.450000000000000000e+02 4.085260000000000002e-01 4.544590000000000019e-01 5.071890000000000009e-01
2.460000000000000000e+02 4.087910000000000155e-01 4.547109999999999763e-01 5.074499999999999567e-01
2.470000000000000000e+02 4.087120000000000197e-01 4.546160000000000201e-01 5.073659999999999837e-01
2.480000000000000000e+02 4.087500000000000022e-01 4.546359999999999846e-01 5.073980000000000157e-01
2.490000000000000000e+02 4.088640000000000052e-01 4.547269999999999923e-01 5.075070000000000414e-01
2.500000000000000000e+02 4.087160000000000237e-01 4.545580000000000176e-01 5.073579999999999757e-01
2.510000000000000000e+02 4.089969999999999994e-01 4.548249999999999793e-01 5.076380000000000337e-01
2.520000000000000000e+02 4.090520000000000267e-01 4.548659999999999926e-01 5.076920000000000321e-01
2.530000000000000000e+02 4.093479999999999897e-01 4.551459999999999950e-01 5.079850000000000199e-01
2.540000000000000000e+02 4.091929999999999734e-01 4.549710000000000143e-01 5.078249999999999709e-01
2.550000000000000000e+02 4.090670000000000139e-01 4.548300000000000121e-01 5.076990000000000114e-01
2.560000000000000000e+02 4.089789999999999814e-01 4.547260000000000191e-01 5.076060000000000016e-01
2.570000000000000000e+02 4.091339999999999977e-01 4.548650000000000193e-01 5.077570000000000139e-01
2.580000000000000000e+02 4.093399999999999817e-01 4.550560000000000160e-01 5.079599999999999671e-01
2.590000000000000000e+02 4.094079999999999941e-01 4.551040000000000085e-01 5.080249999999999488e-01
2.600000000000000000e+02 4.093950000000000089e-01 4.550770000000000093e-01 5.080090000000000439e-01
2.610000000000000000e+02 4.091500000000000137e-01 4.548159999999999981e-01 5.077610000000000179e-01
2.620000000000000000e+02 4.092749999999999999e-01 4.549230000000000218e-01 5.078829999999999734e-01
2.630000000000000000e+02 4.094530000000000114e-01 4.550890000000000213e-01 5.080590000000000384e-01
2.640000000000000000e+02 4.092669999999999919e-01 4.548869999999999858e-01 5.078690000000000149e-01
2.650000000000000000e+02 4.093319999999999736e-01 4.549429999999999863e-01 5.079289999999999639e-01
2.660000000000000000e+02 4.093459999999999877e-01 4.549380000000000090e-01 5.079369999999999719e-01
2.670000000000000000e+02 4.094550000000000134e-01 4.550339999999999940e-01 5.080449999999999688e-01
2.680000000000000000e+02 4.092830000000000079e-01 4.548449999999999993e-01 5.078709999999999614e-01
2.690000000000000000e+02 4.094249999999999834e-01 4.549730000000000163e-01 5.080109999999999904e-01
2.700000000000000000e+02 4.094400000000000261e-01 4.549739999999999895e-01 5.080249999999999488e-01
2.710000000000000000e+02 4.092899999999999872e-01 4.548079999999999901e-01 5.078709999999999614e-01
2.720000000000000000e+02 4.093669999999999809e-01 4.548679999999999946e-01 5.079460000000000086e-01
2.730000000000000000e+02 4.095469999999999944e-01 4.550379999999999980e-01 5.081250000000000488e-01
2.740000000000000000e+02 4.096730000000000094e-01 4.551470000000000238e-01 5.082449999999999468e-01
2.750000000000000000e+02 4.096899999999999986e-01 4.551499999999999990e-01 5.082569999999999588e-01
2.760000000000000000e+02 4.095840000000000036e-01 4.550299999999999900e-01 5.081489999999999618e-01
2.770000000000000000e+02 4.093089999999999784e-01 4.547399999999999776e-01 5.078749999999999654e-01
2.780000000000000000e+02 4.095130000000000159e-01 4.549279999999999990e-01 5.080750000000000544e-01
2.790000000000000000e+02 4.095520000000000271e-01 4.549540000000000251e-01 5.081130000000000368e-01
2.800000000000000000e+02 4.095030000000000059e-01 4.548949999999999938e-01 5.080639999999999601e-01
2.810000000000000000e+02 4.096350000000000269e-01 4.550139999999999740e-01 5.081940000000000346e-01
2.820000000000000000e+02 4.099599999999999911e-01 4.553240000000000065e-01 5.085150000000000503e-01
2.830000000000000000e+02 4.099269999999999858e-01 4.552789999999999893e-01 5.084800000000000431e-01
2.840000000000000000e+02 4.098840000000000261e-01 4.552240000000000175e-01 5.084349999999999703e-01
2.850000000000000000e+02 4.096920000000000006e-01 4.550210000000000088e-01 5.082430000000000003e-01
2.860000000000000000e+02 4.096480000000000121e-01 4.549639999999999795e-01 5.081959999999999811e-01
2.870000000000000000e+02 4.097009999999999819e-01 4.550049999999999928e-01 5.082499999999999796e-01
2.880000000000000000e+02 4.097990000000000244e-01 4.550879999999999925e-01 5.083459999999999646e-01
2.890000000000000000e+02 4.096190000000000109e-01 4.548929999999999918e-01 5.081639999999999491e-01
2.900000000000000000e+02 4.096299999999999941e-01 4.548940000000000206e-01 5.081740000000000146e-01
2.910000000000000000e+02 4.097439999999999971e-01 4.549929999999999808e-01 5.082820000000000116e-01
2.920000000000000000e+02 4.100119999999999876e-01 4.552479999999999860e-01 5.085469999999999713e-01
2.930000000000000000e+02 4.097930000000000184e-01 4.550210000000000088e-01 5.083250000000000268e-01
2.940000000000000000e+02 4.097649999999999904e-01 4.549830000000000263e-01 5.082950000000000523e-01
2.950000000000000000e+02 4.096670000000000034e-01 4.548740000000000006e-01 5.081970000000000098e-01
2.960000000000000000e+02 4.096670000000000034e-01 4.548630000000000173e-01 5.081959999999999811e-01
2.970000000000000000e+02 4.097689999999999944e-01 4.549540000000000251e-01 5.082980000000000276e-01
2.980000000000000000e+02 4.096969999999999779e-01 4.548719999999999986e-01 5.082250000000000378e-01
2.990000000000000000e+02 4.099260000000000126e-01 4.550899999999999945e-01 5.084509999999999863e-01
3.000000000000000000e+02 4.100469999999999948e-01 4.552010000000000223e-01 5.085690000000000488e-01
3.010000000000000000e+02 4.100369999999999848e-01 4.551799999999999735e-01 5.085560000000000080e-01
3.020000000000000000e+02 4.097720000000000251e-01 4.549050000000000038e-01 5.082910000000000483e-01
3.030000000000000000e+02 4.097790000000000044e-01 4.549030000000000018e-01 5.082950000000000523e-01
3.040000000000000000e+02 4.097330000000000139e-01 4.548449999999999993e-01 5.082470000000000043e-01
3.050000000000000000e+02 4.094960000000000266e-01 4.545989999999999753e-01 5.080080000000000151e-01
3.060000000000000000e+02 4.095980000000000176e-01 4.546899999999999831e-01 5.081090000000000328e-01
3.070000000000000000e+02 4.097359999999999891e-01 4.548170000000000268e-01 5.082459999999999756e-01
3.080000000000000000e+02 4.098120000000000096e-01 4.548840000000000106e-01 5.083180000000000476e-01
3.090000000000000000e+02 4.101199999999999846e-01 4.551790000000000003e-01 5.086190000000000433e-01
3.100000000000000000e+02 4.099619999999999931e-01 4.550109999999999988e-01 5.084600000000000231e-01
3.110000000000000000e+02 4.099929999999999963e-01 4.550339999999999940e-01 5.084889999999999688e-01
3.120000000000000000e+02 4.098390000000000088e-01 4.548699999999999966e-01 5.083330000000000348e-01
3.130000000000000000e+02 4.096600000000000241e-01 4.546799999999999731e-01 5.081510000000000193e-01
3.140000000000000000e+02 4.095909999999999829e-01 4.546049999999999813e-01 5.080829999999999513e-01
3.150000000000000000e+02 4.095139999999999891e-01 4.545179999999999776e-01 5.080050000000000399e-01
3.160000000000000000e+02 4.097620000000000151e-01 4.547559999999999936e-01 5.082539999999999836e-01
3.170000000000000000e+02 4.099929999999999963e-01 4.549759999999999915e-01 5.084819999999999895e-01
3.180000000000000000e+02 4.101239999999999886e-01 4.550969999999999738e-01 5.086110000000000353e-01
3.190000000000000000e+02 4.099880000000000191e-01 4.549549999999999983e-01 5.084750000000000103e-01
3.200000000000000000e+02 4.098740000000000161e-01 4.548300000000000121e-01 5.083590000000000053e-01
3.210000000000000000e+02 4.098010000000000264e-01 4.547479999999999856e-01 5.082849999999999868e-01
3.220000000000000000e+02 4.098609999999999753e-01 4.547990000000000088e-01 5.083410000000000428e-01
3.230000000000000000e+02 4.097270000000000079e-01 4.546569999999999778e-01 5.082069999999999643e-01
3.240000000000000000e+02 4.096810000000000174e-01 4.546020000000000061e-01 5.081599999999999451e-01
3.250000000000000000e+02 4.096679999999999766e-01 4.545790000000000108e-01 5.081470000000000153e-01
3.260000000000000000e+02 4.099729999999999763e-01 4.548740000000000006e-01 5.084499999999999575e-01
3.270000000000000000e+02 4.099860000000000171e-01 4.548780000000000046e-01 5.084629999999999983e-01
3.280000000000000000e+02 4.101339999999999986e-01 4.550159999999999760e-01 5.086079999999999490e-01
3.290000000000000000e+02 4.100719999999999921e-01 4.549480000000000190e-01 5.085480000000000000e-01
3.300000000000000000e+02 4.099119999999999986e-01 4.547789999999999888e-01 5.083870000000000333e-01
3.310000000000000000e+02 4.098930000000000073e-01 4.547519999999999896e-01 5.083659999999999846e-01
3.320000000000000000e+02 4.098530000000000229e-01 4.547039999999999971e-01 5.083239999999999981e-01
3.330000000000000000e+02 4.096350000000000269e-01 4.544790000000000219e-01 5.081059999999999466e-01
3.340000000000000000e+02 4.097359999999999891e-01 4.545710000000000028e-01 5.082029999999999603e-01
3.350000000000000000e+02 4.097370000000000179e-01 4.545640000000000236e-01 5.082020000000000426e-01
3.360000000000000000e+02 4.101520000000000166e-01 4.549670000000000103e-01 5.086169999999999858e-01
3.370000000000000000e+02 4.100010000000000043e-01 4.548090000000000188e-01 5.084649999999999448e-01
3.380000000000000000e+02 4.099419999999999731e-01 4.547419999999999796e-01 5.084049999999999958e-01
3.390000000000000000e+02 4.097239999999999771e-01 4.545170000000000043e-01 5.081870000000000553e-01
3.400000000000000000e+02 4.098550000000000249e-01 4.546410000000000173e-01 5.083189999999999653e-01
3.410000000000000000e+02 4.099059999999999926e-01 4.546879999999999811e-01 5.083710000000000173e-01
3.420000000000000000e+02 4.097160000000000246e-01 4.544909999999999783e-01 5.081799999999999651e-01
3.430000000000000000e+02 4.098069999999999768e-01 4.545750000000000068e-01 5.082710000000000283e-01
3.440000000000000000e+02 4.099659999999999971e-01 4.547249999999999903e-01 5.084300000000000486e-01
3.450000000000000000e+02 4.100159999999999916e-01 4.547649999999999748e-01 5.084779999999999855e-01
3.460000000000000000e+02 4.101319999999999966e-01 4.548740000000000006e-01 5.085929999999999618e-01
3.470000000000000000e+02 4.100530000000000008e-01 4.547849999999999948e-01 5.085119999999999640e-01
3.480000000000000000e+02 4.098740000000000161e-01 4.546009999999999773e-01 5.083320000000000061e-01
3.490000000000000000e+02 4.098740000000000161e-01 4.545950000000000268e-01 5.083290000000000308e-01
3.500000000000000000e+02 4.099499999999999811e-01 4.546640000000000126e-01 5.084049999999999958e-01
3.510000000000000000e+02 4.098959999999999826e-01 4.546040000000000081e-01 5.083499999999999686e-01
3.520000000000000000e+02 4.098379999999999801e-01 4.545379999999999976e-01 5.082900000000000196e-01
3.530000000000000000e+02 4.098419999999999841e-01 4.545310000000000183e-01 5.082910000000000483e-01
3.540000000000000000e+02 4.099909999999999943e-01 4.546740000000000226e-01 5.084370000000000278e-01
3.550000000000000000e+02 4.100019999999999776e-01 4.546760000000000246e-01 5.084490000000000398e-01
3.560000000000000000e+02 4.100480000000000236e-01 4.547160000000000091e-01 5.084940000000000015e-01
3.570000000000000000e+02 4.099140000000000006e-01 4.545759999999999801e-01 5.083590000000000053e-01
3.580000000000000000e+02 4.099209999999999798e-01 4.545770000000000088e-01 5.083659999999999846e-01
3.590000000000000000e+02 4.098910000000000053e-01 4.545399999999999996e-01 5.083339999999999526e-01
3.600000000000000000e+02 4.098620000000000041e-01 4.545049999999999923e-01 5.083029999999999493e-01
3.610000000000000000e+02 4.098959999999999826e-01 4.545319999999999916e-01 5.083349999999999813e-01
3.620000000000000000e+02 4.097890000000000144e-01 4.544199999999999906e-01 5.082280000000000131e-01
3.630000000000000000e+02 4.100170000000000203e-01 4.546419999999999906e-01 5.084539999999999615e-01
3.640000000000000000e+02 4.100349999999999828e-01 4.546520000000000006e-01 5.084710000000000063e-01
3.650000000000000000e+02 4.100670000000000148e-01 4.546799999999999731e-01 5.085020000000000095e-01
3.660000000000000000e+02 4.100170000000000203e-01 4.546229999999999993e-01 5.084499999999999575e-01
3.670000000000000000e+02 4.099260000000000126e-01 4.545279999999999876e-01 5.083590000000000053e-01
3.680000000000000000e+02 4.098600000000000021e-01 4.544560000000000266e-01 5.082919999999999661e-01
3.690000000000000000e+02 4.098899999999999766e-01 4.544790000000000219e-01 5.083210000000000228e-01
3.700000000000000000e+02 4.100170000000000203e-01 4.546009999999999773e-01 5.084459999999999535e-01
3.710000000000000000e+02 4.099679999999999991e-01 4.545469999999999788e-01 5.083959999999999591e-01
3.720000000000000000e+02 4.098499999999999921e-01 4.544190000000000174e-01 5.082769999999999788e-01
3.730000000000000000e+02 4.099809999999999843e-01 4.545429999999999748e-01 5.084070000000000533e-01
3.740000000000000000e+02 4.100770000000000248e-01 4.546339999999999826e-01 5.085030000000000383e-01
3.750000000000000000e+02 4.101310000000000233e-01 4.546839999999999771e-01 5.085570000000000368e-01
3.760000000000000000e+02 4.098859999999999726e-01 4.544309999999999738e-01 5.083119999999999861e-01
3.770000000000000000e+02 4.098840000000000261e-01 4.544250000000000234e-01 5.083090000000000108e-01
3.780000000000000000e+02 4.097729999999999984e-01 4.543090000000000184e-01 5.081970000000000098e-01
3.790000000000000000e+02 4.097930000000000184e-01 4.543240000000000056e-01 5.082160000000000011e-01
3.800000000000000000e+02 4.098100000000000076e-01 4.543320000000000136e-01 5.082309999999999883e-01
3.810000000000000000e+02 4.098160000000000136e-01 4.543329999999999869e-01 5.082389999999999963e-01
3.820000000000000000e+02 4.098789999999999933e-01 4.543900000000000161e-01 5.082989999999999453e-01
3.830000000000000000e+02 4.099869999999999903e-01 4.544929999999999803e-01 5.084079999999999711e-01
3.840000000000000000e+02 4.100639999999999841e-01 4.545669999999999988e-01 5.084880000000000511e-01
3.850000000000000000e+02 4.099369999999999958e-01 4.544349999999999778e-01 5.083590000000000053e-01
3.860000000000000000e+02 4.098870000000000013e-01 4.543809999999999794e-01 5.083090000000000108e-01
3.870000000000000000e+02 4.098220000000000196e-01 4.543110000000000204e-01 5.082419999999999716e-01
3.880000000000000000e+02 4.098120000000000096e-01 4.542939999999999756e-01 5.082320000000000171e-01
3.890000000000000000e+02 4.098229999999999928e-01 4.542999999999999816e-01 5.082410000000000538e-01
3.900000000000000000e+02 4.097169999999999979e-01 4.541870000000000074e-01 5.081320000000000281e-01
3.910000000000000000e+02 4.098169999999999868e-01 4.542829999999999924e-01 5.082320000000000171e-01
3.920000000000000000e+02 4.098649999999999793e-01 4.543260000000000076e-01 5.082820000000000116e-01
3.930000000000000000e+02 4.099419999999999731e-01 4.543989999999999974e-01 5.083569999999999478e-01
3.940000000000000000e+02 4.098680000000000101e-01 4.543179999999999996e-01 5.082820000000000116e-01
3.950000000000000000e+02 4.097839999999999816e-01 4.542300000000000226e-01 5.081970000000000098e-01
3.960000000000000000e+02 4.097759999999999736e-01 4.542169999999999819e-01 5.081879999999999731e-01
3.970000000000000000e+02 4.097770000000000024e-01 4.542140000000000066e-01 5.081890000000000018e-01
3.980000000000000000e+02 4.097609999999999864e-01 4.541930000000000134e-01 5.081729999999999858e-01
3.990000000000000000e+02 4.097399999999999931e-01 4.541669999999999874e-01 5.081520000000000481e-01
4.000000000000000000e+02 4.097680000000000211e-01 4.541870000000000074e-01 5.081799999999999651e-01
4.010000000000000000e+02 4.098280000000000256e-01 4.542419999999999791e-01 5.082379999999999676e-01
4.020000000000000000e+02 4.098100000000000076e-01 4.542200000000000126e-01 5.082189999999999763e-01
4.030000000000000000e+02 4.097629999999999884e-01 4.541680000000000161e-01 5.081700000000000106e-01
4.040000000000000000e+02 4.097299999999999831e-01 4.541310000000000069e-01 5.081350000000000033e-01
4.050000000000000000e+02 4.098019999999999996e-01 4.541979999999999906e-01 5.082069999999999643e-01
4.060000000000000000e+02 4.097549999999999804e-01 4.541470000000000229e-01 5.081569999999999698e-01
4.070000000000000000e+02 4.096549999999999914e-01 4.540420000000000011e-01 5.080559999999999521e-01
4.080000000000000000e+02 4.095779999999999976e-01 4.539599999999999747e-01 5.079780000000000406e-01
4.090000000000000000e+02 4.096620000000000261e-01 4.540409999999999724e-01 5.080620000000000136e-01
4.100000000000000000e+02 4.096879999999999966e-01 4.540620000000000211e-01 5.080869999999999553e-01
4.110000000000000000e+02 4.097270000000000079e-01 4.540950000000000264e-01 5.081250000000000488e-01
4.120000000000000000e+02 4.097649999999999904e-01 4.541290000000000049e-01 5.081620000000000026e-01
4.130000000000000000e+02 4.097740000000000271e-01 4.541310000000000069e-01 5.081689999999999818e-01
4.140000000000000000e+02 4.097160000000000246e-01 4.540730000000000044e-01 5.081139999999999546e-01
4.150000000000000000e+02 4.096870000000000234e-01 4.540390000000000259e-01 5.080860000000000376e-01
4.160000000000000000e+02 4.097149999999999959e-01 4.540629999999999944e-01 5.081120000000000081e-01
4.170000000000000000e+02 4.097129999999999939e-01 4.540569999999999884e-01 5.081109999999999793e-01
4.180000000000000000e+02 4.096799999999999886e-01 4.540199999999999791e-01 5.080770000000000008e-01
4.190000000000000000e+02 4.096790000000000154e-01 4.540150000000000019e-01 5.080750000000000544e-01
4.200000000000000000e+02 4.097210000000000019e-01 4.540509999999999824e-01 5.081170000000000408e-01
4.210000000000000000e+02 4.098200000000000176e-01 4.541459999999999941e-01 5.082149999999999723e-01
4.220000000000000000e+02 4.098249999999999948e-01 4.541459999999999941e-01 5.082179999999999476e-01
4.230000000000000000e+02 4.096170000000000089e-01 4.539340000000000042e-01 5.080080000000000151e-01
4.240000000000000000e+02 4.096369999999999734e-01 4.539489999999999914e-01 5.080259999999999776e-01
4.250000000000000000e+02 4.096330000000000249e-01 4.539409999999999834e-01 5.080200000000000271e-01
4.260000000000000000e+02 4.094969999999999999e-01 4.537999999999999812e-01 5.078829999999999734e-01
4.270000000000000000e+02 4.096739999999999826e-01 4.539739999999999887e-01 5.080599999999999561e-01
4.280000000000000000e+02 4.097020000000000106e-01 4.539989999999999859e-01 5.080869999999999553e-01
4.290000000000000000e+02 4.096489999999999854e-01 4.539409999999999834e-01 5.080350000000000144e-01
4.300000000000000000e+02 4.097779999999999756e-01 4.540669999999999984e-01 5.081639999999999491e-01
4.310000000000000000e+02 4.097250000000000059e-01 4.540100000000000247e-01 5.081090000000000328e-01
4.320000000000000000e+02 4.096859999999999946e-01 4.539659999999999807e-01 5.080700000000000216e-01
4.330000000000000000e+02 4.096750000000000114e-01 4.539500000000000202e-01 5.080569999999999808e-01
4.340000000000000000e+02 4.096110000000000029e-01 4.538829999999999809e-01 5.079930000000000279e-01
4.350000000000000000e+02 4.096350000000000269e-01 4.539030000000000009e-01 5.080170000000000519e-01
4.360000000000000000e+02 4.095929999999999849e-01 4.538570000000000104e-01 5.079749999999999543e-01
4.370000000000000000e+02 4.095980000000000176e-01 4.538599999999999857e-01 5.079829999999999623e-01
4.380000000000000000e+02 4.095619999999999816e-01 4.538200000000000012e-01 5.079489999999999839e-01
4.390000000000000000e+02 4.096480000000000121e-01 4.539009999999999989e-01 5.080339999999999856e-01
4.400000000000000000e+02 4.097580000000000111e-01 4.540069999999999939e-01 5.081449999999999578e-01
4.410000000000000000e+02 4.097790000000000044e-01 4.540239999999999831e-01 5.081639999999999491e-01
4.420000000000000000e+02 4.096440000000000081e-01 4.538849999999999829e-01 5.080299999999999816e-01
4.430000000000000000e+02 4.095909999999999829e-01 4.538289999999999824e-01 5.079759999999999831e-01
4.440000000000000000e+02 4.095960000000000156e-01 4.538309999999999844e-01 5.079810000000000159e-01
4.450000000000000000e+02 4.095260000000000011e-01 4.537559999999999927e-01 5.079090000000000549e-01
4.460000000000000000e+02 4.095699999999999896e-01 4.537970000000000059e-01 5.079519999999999591e-01
4.470000000000000000e+02 4.096250000000000169e-01 4.538490000000000024e-01 5.080050000000000399e-01
4.480000000000000000e+02 4.096750000000000114e-01 4.538949999999999929e-01 5.080540000000000056e-01
4.490000000000000000e+02 4.096870000000000234e-01 4.539039999999999742e-01 5.080670000000000464e-01
4.500000000000000000e+02 4.096779999999999866e-01 4.538909999999999889e-01 5.080550000000000344e-01
4.510000000000000000e+02 4.096230000000000149e-01 4.538340000000000152e-01 5.079989999999999783e-01
4.520000000000000000e+02 4.095639999999999836e-01 4.537709999999999799e-01 5.079409999999999759e-01
4.530000000000000000e+02 4.095690000000000164e-01 4.537729999999999819e-01 5.079449999999999799e-01
4.540000000000000000e+02 4.095730000000000204e-01 4.537749999999999839e-01 5.079500000000000126e-01
4.550000000000000000e+02 4.095539999999999736e-01 4.537510000000000154e-01 5.079280000000000461e-01
4.560000000000000000e+02 4.095860000000000056e-01 4.537800000000000167e-01 5.079609999999999959e-01
4.570000000000000000e+02 4.096389999999999754e-01 4.538289999999999824e-01 5.080139999999999656e-01
4.580000000000000000e+02 4.096469999999999834e-01 4.538329999999999864e-01 5.080219999999999736e-01
4.590000000000000000e+02 4.096839999999999926e-01 4.538670000000000204e-01 5.080590000000000384e-01
4.600000000000000000e+02 4.096609999999999974e-01 4.538420000000000232e-01 5.080360000000000431e-01
4.610000000000000000e+02 4.096839999999999926e-01 4.538619999999999877e-01 5.080599999999999561e-01
4.620000000000000000e+02 4.096130000000000049e-01 4.537880000000000247e-01 5.079909999999999703e-01
4.630000000000000000e+02 4.095719999999999916e-01 4.537419999999999787e-01 5.079470000000000374e-01
4.640000000000000000e+02 4.095880000000000076e-01 4.537550000000000194e-01 5.079609999999999959e-01
4.650000000000000000e+02 4.095650000000000124e-01 4.537280000000000202e-01 5.079369999999999719e-01
4.660000000000000000e+02 4.096710000000000074e-01 4.538329999999999864e-01 5.080440000000000511e-01
4.670000000000000000e+02 4.096609999999999974e-01 4.538209999999999744e-01 5.080350000000000144e-01
4.680000000000000000e+02 4.095889999999999809e-01 4.537439999999999807e-01 5.079620000000000246e-01
4.690000000000000000e+02 4.096250000000000169e-01 4.537760000000000127e-01 5.079949999999999743e-01
4.700000000000000000e+02 4.095940000000000136e-01 4.537439999999999807e-01 5.079649999999999999e-01
4.710000000000000000e+02 4.096270000000000189e-01 4.537720000000000087e-01 5.079970000000000319e-01
4.720000000000000000e+02 4.095369999999999844e-01 4.536789999999999989e-01 5.079080000000000261e-01
4.730000000000000000e+02 4.095119999999999871e-01 4.536519999999999997e-01 5.078810000000000269e-01
4.740000000000000000e+02 4.095219999999999971e-01 4.536580000000000057e-01 5.078899999999999526e-01
4.750000000000000000e+02 4.095110000000000139e-01 4.536439999999999917e-01 5.078789999999999694e-01
4.760000000000000000e+02 4.095170000000000199e-01 4.536470000000000224e-01 5.078840000000000021e-01
4.770000000000000000e+02 4.095590000000000064e-01 4.536879999999999802e-01 5.079249999999999599e-01
4.780000000000000000e+02 4.095249999999999724e-01 4.536499999999999977e-01 5.078899999999999526e-01
4.790000000000000000e+02 4.095260000000000011e-01 4.536479999999999957e-01 5.078909999999999814e-01
4.800000000000000000e+02 4.095400000000000151e-01 4.536600000000000077e-01 5.079059999999999686e-01
4.810000000000000000e+02 4.095659999999999856e-01 4.536830000000000029e-01 5.079329999999999679e-01
4.820000000000000000e+02 4.094979999999999731e-01 4.536140000000000172e-01 5.078650000000000109e-01
4.830000000000000000e+02 4.094760000000000066e-01 4.535879999999999912e-01 5.078430000000000444e-01
4.840000000000000000e+02 4.094639999999999946e-01 4.535730000000000040e-01 5.078289999999999749e-01
4.850000000000000000e+02 4.094070000000000209e-01 4.535129999999999995e-01 5.077700000000000546e-01
4.860000000000000000e+02 4.094189999999999774e-01 4.535210000000000075e-01 5.077800000000000091e-01
4.870000000000000000e+02 4.094200000000000061e-01 4.535199999999999787e-01 5.077819999999999556e-01
4.880000000000000000e+02 4.094349999999999934e-01 4.535319999999999907e-01 5.077970000000000539e-01
4.890000000000000000e+02 4.094470000000000054e-01 4.535410000000000275e-01 5.078070000000000084e-01
4.900000000000000000e+02 4.094550000000000134e-01 4.535460000000000047e-01 5.078139999999999876e-01
4.910000000000000000e+02 4.094470000000000054e-01 4.535339999999999927e-01 5.078070000000000084e-01
4.920000000000000000e+02 4.093930000000000069e-01 4.534770000000000190e-01 5.077519999999999811e-01
4.930000000000000000e+02 4.094220000000000081e-01 4.535009999999999875e-01 5.077819999999999556e-01
4.940000000000000000e+02 4.094189999999999774e-01 4.534940000000000082e-01 5.077770000000000339e-01
4.950000000000000000e+02 4.094329999999999914e-01 4.535049999999999915e-01 5.077909999999999924e-01
4.960000000000000000e+02 4.093939999999999801e-01 4.534630000000000050e-01 5.077519999999999811e-01
4.970000000000000000e+02 4.094559999999999866e-01 4.535239999999999827e-01 5.078139999999999876e-01
4.980000000000000000e+02 4.095079999999999831e-01 4.535730000000000040e-01 5.078660000000000396e-01
4.990000000000000000e+02 4.094300000000000161e-01 4.534920000000000062e-01 5.077869999999999884e-01
5.000000000000000000e+02 4.093689999999999829e-01 4.534270000000000245e-01 5.077249999999999819e-01
5.010000000000000000e+02 4.094090000000000229e-01 4.534659999999999802e-01 5.077650000000000219e-01
5.020000000000000000e+02 4.094349999999999934e-01 4.534880000000000022e-01 5.077890000000000459e-01
5.030000000000000000e+02 4.093780000000000197e-01 4.534299999999999997e-01 5.077319999999999611e-01
5.040000000000000000e+02 4.094550000000000134e-01 4.535049999999999915e-01 5.078089999999999549e-01
5.050000000000000000e+02 4.093729999999999869e-01 4.534210000000000185e-01 5.077279999999999571e-01
5.060000000000000000e+02 4.093459999999999877e-01 4.533900000000000152e-01 5.076979999999999826e-01
5.070000000000000000e+02 4.093490000000000184e-01 4.533909999999999885e-01 5.077009999999999579e-01
5.080000000000000000e+02 4.093899999999999761e-01 4.534299999999999997e-01 5.077430000000000554e-01
5.090000000000000000e+02 4.094349999999999934e-01 4.534710000000000130e-01 5.077869999999999884e-01
5.100000000000000000e+02 4.094380000000000241e-01 4.534719999999999862e-01 5.077890000000000459e-01
5.110000000000000000e+02 4.093840000000000257e-01 4.534159999999999857e-01 5.077369999999999939e-01
5.120000000000000000e+02 4.093539999999999957e-01 4.533849999999999825e-01 5.077070000000000194e-01
5.130000000000000000e+02 4.093600000000000017e-01 4.533880000000000132e-01 5.077110000000000234e-01
5.140000000000000000e+02 4.093919999999999781e-01 4.534179999999999877e-01 5.077439999999999731e-01
5.150000000000000000e+02 4.093680000000000097e-01 4.533929999999999905e-01 5.077220000000000066e-01
5.160000000000000000e+02 4.094459999999999766e-01 4.534690000000000110e-01 5.077979999999999716e-01
5.170000000000000000e+02 4.093890000000000029e-01 4.534099999999999797e-01 5.077420000000000266e-01
5.180000000000000000e+02 4.094329999999999914e-01 4.534520000000000217e-01 5.077850000000000419e-01
5.190000000000000000e+02 4.093709999999999849e-01 4.533889999999999865e-01 5.077239999999999531e-01
5.200000000000000000e+02 4.093300000000000272e-01 4.533470000000000000e-01 5.076819999999999666e-01
5.210000000000000000e+02 4.093450000000000144e-01 4.533599999999999852e-01 5.076979999999999826e-01
5.220000000000000000e+02 4.093479999999999897e-01 4.533590000000000120e-01 5.077009999999999579e-01
5.230000000000000000e+02 4.093149999999999844e-01 4.533229999999999760e-01 5.076669999999999794e-01
5.240000000000000000e+02 4.092999999999999972e-01 4.533050000000000135e-01 5.076509999999999634e-01
5.250000000000000000e+02 4.093370000000000064e-01 4.533380000000000187e-01 5.076850000000000529e-01
5.260000000000000000e+02 4.094149999999999734e-01 4.534150000000000125e-01 5.077620000000000466e-01
5.270000000000000000e+02 4.093809999999999949e-01 4.533789999999999765e-01 5.077279999999999571e-01
5.280000000000000000e+02 4.093350000000000044e-01 4.533300000000000107e-01 5.076810000000000489e-01
5.290000000000000000e+02 4.093339999999999756e-01 4.533280000000000087e-01 5.076789999999999914e-01
5.300000000000000000e+02 4.093209999999999904e-01 4.533130000000000215e-01 5.076650000000000329e-01
5.310000000000000000e+02 4.092950000000000199e-01 4.532840000000000202e-01 5.076380000000000337e-01
5.320000000000000000e+02 4.092790000000000039e-01 4.532630000000000270e-01 5.076209999999999889e-01
5.330000000000000000e+02 4.092919999999999892e-01 4.532749999999999835e-01 5.076349999999999474e-01
5.340000000000000000e+02 4.093510000000000204e-01 4.533320000000000127e-01 5.076929999999999499e-01
5.350000000000000000e+02 4.093470000000000164e-01 4.533240000000000047e-01 5.076889999999999459e-01
5.360000000000000000e+02 4.093319999999999736e-01 4.533070000000000155e-01 5.076749999999999874e-01
5.370000000000000000e+02 4.093249999999999944e-01 4.532979999999999787e-01 5.076680000000000081e-01
5.380000000000000000e+02 4.092850000000000099e-01 4.532590000000000230e-01 5.076289999999999969e-01
5.390000000000000000e+02 4.092770000000000019e-01 4.532499999999999862e-01 5.076220000000000176e-01
5.400000000000000000e+02 4.093060000000000032e-01 4.532800000000000162e-01 5.076509999999999634e-01
5.410000000000000000e+02 4.092919999999999892e-01 4.532619999999999982e-01 5.076370000000000049e-01
5.420000000000000000e+02 4.092620000000000147e-01 4.532300000000000217e-01 5.076049999999999729e-01
5.430000000000000000e+02 4.093249999999999944e-01 4.532880000000000242e-01 5.076669999999999794e-01
5.440000000000000000e+02 4.093109999999999804e-01 4.532720000000000082e-01 5.076540000000000497e-01
5.450000000000000000e+02 4.093029999999999724e-01 4.532640000000000002e-01 5.076460000000000417e-01
5.460000000000000000e+02 4.093069999999999764e-01 4.532649999999999735e-01 5.076479999999999881e-01
5.470000000000000000e+02 4.093530000000000224e-01 4.533070000000000155e-01 5.076929999999999499e-01
5.480000000000000000e+02 4.093660000000000077e-01 4.533200000000000007e-01 5.077080000000000481e-01
5.490000000000000000e+02 4.093100000000000072e-01 4.532610000000000250e-01 5.076519999999999921e-01
5.500000000000000000e+02 4.093289999999999984e-01 4.532789999999999875e-01 5.076720000000000121e-01
5.510000000000000000e+02 4.092939999999999912e-01 4.532419999999999782e-01 5.076340000000000297e-01
5.520000000000000000e+02 4.093390000000000084e-01 4.532840000000000202e-01 5.076810000000000489e-01
5.530000000000000000e+02 4.093350000000000044e-01 4.532800000000000162e-01 5.076779999999999626e-01
5.540000000000000000e+02 4.092919999999999892e-01 4.532340000000000257e-01 5.076340000000000297e-01
5.550000000000000000e+02 4.093069999999999764e-01 4.532490000000000130e-01 5.076490000000000169e-01
5.560000000000000000e+02 4.092950000000000199e-01 4.532349999999999990e-01 5.076370000000000049e-01
5.570000000000000000e+02 4.092990000000000239e-01 4.532370000000000010e-01 5.076410000000000089e-01
5.580000000000000000e+02 4.093149999999999844e-01 4.532530000000000170e-01 5.076570000000000249e-01
5.590000000000000000e+02 4.093049999999999744e-01 4.532410000000000050e-01 5.076469999999999594e-01
5.600000000000000000e+02 4.093100000000000072e-01 4.532419999999999782e-01 5.076519999999999921e-01
5.610000000000000000e+02 4.092839999999999812e-01 4.532149999999999790e-01 5.076260000000000217e-01
5.620000000000000000e+02 4.092859999999999832e-01 4.532149999999999790e-01 5.076279999999999681e-01
5.630000000000000000e+02 4.092629999999999879e-01 4.531910000000000105e-01 5.076030000000000264e-01
5.640000000000000000e+02 4.093160000000000132e-01 4.532450000000000090e-01 5.076580000000000537e-01
5.650000000000000000e+02 4.093220000000000192e-01 4.532519999999999882e-01 5.076650000000000329e-01
5.660000000000000000e+02 4.093459999999999877e-01 4.532720000000000082e-01 5.076889999999999459e-01
5.670000000000000000e+02 4.093040000000000012e-01 4.532260000000000177e-01 5.076479999999999881e-01
5.680000000000000000e+02 4.092999999999999972e-01 4.532209999999999850e-01 5.076439999999999841e-01
5.690000000000000000e+02 4.093040000000000012e-01 4.532220000000000137e-01 5.076479999999999881e-01
5.700000000000000000e+02 4.093029999999999724e-01 4.532189999999999830e-01 5.076460000000000417e-01
5.710000000000000000e+02 4.092740000000000267e-01 4.531859999999999777e-01 5.076180000000000136e-01
5.720000000000000000e+02 4.092629999999999879e-01 4.531740000000000212e-01 5.076060000000000016e-01
5.730000000000000000e+02 4.092939999999999912e-01 4.531999999999999917e-01 5.076359999999999761e-01
5.740000000000000000e+02 4.093419999999999837e-01 4.532459999999999822e-01 5.076819999999999666e-01
5.750000000000000000e+02 4.092689999999999939e-01 4.531700000000000172e-01 5.076079999999999481e-01
5.760000000000000000e+02 4.092540000000000067e-01 4.531549999999999745e-01 5.075939999999999896e-01
5.770000000000000000e+02 4.092609999999999859e-01 4.531629999999999825e-01 5.075990000000000224e-01
5.780000000000000000e+02 4.092459999999999987e-01 4.531470000000000220e-01 5.075849999999999529e-01
5.790000000000000000e+02 4.092700000000000227e-01 4.531709999999999905e-01 5.076100000000000056e-01
5.800000000000000000e+02 4.092540000000000067e-01 4.531540000000000012e-01 5.075920000000000432e-01
5.810000000000000000e+02 4.092560000000000087e-01 4.531529999999999725e-01 5.075950000000000184e-01
5.820000000000000000e+02 4.092759999999999732e-01 4.531709999999999905e-01 5.076129999999999809e-01
5.830000000000000000e+02 4.092580000000000107e-01 4.531529999999999725e-01 5.075960000000000472e-01
5.840000000000000000e+02 4.092339999999999867e-01 4.531270000000000020e-01 5.075709999999999944e-01
5.850000000000000000e+02 4.092600000000000127e-01 4.531519999999999992e-01 5.075969999999999649e-01
5.860000000000000000e+02 4.092569999999999819e-01 4.531470000000000220e-01 5.075950000000000184e-01
5.870000000000000000e+02 4.092489999999999739e-01 4.531379999999999852e-01 5.075859999999999816e-01
5.880000000000000000e+02 4.092390000000000194e-01 4.531270000000000020e-01 5.075769999999999449e-01
5.890000000000000000e+02 4.092169999999999974e-01 4.531029999999999780e-01 5.075560000000000072e-01
5.900000000000000000e+02 4.092549999999999799e-01 4.531390000000000140e-01 5.075939999999999896e-01
5.910000000000000000e+02 4.092629999999999879e-01 4.531479999999999952e-01 5.076000000000000512e-01
5.920000000000000000e+02 4.092549999999999799e-01 4.531379999999999852e-01 5.075920000000000432e-01
5.930000000000000000e+02 4.092239999999999767e-01 4.531049999999999800e-01 5.075619999999999576e-01
5.940000000000000000e+02 4.092060000000000142e-01 4.530850000000000155e-01 5.075439999999999952e-01
5.950000000000000000e+02 4.091949999999999754e-01 4.530730000000000035e-01 5.075340000000000407e-01
5.960000000000000000e+02 4.092080000000000162e-01 4.530819999999999848e-01 5.075460000000000527e-01
5.970000000000000000e+02 4.092540000000000067e-01 4.531279999999999752e-01 5.075920000000000432e-01
5.980000000000000000e+02 4.092509999999999759e-01 4.531229999999999980e-01 5.075870000000000104e-01
5.990000000000000000e+02 4.092310000000000114e-01 4.531040000000000068e-01 5.075659999999999616e-01
6.000000000000000000e+02 4.091640000000000277e-01 4.530319999999999903e-01 5.074980000000000047e-01
6.010000000000000000e+02 4.092149999999999954e-01 4.530850000000000155e-01 5.075499999999999456e-01
6.020000000000000000e+02 4.092370000000000174e-01 4.531040000000000068e-01 5.075709999999999944e-01
6.030000000000000000e+02 4.092299999999999827e-01 4.530950000000000255e-01 5.075640000000000152e-01
6.040000000000000000e+02 4.092600000000000127e-01 4.531240000000000268e-01 5.075950000000000184e-01
6.050000000000000000e+02 4.092210000000000014e-01 4.530819999999999848e-01 5.075549999999999784e-01
6.060000000000000000e+02 4.092509999999999759e-01 4.531109999999999860e-01 5.075849999999999529e-01
6.070000000000000000e+02 4.092609999999999859e-01 4.531209999999999960e-01 5.075950000000000184e-01
6.080000000000000000e+02 4.092830000000000079e-01 4.531430000000000180e-01 5.076180000000000136e-01
6.090000000000000000e+02 4.091730000000000089e-01 4.530290000000000150e-01 5.075100000000000167e-01
6.100000000000000000e+02 4.091779999999999862e-01 4.530319999999999903e-01 5.075140000000000207e-01
6.110000000000000000e+02 4.091929999999999734e-01 4.530469999999999775e-01 5.075290000000000079e-01
6.120000000000000000e+02 4.092160000000000242e-01 4.530689999999999995e-01 5.075520000000000032e-01
6.130000000000000000e+02 4.091730000000000089e-01 4.530239999999999823e-01 5.075089999999999879e-01
6.140000000000000000e+02 4.092210000000000014e-01 4.530710000000000015e-01 5.075570000000000359e-01
6.150000000000000000e+02 4.092120000000000202e-01 4.530620000000000203e-01 5.075469999999999704e-01
6.160000000000000000e+02 4.092120000000000202e-01 4.530609999999999915e-01 5.075460000000000527e-01
6.170000000000000000e+02 4.092129999999999934e-01 4.530580000000000163e-01 5.075479999999999992e-01
6.180000000000000000e+02 4.092439999999999967e-01 4.530870000000000175e-01 5.075790000000000024e-01
6.190000000000000000e+02 4.092180000000000262e-01 4.530580000000000163e-01 5.075520000000000032e-01
6.200000000000000000e+02 4.091929999999999734e-01 4.530319999999999903e-01 5.075279999999999792e-01
6.210000000000000000e+02 4.092109999999999914e-01 4.530480000000000063e-01 5.075469999999999704e-01
6.220000000000000000e+02 4.091870000000000229e-01 4.530230000000000090e-01 5.075229999999999464e-01
6.230000000000000000e+02 4.092080000000000162e-01 4.530440000000000023e-01 5.075450000000000239e-01
6.240000000000000000e+02 4.092239999999999767e-01 4.530589999999999895e-01 5.075610000000000399e-01
6.250000000000000000e+02 4.092330000000000134e-01 4.530660000000000243e-01 5.075709999999999944e-01
6.260000000000000000e+02 4.092370000000000174e-01 4.530689999999999995e-01 5.075739999999999696e-01
6.270000000000000000e+02 4.092330000000000134e-01 4.530629999999999935e-01 5.075709999999999944e-01
6.280000000000000000e+02 4.092529999999999779e-01 4.530810000000000115e-01 5.075859999999999816e-01
6.290000000000000000e+02 4.092529999999999779e-01 4.530799999999999828e-01 5.075870000000000104e-01
6.300000000000000000e+02 4.092589999999999839e-01 4.530850000000000155e-01 5.075939999999999896e-01
6.310000000000000000e+02 4.091969999999999774e-01 4.530239999999999823e-01 5.075319999999999832e-01
6.320000000000000000e+02 4.092399999999999927e-01 4.530669999999999975e-01 5.075739999999999696e-01
6.330000000000000000e+02 4.092210000000000014e-01 4.530480000000000063e-01 5.075560000000000072e-01
6.340000000000000000e+02 4.092489999999999739e-01 4.530750000000000055e-01 5.075830000000000064e-01
6.350000000000000000e+02 4.092520000000000047e-01 4.530790000000000095e-01 5.075859999999999816e-01
6.360000000000000000e+02 4.092870000000000119e-01 4.531120000000000148e-01 5.076199999999999601e-01
6.370000000000000000e+02 4.092899999999999872e-01 4.531120000000000148e-01 5.076220000000000176e-01
6.380000000000000000e+02 4.093200000000000172e-01 4.531430000000000180e-01 5.076530000000000209e-01
6.390000000000000000e+02 4.092890000000000139e-01 4.531100000000000128e-01 5.076239999999999641e-01
6.400000000000000000e+02 4.092680000000000207e-01 4.530899999999999928e-01 5.076040000000000552e-01
6.410000000000000000e+02 4.092749999999999999e-01 4.530939999999999968e-01 5.076100000000000056e-01
6.420000000000000000e+02 4.092489999999999739e-01 4.530660000000000243e-01 5.075830000000000064e-01
6.430000000000000000e+02 4.092529999999999779e-01 4.530669999999999975e-01 5.075880000000000392e-01
6.440000000000000000e+02 4.092970000000000219e-01 4.531109999999999860e-01 5.076330000000000009e-01
6.450000000000000000e+02 4.092560000000000087e-01 4.530719999999999748e-01 5.075910000000000144e-01
6.460000000000000000e+02 4.092870000000000119e-01 4.530989999999999740e-01 5.076220000000000176e-01
6.470000000000000000e+02 4.092669999999999919e-01 4.530790000000000095e-01 5.076030000000000264e-01
6.480000000000000000e+02 4.092459999999999987e-01 4.530529999999999835e-01 5.075830000000000064e-01
6.490000000000000000e+02 4.092480000000000007e-01 4.530540000000000123e-01 5.075849999999999529e-01
6.500000000000000000e+02 4.092410000000000214e-01 4.530429999999999735e-01 5.075790000000000024e-01
6.510000000000000000e+02 4.092330000000000134e-01 4.530339999999999923e-01 5.075699999999999656e-01
6.520000000000000000e+02 4.092359999999999887e-01 4.530350000000000210e-01 5.075720000000000232e-01
6.530000000000000000e+02 4.092700000000000227e-01 4.530680000000000263e-01 5.076040000000000552e-01
6.540000000000000000e+02 4.092660000000000187e-01 4.530620000000000203e-01 5.076000000000000512e-01
6.550000000000000000e+02 4.092509999999999759e-01 4.530440000000000023e-01 5.075849999999999529e-01
6.560000000000000000e+02 4.092609999999999859e-01 4.530509999999999815e-01 5.075929999999999609e-01
6.570000000000000000e+02 4.092520000000000047e-01 4.530410000000000270e-01 5.075830000000000064e-01
6.580000000000000000e+02 4.092549999999999799e-01 4.530429999999999735e-01 5.075870000000000104e-01
6.590000000000000000e+02 4.092290000000000094e-01 4.530159999999999743e-01 5.075610000000000399e-01
6.600000000000000000e+02 4.092740000000000267e-01 4.530600000000000183e-01 5.076049999999999729e-01
6.610000000000000000e+02 4.092660000000000187e-01 4.530500000000000083e-01 5.075960000000000472e-01
6.620000000000000000e+02 4.092749999999999999e-01 4.530569999999999875e-01 5.076060000000000016e-01
6.630000000000000000e+02 4.092689999999999939e-01 4.530489999999999795e-01 5.076000000000000512e-01
6.640000000000000000e+02 4.092319999999999847e-01 4.530120000000000258e-01 5.075619999999999576e-01
6.650000000000000000e+02 4.092370000000000174e-01 4.530170000000000030e-01 5.075659999999999616e-01
6.660000000000000000e+02 4.092189999999999994e-01 4.529989999999999850e-01 5.075479999999999992e-01
6.670000000000000000e+02 4.092310000000000114e-01 4.530109999999999970e-01 5.075600000000000112e-01
6.680000000000000000e+02 4.092569999999999819e-01 4.530379999999999963e-01 5.075880000000000392e-01
6.690000000000000000e+02 4.092500000000000027e-01 4.530310000000000170e-01 5.075819999999999776e-01
6.700000000000000000e+02 4.092560000000000087e-01 4.530350000000000210e-01 5.075889999999999569e-01
6.710000000000000000e+02 4.092500000000000027e-01 4.530290000000000150e-01 5.075840000000000352e-01
6.720000000000000000e+02 4.092689999999999939e-01 4.530440000000000023e-01 5.076019999999999976e-01
6.730000000000000000e+02 4.092529999999999779e-01 4.530259999999999843e-01 5.075870000000000104e-01
6.740000000000000000e+02 4.092609999999999859e-01 4.530319999999999903e-01 5.075950000000000184e-01
6.750000000000000000e+02 4.092450000000000254e-01 4.530150000000000010e-01 5.075779999999999736e-01
6.760000000000000000e+02 4.092609999999999859e-01 4.530299999999999883e-01 5.075950000000000184e-01
6.770000000000000000e+02 4.092379999999999907e-01 4.530080000000000218e-01 5.075730000000000519e-01
6.780000000000000000e+02 4.092759999999999732e-01 4.530429999999999735e-01 5.076100000000000056e-01
6.790000000000000000e+02 4.092470000000000274e-01 4.530120000000000258e-01 5.075809999999999489e-01
6.800000000000000000e+02 4.092649999999999899e-01 4.530270000000000130e-01 5.075979999999999936e-01
6.810000000000000000e+02 4.092790000000000039e-01 4.530379999999999963e-01 5.076110000000000344e-01
6.820000000000000000e+02 4.092569999999999819e-01 4.530150000000000010e-01 5.075899999999999856e-01
6.830000000000000000e+02 4.092279999999999807e-01 4.529869999999999730e-01 5.075589999999999824e-01
6.840000000000000000e+02 4.092410000000000214e-01 4.529980000000000118e-01 5.075699999999999656e-01
6.850000000000000000e+02 4.092549999999999799e-01 4.530100000000000238e-01 5.075849999999999529e-01
6.860000000000000000e+02 4.092830000000000079e-01 4.530370000000000230e-01 5.076129999999999809e-01
6.870000000000000000e+02 4.093109999999999804e-01 4.530640000000000223e-01 5.076420000000000377e-01
6.880000000000000000e+02 4.092740000000000267e-01 4.530270000000000130e-01 5.076070000000000304e-01
6.890000000000000000e+02 4.092759999999999732e-01 4.530270000000000130e-01 5.076070000000000304e-01
6.900000000000000000e+02 4.092669999999999919e-01 4.530170000000000030e-01 5.075979999999999936e-01
6.910000000000000000e+02 4.092509999999999759e-01 4.529989999999999850e-01 5.075809999999999489e-01
6.920000000000000000e+02 4.092879999999999852e-01 4.530350000000000210e-01 5.076159999999999561e-01
6.930000000000000000e+02 4.092830000000000079e-01 4.530290000000000150e-01 5.076110000000000344e-01
6.940000000000000000e+02 4.092669999999999919e-01 4.530049999999999910e-01 5.075960000000000472e-01
6.950000000000000000e+02 4.092770000000000019e-01 4.530080000000000218e-01 5.076030000000000264e-01
6.960000000000000000e+02 4.092950000000000199e-01 4.530069999999999930e-01 5.076180000000000136e-01
6.970000000000000000e+02 4.093180000000000152e-01 4.530109999999999970e-01 5.076389999999999514e-01
6.980000000000000000e+02 4.093189999999999884e-01 4.529980000000000118e-01 5.076380000000000337e-01
6.990000000000000000e+02 4.093189999999999884e-01 4.529710000000000125e-01 5.076359999999999761e-01
7.000000000000000000e+02 4.093379999999999797e-01 4.529639999999999778e-01 5.076490000000000169e-01
7.010000000000000000e+02 4.093609999999999749e-01 4.529449999999999865e-01 5.076699999999999546e-01
7.020000000000000000e+02 4.093930000000000069e-01 4.529460000000000153e-01 5.077000000000000401e-01
7.030000000000000000e+02 4.093879999999999741e-01 4.529199999999999893e-01 5.076929999999999499e-01
7.040000000000000000e+02 4.094119999999999981e-01 4.529210000000000180e-01 5.077169999999999739e-01
7.050000000000000000e+02 4.094169999999999754e-01 4.529030000000000000e-01 5.077199999999999491e-01
7.060000000000000000e+02 4.094269999999999854e-01 4.528960000000000208e-01 5.077279999999999571e-01
7.070000000000000000e+02 4.094519999999999826e-01 4.529070000000000040e-01 5.077519999999999811e-01
7.080000000000000000e+02 4.094610000000000194e-01 4.528989999999999960e-01 5.077589999999999604e-01
7.090000000000000000e+02 4.094579999999999886e-01 4.528929999999999900e-01 5.077559999999999851e-01
7.100000000000000000e+02 4.094729999999999759e-01 4.528920000000000168e-01 5.077709999999999724e-01
7.110000000000000000e+02 4.094740000000000046e-01 4.528929999999999900e-01 5.077709999999999724e-01
7.120000000000000000e+02 4.094800000000000106e-01 4.528940000000000188e-01 5.077770000000000339e-01
7.130000000000000000e+02 4.094760000000000066e-01 4.528880000000000128e-01 5.077730000000000299e-01
7.140000000000000000e+02 4.094760000000000066e-01 4.528880000000000128e-01 5.077730000000000299e-01
7.150000000000000000e+02 4.094760000000000066e-01 4.528889999999999860e-01 5.077739999999999476e-01
7.160000000000000000e+02 4.094760000000000066e-01 4.528889999999999860e-01 5.077739999999999476e-01
7.170000000000000000e+02 4.094769999999999799e-01 4.528889999999999860e-01 5.077739999999999476e-01
7.180000000000000000e+02 4.094769999999999799e-01 4.528889999999999860e-01 5.077739999999999476e-01
7.190000000000000000e+02 4.094769999999999799e-01 4.528900000000000148e-01 5.077739999999999476e-01
7.200000000000000000e+02 4.094769999999999799e-01 4.528900000000000148e-01 5.077749999999999764e-01
7.210000000000000000e+02 4.094769999999999799e-01 4.528900000000000148e-01 5.077749999999999764e-01
7.220000000000000000e+02 4.094780000000000086e-01 4.528900000000000148e-01 5.077749999999999764e-01
7.230000000000000000e+02 4.094780000000000086e-01 4.528900000000000148e-01 5.077749999999999764e-01
7.240000000000000000e+02 4.094780000000000086e-01 4.528909999999999880e-01 5.077760000000000051e-01
7.250000000000000000e+02 4.094780000000000086e-01 4.528909999999999880e-01 5.077760000000000051e-01
7.260000000000000000e+02 4.094789999999999819e-01 4.528909999999999880e-01 5.077760000000000051e-01
7.270000000000000000e+02 4.094789999999999819e-01 4.528909999999999880e-01 5.077760000000000051e-01
7.280000000000000000e+02 4.094789999999999819e-01 4.528920000000000168e-01 5.077760000000000051e-01
7.290000000000000000e+02 4.094789999999999819e-01 4.528920000000000168e-01 5.077770000000000339e-01
7.300000000000000000e+02 4.094789999999999819e-01 4.528920000000000168e-01 5.077770000000000339e-01
7.310000000000000000e+02 4.094800000000000106e-01 4.528920000000000168e-01 5.077770000000000339e-01
7.320000000000000000e+02 4.094800000000000106e-01 4.528920000000000168e-01 5.077770000000000339e-01
7.330000000000000000e+02 4.094800000000000106e-01 4.528929999999999900e-01 5.077779999999999516e-01
7.340000000000000000e+02 4.094800000000000106e-01 4.528929999999999900e-01 5.077779999999999516e-01
7.350000000000000000e+02 4.094809999999999839e-01 4.528929999999999900e-01 5.077779999999999516e-01
7.360000000000000000e+02 4.094809999999999839e-01 4.528929999999999900e-01 5.077779999999999516e-01
7.370000000000000000e+02 4.094809999999999839e-01 4.528940000000000188e-01 5.077779999999999516e-01
7.380000000000000000e+02 4.094809999999999839e-01 4.528940000000000188e-01 5.077789999999999804e-01
7.390000000000000000e+02 4.094809999999999839e-01 4.528940000000000188e-01 5.077789999999999804e-01
7.400000000000000000e+02 4.094820000000000126e-01 4.528940000000000188e-01 5.077789999999999804e-01
7.410000000000000000e+02 4.094820000000000126e-01 4.528940000000000188e-01 5.077789999999999804e-01
7.420000000000000000e+02 4.094820000000000126e-01 4.528949999999999920e-01 5.077800000000000091e-01
7.430000000000000000e+02 4.094820000000000126e-01 4.528949999999999920e-01 5.077800000000000091e-01
7.440000000000000000e+02 4.094820000000000126e-01 4.528949999999999920e-01 5.077800000000000091e-01
7.450000000000000000e+02 4.094829999999999859e-01 4.528949999999999920e-01 5.077800000000000091e-01
7.460000000000000000e+02 4.094829999999999859e-01 4.528949999999999920e-01 5.077800000000000091e-01
7.470000000000000000e+02 4.094829999999999859e-01 4.528960000000000208e-01 5.077810000000000379e-01
7.480000000000000000e+02 4.094829999999999859e-01 4.528960000000000208e-01 5.077810000000000379e-01
7.490000000000000000e+02 4.094840000000000146e-01 4.528960000000000208e-01 5.077810000000000379e-01
7.500000000000000000e+02 4.094840000000000146e-01 4.528960000000000208e-01 5.077810000000000379e-01
7.510000000000000000e+02 4.094840000000000146e-01 4.528969999999999940e-01 5.077810000000000379e-01
7.520000000000000000e+02 4.094840000000000146e-01 4.528969999999999940e-01 5.077819999999999556e-01
7.530000000000000000e+02 4.094840000000000146e-01 4.528969999999999940e-01 5.077819999999999556e-01
7.540000000000000000e+02 4.094849999999999879e-01 4.528969999999999940e-01 5.077819999999999556e-01
7.550000000000000000e+02 4.094849999999999879e-01 4.528969999999999940e-01 5.077819999999999556e-01
7.560000000000000000e+02 4.094849999999999879e-01 4.528980000000000228e-01 5.077819999999999556e-01
7.570000000000000000e+02 4.094849999999999879e-01 4.528980000000000228e-01 5.077829999999999844e-01
7.580000000000000000e+02 4.094849999999999879e-01 4.528980000000000228e-01 5.077829999999999844e-01
7.590000000000000000e+02 4.094860000000000166e-01 4.528980000000000228e-01 5.077829999999999844e-01
7.600000000000000000e+02 4.094860000000000166e-01 4.528980000000000228e-01 5.077829999999999844e-01
7.610000000000000000e+02 4.094860000000000166e-01 4.528989999999999960e-01 5.077829999999999844e-01
7.620000000000000000e+02 4.094860000000000166e-01 4.528989999999999960e-01 5.077840000000000131e-01
7.630000000000000000e+02 4.094860000000000166e-01 4.528989999999999960e-01 5.077840000000000131e-01
7.640000000000000000e+02 4.094869999999999899e-01 4.528989999999999960e-01 5.077840000000000131e-01
7.650000000000000000e+02 4.094869999999999899e-01 4.528989999999999960e-01 5.077840000000000131e-01
7.660000000000000000e+02 4.094869999999999899e-01 4.529000000000000248e-01 5.077840000000000131e-01
7.670000000000000000e+02 4.094869999999999899e-01 4.529000000000000248e-01 5.077850000000000419e-01
7.680000000000000000e+02 4.094869999999999899e-01 4.529000000000000248e-01 5.077850000000000419e-01
7.690000000000000000e+02 4.094880000000000186e-01 4.529000000000000248e-01 5.077850000000000419e-01
7.700000000000000000e+02 4.094880000000000186e-01 4.529000000000000248e-01 5.077850000000000419e-01
7.710000000000000000e+02 4.094880000000000186e-01 4.529009999999999980e-01 5.077850000000000419e-01
7.720000000000000000e+02 4.094880000000000186e-01 4.529009999999999980e-01 5.077859999999999596e-01
7.730000000000000000e+02 4.094880000000000186e-01 4.529009999999999980e-01 5.077859999999999596e-01
7.740000000000000000e+02 4.094889999999999919e-01 4.529009999999999980e-01 5.077859999999999596e-01
7.750000000000000000e+02 4.094889999999999919e-01 4.529009999999999980e-01 5.077859999999999596e-01
7.760000000000000000e+02 4.094889999999999919e-01 4.529020000000000268e-01 5.077859999999999596e-01
7.770000000000000000e+02 4.094889999999999919e-01 4.529020000000000268e-01 5.077869999999999884e-01
7.780000000000000000e+02 4.094889999999999919e-01 4.529020000000000268e-01 5.077869999999999884e-01
7.790000000000000000e+02 4.094900000000000206e-01 4.529020000000000268e-01 5.077869999999999884e-01
7.800000000000000000e+02 4.094900000000000206e-01 4.529020000000000268e-01 5.077869999999999884e-01
7.810000000000000000e+02 4.094900000000000206e-01 4.529020000000000268e-01 5.077869999999999884e-01
7.820000000000000000e+02 4.094900000000000206e-01 4.529030000000000000e-01 5.077880000000000171e-01
7.830000000000000000e+02 4.094900000000000206e-01 4.529030000000000000e-01 5.077880000000000171e-01
7.840000000000000000e+02 4.094900000000000206e-01 4.529030000000000000e-01 5.077880000000000171e-01
7.850000000000000000e+02 4.094909999999999939e-01 4.529030000000000000e-01 5.077880000000000171e-01
7.860000000000000000e+02 4.094909999999999939e-01 4.529030000000000000e-01 5.077880000000000171e-01
7.870000000000000000e+02 4.094909999999999939e-01 4.529039999999999733e-01 5.077890000000000459e-01
7.880000000000000000e+02 4.094909999999999939e-01 4.529039999999999733e-01 5.077890000000000459e-01
7.890000000000000000e+02 4.094909999999999939e-01 4.529039999999999733e-01 5.077890000000000459e-01
7.900000000000000000e+02 4.094920000000000226e-01 4.529039999999999733e-01 5.077890000000000459e-01
7.910000000000000000e+02 4.094920000000000226e-01 4.529039999999999733e-01 5.077890000000000459e-01
7.920000000000000000e+02 4.094920000000000226e-01 4.529050000000000020e-01 5.077890000000000459e-01
7.930000000000000000e+02 4.094920000000000226e-01 4.529050000000000020e-01 5.077899999999999636e-01
7.940000000000000000e+02 4.094920000000000226e-01 4.529050000000000020e-01 5.077899999999999636e-01
7.950000000000000000e+02 4.094929999999999959e-01 4.529050000000000020e-01 5.077899999999999636e-01
7.960000000000000000e+02 4.094929999999999959e-01 4.529050000000000020e-01 5.077899999999999636e-01
7.970000000000000000e+02 4.094929999999999959e-01 4.529059999999999753e-01 5.077899999999999636e-01
7.980000000000000000e+02 4.094929999999999959e-01 4.529059999999999753e-01 5.077909999999999924e-01
7.990000000000000000e+02 4.094929999999999959e-01 4.529059999999999753e-01 5.077909999999999924e-01
8.000000000000000000e+02 4.094929999999999959e-01 4.529059999999999753e-01 5.077909999999999924e-01
8.010000000000000000e+02 4.094940000000000246e-01 4.529059999999999753e-01 5.077909999999999924e-01
8.020000000000000000e+02 4.094940000000000246e-01 4.529059999999999753e-01 5.077909999999999924e-01
8.030000000000000000e+02 4.094940000000000246e-01 4.529070000000000040e-01 5.077920000000000211e-01
8.040000000000000000e+02 4.094940000000000246e-01 4.529070000000000040e-01 5.077920000000000211e-01
8.050000000000000000e+02 4.094940000000000246e-01 4.529070000000000040e-01 5.077920000000000211e-01
8.060000000000000000e+02 4.094949999999999979e-01 4.529070000000000040e-01 5.077920000000000211e-01
8.070000000000000000e+02 4.094949999999999979e-01 4.529070000000000040e-01 5.077920000000000211e-01
8.080000000000000000e+02 4.094949999999999979e-01 4.529079999999999773e-01 5.077920000000000211e-01
8.090000000000000000e+02 4.094949999999999979e-01 4.529079999999999773e-01 5.077930000000000499e-01
8.100000000000000000e+02 4.094949999999999979e-01 4.529079999999999773e-01 5.077930000000000499e-01
8.110000000000000000e+02 4.094949999999999979e-01 4.529079999999999773e-01 5.077930000000000499e-01
8.120000000000000000e+02 4.094960000000000266e-01 4.529079999999999773e-01 5.077930000000000499e-01
8.130000000000000000e+02 4.094960000000000266e-01 4.529079999999999773e-01 5.077930000000000499e-01
8.140000000000000000e+02 4.094960000000000266e-01 4.529090000000000060e-01 5.077930000000000499e-01
8.150000000000000000e+02 4.094960000000000266e-01 4.529090000000000060e-01 5.077939999999999676e-01
8.160000000000000000e+02 4.094960000000000266e-01 4.529090000000000060e-01 5.077939999999999676e-01
8.170000000000000000e+02 4.094969999999999999e-01 4.529090000000000060e-01 5.077939999999999676e-01
8.180000000000000000e+02 4.094969999999999999e-01 4.529090000000000060e-01 5.077939999999999676e-01
8.190000000000000000e+02 4.094969999999999999e-01 4.529090000000000060e-01 5.077939999999999676e-01
8.200000000000000000e+02 4.094969999999999999e-01 4.529099999999999793e-01 5.077949999999999964e-01
8.210000000000000000e+02 4.094969999999999999e-01 4.529099999999999793e-01 5.077949999999999964e-01
8.220000000000000000e+02 4.094969999999999999e-01 4.529099999999999793e-01 5.077949999999999964e-01
8.230000000000000000e+02 4.094979999999999731e-01 4.529099999999999793e-01 5.077949999999999964e-01
8.240000000000000000e+02 4.094979999999999731e-01 4.529099999999999793e-01 5.077949999999999964e-01
8.250000000000000000e+02 4.094979999999999731e-01 4.529099999999999793e-01 5.077949999999999964e-01
8.260000000000000000e+02 4.094979999999999731e-01 4.529110000000000080e-01 5.077960000000000251e-01
8.270000000000000000e+02 4.094979999999999731e-01 4.529110000000000080e-01 5.077960000000000251e-01
8.280000000000000000e+02 4.094979999999999731e-01 4.529110000000000080e-01 5.077960000000000251e-01
8.290000000000000000e+02 4.094990000000000019e-01 4.529110000000000080e-01 5.077960000000000251e-01
8.300000000000000000e+02 4.094990000000000019e-01 4.529110000000000080e-01 5.077960000000000251e-01
8.310000000000000000e+02 4.094990000000000019e-01 4.529119999999999813e-01 5.077960000000000251e-01
8.320000000000000000e+02 4.094990000000000019e-01 4.529119999999999813e-01 5.077970000000000539e-01
8.330000000000000000e+02 4.094990000000000019e-01 4.529119999999999813e-01 5.077970000000000539e-01
8.340000000000000000e+02 4.094990000000000019e-01 4.529119999999999813e-01 5.077970000000000539e-01
8.350000000000000000e+02 4.094999999999999751e-01 4.529119999999999813e-01 5.077970000000000539e-01
8.360000000000000000e+02 4.094999999999999751e-01 4.529119999999999813e-01 5.077970000000000539e-01
8.370000000000000000e+02 4.094999999999999751e-01 4.529130000000000100e-01 5.077970000000000539e-01
8.380000000000000000e+02 4.094999999999999751e-01 4.529130000000000100e-01 5.077979999999999716e-01
8.390000000000000000e+02 4.094999999999999751e-01 4.529130000000000100e-01 5.077979999999999716e-01
8.400000000000000000e+02 4.094999999999999751e-01 4.529130000000000100e-01 5.077979999999999716e-01
8.410000000000000000e+02 4.095010000000000039e-01 4.529130000000000100e-01 5.077979999999999716e-01
8.420000000000000000e+02 4.095010000000000039e-01 4.529130000000000100e-01 5.077979999999999716e-01
8.430000000000000000e+02 4.095010000000000039e-01 4.529139999999999833e-01 5.077979999999999716e-01
8.440000000000000000e+02 4.095010000000000039e-01 4.529139999999999833e-01 5.077990000000000004e-01
8.450000000000000000e+02 4.095010000000000039e-01 4.529139999999999833e-01 5.077990000000000004e-01
8.460000000000000000e+02 4.095010000000000039e-01 4.529139999999999833e-01 5.077990000000000004e-01
8.470000000000000000e+02 4.095019999999999771e-01 4.529139999999999833e-01 5.077990000000000004e-01
8.480000000000000000e+02 4.095019999999999771e-01 4.529139999999999833e-01 5.077990000000000004e-01
8.490000000000000000e+02 4.095019999999999771e-01 4.529150000000000120e-01 5.077990000000000004e-01
8.500000000000000000e+02 4.095019999999999771e-01 4.529150000000000120e-01 5.078000000000000291e-01
8.510000000000000000e+02 4.095019999999999771e-01 4.529150000000000120e-01 5.078000000000000291e-01
8.520000000000000000e+02 4.095019999999999771e-01 4.529150000000000120e-01 5.078000000000000291e-01
8.530000000000000000e+02 4.095030000000000059e-01 4.529150000000000120e-01 5.078000000000000291e-01
8.540000000000000000e+02 4.095030000000000059e-01 4.529150000000000120e-01 5.078000000000000291e-01
8.550000000000000000e+02 4.095030000000000059e-01 4.529150000000000120e-01 5.078000000000000291e-01
8.560000000000000000e+02 4.095030000000000059e-01 4.529159999999999853e-01 5.078009999999999469e-01
8.570000000000000000e+02 4.095030000000000059e-01 4.529159999999999853e-01 5.078009999999999469e-01
8.580000000000000000e+02 4.095030000000000059e-01 4.529159999999999853e-01 5.078009999999999469e-01
8.590000000000000000e+02 4.095039999999999791e-01 4.529159999999999853e-01 5.078009999999999469e-01
8.600000000000000000e+02 4.095039999999999791e-01 4.529159999999999853e-01 5.078009999999999469e-01
8.610000000000000000e+02 4.095039999999999791e-01 4.529159999999999853e-01 5.078009999999999469e-01
8.620000000000000000e+02 4.095039999999999791e-01 4.529170000000000140e-01 5.078019999999999756e-01
8.630000000000000000e+02 4.095039999999999791e-01 4.529170000000000140e-01 5.078019999999999756e-01
8.640000000000000000e+02 4.095039999999999791e-01 4.529170000000000140e-01 5.078019999999999756e-01
8.650000000000000000e+02 4.095050000000000079e-01 4.529170000000000140e-01 5.078019999999999756e-01
8.660000000000000000e+02 4.095050000000000079e-01 4.529170000000000140e-01 5.078019999999999756e-01
8.670000000000000000e+02 4.095050000000000079e-01 4.529170000000000140e-01 5.078019999999999756e-01
8.680000000000000000e+02 4.095050000000000079e-01 4.529179999999999873e-01 5.078019999999999756e-01
8.690000000000000000e+02 4.095050000000000079e-01 4.529179999999999873e-01 5.078030000000000044e-01
8.700000000000000000e+02 4.095050000000000079e-01 4.529179999999999873e-01 5.078030000000000044e-01
8.710000000000000000e+02 4.095050000000000079e-01 4.529179999999999873e-01 5.078030000000000044e-01
8.720000000000000000e+02 4.095059999999999811e-01 4.529179999999999873e-01 5.078030000000000044e-01
8.730000000000000000e+02 4.095059999999999811e-01 4.529179999999999873e-01 5.078030000000000044e-01
8.740000000000000000e+02 4.095059999999999811e-01 4.529179999999999873e-01 5.078030000000000044e-01
8.750000000000000000e+02 4.095059999999999811e-01 4.529190000000000160e-01 5.078040000000000331e-01
8.760000000000000000e+02 4.095059999999999811e-01 4.529190000000000160e-01 5.078040000000000331e-01
8.770000000000000000e+02 4.095059999999999811e-01 4.529190000000000160e-01 5.078040000000000331e-01
8.780000000000000000e+02 4.095059999999999811e-01 4.529190000000000160e-01 5.078040000000000331e-01
8.790000000000000000e+02 4.095070000000000099e-01 4.529190000000000160e-01 5.078040000000000331e-01
8.800000000000000000e+02 4.095070000000000099e-01 4.529190000000000160e-01 5.078040000000000331e-01
8.810000000000000000e+02 4.095070000000000099e-01 4.529199999999999893e-01 5.078040000000000331e-01
8.820000000000000000e+02 4.095070000000000099e-01 4.529199999999999893e-01 5.078049999999999509e-01
8.830000000000000000e+02 4.095070000000000099e-01 4.529199999999999893e-01 5.078049999999999509e-01
8.840000000000000000e+02 4.095070000000000099e-01 4.529199999999999893e-01 5.078049999999999509e-01
8.850000000000000000e+02 4.095079999999999831e-01 4.529199999999999893e-01 5.078049999999999509e-01
8.860000000000000000e+02 4.095079999999999831e-01 4.529199999999999893e-01 5.078049999999999509e-01
8.870000000000000000e+02 4.095079999999999831e-01 4.529199999999999893e-01 5.078049999999999509e-01
8.880000000000000000e+02 4.095079999999999831e-01 4.529210000000000180e-01 5.078059999999999796e-01
8.890000000000000000e+02 4.095079999999999831e-01 4.529210000000000180e-01 5.078059999999999796e-01
8.900000000000000000e+02 4.095079999999999831e-01 4.529210000000000180e-01 5.078059999999999796e-01
8.910000000000000000e+02 4.095079999999999831e-01 4.529210000000000180e-01 5.078059999999999796e-01
8.920000000000000000e+02 4.095090000000000119e-01 4.529210000000000180e-01 5.078059999999999796e-01
8.930000000000000000e+02 4.095090000000000119e-01 4.529210000000000180e-01 5.078059999999999796e-01
8.940000000000000000e+02 4.095090000000000119e-01 4.529210000000000180e-01 5.078059999999999796e-01
8.950000000000000000e+02 4.095090000000000119e-01 4.529219999999999913e-01 5.078070000000000084e-01
8.960000000000000000e+02 4.095090000000000119e-01 4.529219999999999913e-01 5.078070000000000084e-01
8.970000000000000000e+02 4.095090000000000119e-01 4.529219999999999913e-01 5.078070000000000084e-01
8.980000000000000000e+02 4.095090000000000119e-01 4.529219999999999913e-01 5.078070000000000084e-01
8.990000000000000000e+02 4.095099999999999851e-01 4.529219999999999913e-01 5.078070000000000084e-01
9.000000000000000000e+02 4.095099999999999851e-01 4.529219999999999913e-01 5.078070000000000084e-01
9.010000000000000000e+02 4.095099999999999851e-01 4.529219999999999913e-01 5.078070000000000084e-01
9.020000000000000000e+02 4.095099999999999851e-01 4.529230000000000200e-01 5.078080000000000371e-01
9.030000000000000000e+02 4.095099999999999851e-01 4.529230000000000200e-01 5.078080000000000371e-01
9.040000000000000000e+02 4.095099999999999851e-01 4.529230000000000200e-01 5.078080000000000371e-01
9.050000000000000000e+02 4.095099999999999851e-01 4.529230000000000200e-01 5.078080000000000371e-01
9.060000000000000000e+02 4.095110000000000139e-01 4.529230000000000200e-01 5.078080000000000371e-01
9.070000000000000000e+02 4.095110000000000139e-01 4.529230000000000200e-01 5.078080000000000371e-01
9.080000000000000000e+02 4.095110000000000139e-01 4.529230000000000200e-01 5.078080000000000371e-01
9.090000000000000000e+02 4.095110000000000139e-01 4.529239999999999933e-01 5.078089999999999549e-01
9.100000000000000000e+02 4.095110000000000139e-01 4.529239999999999933e-01 5.078089999999999549e-01
9.110000000000000000e+02 4.095110000000000139e-01 4.529239999999999933e-01 5.078089999999999549e-01
9.120000000000000000e+02 4.095110000000000139e-01 4.529239999999999933e-01 5.078089999999999549e-01
9.130000000000000000e+02 4.095119999999999871e-01 4.529239999999999933e-01 5.078089999999999549e-01
9.140000000000000000e+02 4.095119999999999871e-01 4.529239999999999933e-01 5.078089999999999549e-01
9.150000000000000000e+02 4.095119999999999871e-01 4.529239999999999933e-01 5.078089999999999549e-01
9.160000000000000000e+02 4.095119999999999871e-01 4.529250000000000220e-01 5.078099999999999836e-01
9.170000000000000000e+02 4.095119999999999871e-01 4.529250000000000220e-01 5.078099999999999836e-01
9.180000000000000000e+02 4.095119999999999871e-01 4.529250000000000220e-01 5.078099999999999836e-01
9.190000000000000000e+02 4.095119999999999871e-01 4.529250000000000220e-01 5.078099999999999836e-01
9.200000000000000000e+02 4.095130000000000159e-01 4.529250000000000220e-01 5.078099999999999836e-01
9.210000000000000000e+02 4.095130000000000159e-01 4.529250000000000220e-01 5.078099999999999836e-01
9.220000000000000000e+02 4.095130000000000159e-01 4.529250000000000220e-01 5.078099999999999836e-01
9.230000000000000000e+02 4.095130000000000159e-01 4.529259999999999953e-01 5.078110000000000124e-01
9.240000000000000000e+02 4.095130000000000159e-01 4.529259999999999953e-01 5.078110000000000124e-01
9.250000000000000000e+02 4.095130000000000159e-01 4.529259999999999953e-01 5.078110000000000124e-01
9.260000000000000000e+02 4.095130000000000159e-01 4.529259999999999953e-01 5.078110000000000124e-01
9.270000000000000000e+02 4.095139999999999891e-01 4.529259999999999953e-01 5.078110000000000124e-01
9.280000000000000000e+02 4.095139999999999891e-01 4.529259999999999953e-01 5.078110000000000124e-01
9.290000000000000000e+02 4.095139999999999891e-01 4.529259999999999953e-01 5.078110000000000124e-01
9.300000000000000000e+02 4.095139999999999891e-01 4.529270000000000240e-01 5.078110000000000124e-01
9.310000000000000000e+02 4.095139999999999891e-01 4.529270000000000240e-01 5.078120000000000411e-01
9.320000000000000000e+02 4.095139999999999891e-01 4.529270000000000240e-01 5.078120000000000411e-01
9.330000000000000000e+02 4.095139999999999891e-01 4.529270000000000240e-01 5.078120000000000411e-01
9.340000000000000000e+02 4.095139999999999891e-01 4.529270000000000240e-01 5.078120000000000411e-01
9.350000000000000000e+02 4.095150000000000179e-01 4.529270000000000240e-01 5.078120000000000411e-01
9.360000000000000000e+02 4.095150000000000179e-01 4.529270000000000240e-01 5.078120000000000411e-01
9.370000000000000000e+02 4.095150000000000179e-01 4.529270000000000240e-01 5.078120000000000411e-01
9.380000000000000000e+02 4.095150000000000179e-01 4.529279999999999973e-01 5.078129999999999589e-01
9.390000000000000000e+02 4.095150000000000179e-01 4.529279999999999973e-01 5.078129999999999589e-01
9.400000000000000000e+02 4.095150000000000179e-01 4.529279999999999973e-01 5.078129999999999589e-01
9.410000000000000000e+02 4.095150000000000179e-01 4.529279999999999973e-01 5.078129999999999589e-01
9.420000000000000000e+02 4.095159999999999911e-01 4.529279999999999973e-01 5.078129999999999589e-01
9.430000000000000000e+02 4.095159999999999911e-01 4.529279999999999973e-01 5.078129999999999589e-01
9.440000000000000000e+02 4.095159999999999911e-01 4.529279999999999973e-01 5.078129999999999589e-01
9.450000000000000000e+02 4.095159999999999911e-01 4.529290000000000260e-01 5.078129999999999589e-01
9.460000000000000000e+02 4.095159999999999911e-01 4.529290000000000260e-01 5.078139999999999876e-01
9.470000000000000000e+02 4.095159999999999911e-01 4.529290000000000260e-01 5.078139999999999876e-01
9.480000000000000000e+02 4.095159999999999911e-01 4.529290000000000260e-01 5.078139999999999876e-01
9.490000000000000000e+02 4.095159999999999911e-01 4.529290000000000260e-01 5.078139999999999876e-01
9.500000000000000000e+02 4.095170000000000199e-01 4.529290000000000260e-01 5.078139999999999876e-01
9.510000000000000000e+02 4.095170000000000199e-01 4.529290000000000260e-01 5.078139999999999876e-01
9.520000000000000000e+02 4.095170000000000199e-01 4.529290000000000260e-01 5.078139999999999876e-01
9.530000000000000000e+02 4.095170000000000199e-01 4.529299999999999993e-01 5.078150000000000164e-01
9.540000000000000000e+02 4.095170000000000199e-01 4.529299999999999993e-01 5.078150000000000164e-01
9.550000000000000000e+02 4.095170000000000199e-01 4.529299999999999993e-01 5.078150000000000164e-01
9.560000000000000000e+02 4.095170000000000199e-01 4.529299999999999993e-01 5.078150000000000164e-01
9.570000000000000000e+02 4.095179999999999931e-01 4.529299999999999993e-01 5.078150000000000164e-01
9.580000000000000000e+02 4.095179999999999931e-01 4.529299999999999993e-01 5.078150000000000164e-01
9.590000000000000000e+02 4.095179999999999931e-01 4.529299999999999993e-01 5.078150000000000164e-01
9.600000000000000000e+02 4.095179999999999931e-01 4.529299999999999993e-01 5.078150000000000164e-01
9.610000000000000000e+02 4.095179999999999931e-01 4.529309999999999725e-01 5.078160000000000451e-01
9.620000000000000000e+02 4.095179999999999931e-01 4.529309999999999725e-01 5.078160000000000451e-01
9.630000000000000000e+02 4.095179999999999931e-01 4.529309999999999725e-01 5.078160000000000451e-01
9.640000000000000000e+02 4.095179999999999931e-01 4.529309999999999725e-01 5.078160000000000451e-01
9.650000000000000000e+02 4.095190000000000219e-01 4.529309999999999725e-01 5.078160000000000451e-01
9.660000000000000000e+02 4.095190000000000219e-01 4.529309999999999725e-01 5.078160000000000451e-01
9.670000000000000000e+02 4.095190000000000219e-01 4.529309999999999725e-01 5.078160000000000451e-01
9.680000000000000000e+02 4.095190000000000219e-01 4.529309999999999725e-01 5.078160000000000451e-01
9.690000000000000000e+02 4.095190000000000219e-01 4.529320000000000013e-01 5.078169999999999629e-01
9.700000000000000000e+02 4.095190000000000219e-01 4.529320000000000013e-01 5.078169999999999629e-01
9.710000000000000000e+02 4.095190000000000219e-01 4.529320000000000013e-01 5.078169999999999629e-01
9.720000000000000000e+02 4.095190000000000219e-01 4.529320000000000013e-01 5.078169999999999629e-01
9.730000000000000000e+02 4.095199999999999951e-01 4.529320000000000013e-01 5.078169999999999629e-01
9.740000000000000000e+02 4.095199999999999951e-01 4.529320000000000013e-01 5.078169999999999629e-01
9.750000000000000000e+02 4.095199999999999951e-01 4.529320000000000013e-01 5.078169999999999629e-01
9.760000000000000000e+02 4.095199999999999951e-01 4.529320000000000013e-01 5.078169999999999629e-01
9.770000000000000000e+02 4.095199999999999951e-01 4.529329999999999745e-01 5.078179999999999916e-01
9.780000000000000000e+02 4.095199999999999951e-01 4.529329999999999745e-01 5.078179999999999916e-01
9.790000000000000000e+02 4.095199999999999951e-01 4.529329999999999745e-01 5.078179999999999916e-01
9.800000000000000000e+02 4.095199999999999951e-01 4.529329999999999745e-01 5.078179999999999916e-01
9.810000000000000000e+02 4.095210000000000239e-01 4.529329999999999745e-01 5.078179999999999916e-01
9.820000000000000000e+02 4.095210000000000239e-01 4.529329999999999745e-01 5.078179999999999916e-01
9.830000000000000000e+02 4.095210000000000239e-01 4.529329999999999745e-01 5.078179999999999916e-01
9.840000000000000000e+02 4.095210000000000239e-01 4.529329999999999745e-01 5.078179999999999916e-01
9.850000000000000000e+02 4.095210000000000239e-01 4.529340000000000033e-01 5.078190000000000204e-01
9.860000000000000000e+02 4.095210000000000239e-01 4.529340000000000033e-01 5.078190000000000204e-01
9.870000000000000000e+02 4.095210000000000239e-01 4.529340000000000033e-01 5.078190000000000204e-01
9.880000000000000000e+02 4.095210000000000239e-01 4.529340000000000033e-01 5.078190000000000204e-01
9.890000000000000000e+02 4.095210000000000239e-01 4.529340000000000033e-01 5.078190000000000204e-01
9.900000000000000000e+02 4.095219999999999971e-01 4.529340000000000033e-01 5.078190000000000204e-01
9.910000000000000000e+02 4.095219999999999971e-01 4.529340000000000033e-01 5.078190000000000204e-01
9.920000000000000000e+02 4.095219999999999971e-01 4.529340000000000033e-01 5.078190000000000204e-01
9.930000000000000000e+02 4.095219999999999971e-01 4.529349999999999765e-01 5.078190000000000204e-01
9.940000000000000000e+02 4.095219999999999971e-01 4.529349999999999765e-01 5.078200000000000491e-01
9.950000000000000000e+02 4.095219999999999971e-01 4.529349999999999765e-01 5.078200000000000491e-01
9.960000000000000000e+02 4.095219999999999971e-01 4.529349999999999765e-01 5.078200000000000491e-01
9.970000000000000000e+02 4.095219999999999971e-01 4.529349999999999765e-01 5.078200000000000491e-01
9.980000000000000000e+02 4.095230000000000259e-01 4.529349999999999765e-01 5.078200000000000491e-01
9.990000000000000000e+02 4.095230000000000259e-01 4.529349999999999765e-01 5.078200000000000491e-01
1.000000000000000000e+03 4.095230000000000259e-01 4.529349999999999765e-01 5.078200000000000491e-01
1.001000000000000000e+03 4.095230000000000259e-01 4.529349999999999765e-01 5.078200000000000491e-01
1.002000000000000000e+03 4.095230000000000259e-01 4.529360000000000053e-01 5.078209999999999669e-01
1.003000000000000000e+03 4.095230000000000259e-01 4.529360000000000053e-01 5.078209999999999669e-01
1.004000000000000000e+03 4.095230000000000259e-01 4.529360000000000053e-01 5.078209999999999669e-01
1.005000000000000000e+03 4.095230000000000259e-01 4.529360000000000053e-01 5.078209999999999669e-01
1.006000000000000000e+03 4.095230000000000259e-01 4.529360000000000053e-01 5.078209999999999669e-01
1.007000000000000000e+03 4.095239999999999991e-01 4.529360000000000053e-01 5.078209999999999669e-01
1.008000000000000000e+03 4.095239999999999991e-01 4.529360000000000053e-01 5.078209999999999669e-01
1.009000000000000000e+03 4.095239999999999991e-01 4.529360000000000053e-01 5.078209999999999669e-01
