1.000000000000000000e+01 -6.394800000000000484e-02 -1.306900000000000076e-02 3.601000000000000034e-02
1.100000000000000000e+01 -4.446300000000000252e-02 2.762999999999999831e-03 5.382200000000000178e-02
1.200000000000000000e+01 -3.529800000000000298e-02 1.543600000000000007e-02 6.256100000000000549e-02
1.300000000000000000e+01 -3.529800000000000298e-02 1.543600000000000007e-02 6.256100000000000549e-02
1.400000000000000000e+01 -3.529800000000000298e-02 1.543600000000000007e-02 6.256100000000000549e-02
1.500000000000000000e+01 -4.138200000000000212e-02 1.109899999999999949e-02 5.788100000000000189e-02
1.600000000000000000e+01 -4.138200000000000212e-02 1.109899999999999949e-02 5.788100000000000189e-02
1.700000000000000000e+01 -3.349200000000000094e-02 1.953699999999999881e-02 6.645199999999999718e-02
1.800000000000000000e+01 -2.475799999999999876e-02 2.594199999999999978e-02 7.427100000000000368e-02
1.900000000000000000e+01 -2.475799999999999876e-02 2.594199999999999978e-02 7.427100000000000368e-02
2.000000000000000000e+01 -1.502599999999999943e-02 3.483399999999999691e-02 8.418299999999999395e-02
2.100000000000000000e+01 -1.500499999999999924e-02 3.503300000000000164e-02 8.397499999999999409e-02
2.200000000000000000e+01 -8.366000000000000172e-03 4.179999999999999688e-02 9.181899999999999784e-02
2.300000000000000000e+01 -5.328000000000000271e-03 4.489699999999999941e-02 9.475400000000000489e-02
2.400000000000000000e+01 -1.384999999999999946e-03 4.883400000000000241e-02 9.822000000000000175e-02
2.500000000000000000e+01 4.021000000000000268e-03 5.406299999999999994e-02 1.039140000000000064e-01
2.600000000000000000e+01 4.683999999999999796e-03 5.506599999999999689e-02 1.043850000000000056e-01
2.700000000000000000e+01 1.017000000000000022e-02 6.055699999999999972e-02 1.099490000000000051e-01
2.800000000000000000e+01 9.809999999999999276e-03 6.040399999999999936e-02 1.095679999999999987e-01
2.900000000000000000e+01 1.422099999999999927e-02 6.477099999999999524e-02 1.141220000000000012e-01
3.000000000000000000e+01 1.815200000000000147e-02 6.828499999999999848e-02 1.180869999999999975e-01
3.100000000000000000e+01 2.069100000000000106e-02 7.066500000000000559e-02 1.208270000000000038e-01
3.200000000000000000e+01 3.193900000000000211e-02 8.158400000000000374e-02 1.322170000000000012e-01
3.300000000000000000e+01 3.274300000000000127e-02 8.247000000000000164e-02 1.331950000000000078e-01
3.400000000000000000e+01 3.282700000000000201e-02 8.261799999999999700e-02 1.333179999999999921e-01
3.500000000000000000e+01 3.446899999999999964e-02 8.446800000000000141e-02 1.347760000000000069e-01
3.600000000000000000e+01 3.672000000000000264e-02 8.669899999999999829e-02 1.370750000000000024e-01
3.700000000000000000e+01 3.929099999999999954e-02 8.915399999999999714e-02 1.397539999999999893e-01
3.800000000000000000e+01 4.246899999999999981e-02 9.246000000000000052e-02 1.429390000000000105e-01
3.900000000000000000e+01 4.952299999999999758e-02 9.924399999999999888e-02 1.501200000000000034e-01
4.000000000000000000e+01 5.279400000000000065e-02 1.024290000000000062e-01 1.534459999999999991e-01
4.100000000000000000e+01 5.780099999999999821e-02 1.071150000000000019e-01 1.586009999999999920e-01
4.200000000000000000e+01 5.953599999999999864e-02 1.089080000000000048e-01 1.603559999999999985e-01
4.300000000000000000e+01 6.239700000000000107e-02 1.118569999999999981e-01 1.633209999999999940e-01
4.400000000000000000e+01 6.480500000000000149e-02 1.145069999999999977e-01 1.657260000000000122e-01
4.500000000000000000e+01 6.683100000000000152e-02 1.165069999999999995e-01 1.678360000000000130e-01
4.600000000000000000e+01 6.749600000000000044e-02 1.171679999999999944e-01 1.685039999999999871e-01
4.700000000000000000e+01 7.209899999999999642e-02 1.216929999999999956e-01 1.730980000000000019e-01
4.800000000000000000e+01 7.576499999999999901e-02 1.252020000000000077e-01 1.768699999999999994e-01
4.900000000000000000e+01 8.066600000000000159e-02 1.300590000000000079e-01 1.819749999999999979e-01
5.000000000000000000e+01 8.422799999999999732e-02 1.335520000000000040e-01 1.855580000000000007e-01
5.100000000000000000e+01 8.592500000000000138e-02 1.352420000000000011e-01 1.873390000000000055e-01
5.200000000000000000e+01 8.956500000000000572e-02 1.389110000000000067e-01 1.910830000000000028e-01
5.300000000000000000e+01 9.217599999999999405e-02 1.414849999999999997e-01 1.937669999999999948e-01
5.400000000000000000e+01 9.468200000000000227e-02 1.440079999999999971e-01 1.962639999999999940e-01
5.500000000000000000e+01 9.560799999999999854e-02 1.450069999999999970e-01 1.971719999999999862e-01
5.600000000000000000e+01 9.685100000000000653e-02 1.462789999999999924e-01 1.984410000000000063e-01
5.700000000000000000e+01 1.021660000000000068e-01 1.514649999999999885e-01 2.038850000000000107e-01
5.800000000000000000e+01 1.065180000000000016e-01 1.556559999999999888e-01 2.083560000000000134e-01
5.900000000000000000e+01 1.096580000000000055e-01 1.587139999999999940e-01 2.115170000000000106e-01
6.000000000000000000e+01 1.147360000000000047e-01 1.636559999999999959e-01 2.166549999999999865e-01
6.100000000000000000e+01 1.168489999999999945e-01 1.658799999999999997e-01 2.187300000000000078e-01
6.200000000000000000e+01 1.200969999999999954e-01 1.691020000000000023e-01 2.219649999999999956e-01
6.300000000000000000e+01 1.212199999999999944e-01 1.702559999999999907e-01 2.230850000000000055e-01
6.400000000000000000e+01 1.237079999999999985e-01 1.726910000000000112e-01 2.255659999999999887e-01
6.500000000000000000e+01 1.251069999999999960e-01 1.741360000000000130e-01 2.269430000000000058e-01
6.600000000000000000e+01 1.299029999999999907e-01 1.787860000000000005e-01 2.318300000000000083e-01
6.700000000000000000e+01 1.325250000000000039e-01 1.813549999999999884e-01 2.345140000000000002e-01
6.800000000000000000e+01 1.354480000000000128e-01 1.842469999999999941e-01 2.374209999999999932e-01
6.900000000000000000e+01 1.387369999999999992e-01 1.874580000000000135e-01 2.407030000000000003e-01
7.000000000000000000e+01 1.429799999999999960e-01 1.916499999999999870e-01 2.449159999999999948e-01
7.100000000000000000e+01 1.450059999999999960e-01 1.937109999999999943e-01 2.468950000000000033e-01
7.200000000000000000e+01 1.465619999999999978e-01 1.952679999999999971e-01 2.484530000000000072e-01
7.300000000000000000e+01 1.486619999999999886e-01 1.973360000000000114e-01 2.505720000000000169e-01
7.400000000000000000e+01 1.515130000000000088e-01 2.002190000000000081e-01 2.534310000000000174e-01
7.500000000000000000e+01 1.551539999999999864e-01 2.037740000000000107e-01 2.570810000000000040e-01
7.600000000000000000e+01 1.585219999999999962e-01 2.070440000000000058e-01 2.604509999999999881e-01
7.700000000000000000e+01 1.612210000000000032e-01 2.097360000000000058e-01 2.630990000000000273e-01
7.800000000000000000e+01 1.646380000000000066e-01 2.131159999999999999e-01 2.665310000000000179e-01
7.900000000000000000e+01 1.677669999999999995e-01 2.161990000000000023e-01 2.696430000000000216e-01
8.000000000000000000e+01 1.692659999999999998e-01 2.177109999999999879e-01 2.711259999999999781e-01
8.100000000000000000e+01 1.701870000000000049e-01 2.186740000000000073e-01 2.720420000000000060e-01
8.200000000000000000e+01 1.726610000000000089e-01 2.211259999999999892e-01 2.744759999999999978e-01
8.300000000000000000e+01 1.758460000000000023e-01 2.242959999999999954e-01 2.776520000000000099e-01
8.400000000000000000e+01 1.791179999999999994e-01 2.275000000000000078e-01 2.809220000000000050e-01
8.500000000000000000e+01 1.822699999999999876e-01 2.306040000000000034e-01 2.840509999999999979e-01
8.600000000000000000e+01 1.853970000000000062e-01 2.336399999999999866e-01 2.871810000000000196e-01
8.700000000000000000e+01 1.871369999999999978e-01 2.353530000000000066e-01 2.889120000000000021e-01
8.800000000000000000e+01 1.888279999999999959e-01 2.370430000000000037e-01 2.905960000000000210e-01
8.900000000000000000e+01 1.917969999999999953e-01 2.400430000000000064e-01 2.935050000000000159e-01
9.000000000000000000e+01 1.946420000000000095e-01 2.428730000000000055e-01 2.963100000000000178e-01
9.100000000000000000e+01 1.966479999999999895e-01 2.448619999999999963e-01 2.983020000000000116e-01
9.200000000000000000e+01 1.993640000000000134e-01 2.475430000000000130e-01 3.009970000000000145e-01
9.300000000000000000e+01 2.017230000000000134e-01 2.498609999999999998e-01 3.033540000000000125e-01
9.400000000000000000e+01 2.048580000000000123e-01 2.529469999999999774e-01 3.064810000000000034e-01
9.500000000000000000e+01 2.071429999999999938e-01 2.551979999999999804e-01 3.087480000000000224e-01
9.600000000000000000e+01 2.100859999999999950e-01 2.581539999999999946e-01 3.116559999999999886e-01
9.700000000000000000e+01 2.117229999999999945e-01 2.597979999999999734e-01 3.132670000000000177e-01
9.800000000000000000e+01 2.150029999999999997e-01 2.630330000000000168e-01 3.164980000000000016e-01
9.900000000000000000e+01 2.170249999999999957e-01 2.650379999999999958e-01 3.185049999999999826e-01
1.000000000000000000e+02 2.196490000000000109e-01 2.676319999999999810e-01 3.211129999999999818e-01
1.010000000000000000e+02 2.220570000000000044e-01 2.700380000000000003e-01 3.234920000000000018e-01
1.020000000000000000e+02 2.234549999999999870e-01 2.714179999999999926e-01 3.248829999999999774e-01
1.030000000000000000e+02 2.259190000000000087e-01 2.738869999999999916e-01 3.273229999999999751e-01
1.040000000000000000e+02 2.279140000000000055e-01 2.758829999999999893e-01 3.292869999999999964e-01
1.050000000000000000e+02 2.312720000000000053e-01 2.792140000000000177e-01 3.326080000000000148e-01
1.060000000000000000e+02 2.328560000000000074e-01 2.807890000000000108e-01 3.341680000000000206e-01
1.070000000000000000e+02 2.350959999999999994e-01 2.830119999999999858e-01 3.363840000000000163e-01
1.080000000000000000e+02 2.369809999999999972e-01 2.849119999999999986e-01 3.382379999999999831e-01
1.090000000000000000e+02 2.403859999999999886e-01 2.882779999999999787e-01 3.416150000000000020e-01
1.100000000000000000e+02 2.421560000000000101e-01 2.900599999999999845e-01 3.433439999999999825e-01
1.110000000000000000e+02 2.441500000000000059e-01 2.920579999999999843e-01 3.453069999999999751e-01
1.120000000000000000e+02 2.466849999999999876e-01 2.945690000000000253e-01 3.478140000000000120e-01
1.130000000000000000e+02 2.488609999999999989e-01 2.967569999999999930e-01 3.499490000000000101e-01
1.140000000000000000e+02 2.506169999999999787e-01 2.985099999999999976e-01 3.516770000000000174e-01
1.150000000000000000e+02 2.528480000000000172e-01 3.007139999999999813e-01 3.538879999999999804e-01
1.160000000000000000e+02 2.548880000000000035e-01 3.027540000000000231e-01 3.559010000000000229e-01
1.170000000000000000e+02 2.572710000000000274e-01 3.051200000000000023e-01 3.582420000000000049e-01
1.180000000000000000e+02 2.595890000000000142e-01 3.074310000000000098e-01 3.605249999999999844e-01
1.190000000000000000e+02 2.624779999999999891e-01 3.102980000000000183e-01 3.633790000000000076e-01
1.200000000000000000e+02 2.652789999999999870e-01 3.130689999999999862e-01 3.661389999999999922e-01
1.210000000000000000e+02 2.670540000000000136e-01 3.148500000000000187e-01 3.678759999999999808e-01
1.220000000000000000e+02 2.689599999999999769e-01 3.167429999999999968e-01 3.697599999999999776e-01
1.230000000000000000e+02 2.708820000000000117e-01 3.186689999999999801e-01 3.716329999999999911e-01
1.240000000000000000e+02 2.731520000000000059e-01 3.209250000000000158e-01 3.738719999999999821e-01
1.250000000000000000e+02 2.750659999999999772e-01 3.228369999999999851e-01 3.757619999999999849e-01
1.260000000000000000e+02 2.769170000000000242e-01 3.246809999999999974e-01 3.775810000000000000e-01
1.270000000000000000e+02 2.798590000000000244e-01 3.276029999999999776e-01 3.804899999999999949e-01
1.280000000000000000e+02 2.818350000000000022e-01 3.295799999999999841e-01 3.824299999999999922e-01
1.290000000000000000e+02 2.840770000000000239e-01 3.318070000000000186e-01 3.846399999999999819e-01
1.300000000000000000e+02 2.860489999999999977e-01 3.337870000000000004e-01 3.865669999999999940e-01
1.310000000000000000e+02 2.879269999999999885e-01 3.356600000000000139e-01 3.884159999999999835e-01
1.320000000000000000e+02 2.897279999999999855e-01 3.374579999999999802e-01 3.901839999999999753e-01
1.330000000000000000e+02 2.918950000000000156e-01 3.396069999999999922e-01 3.923200000000000021e-01
1.340000000000000000e+02 2.937790000000000123e-01 3.414849999999999830e-01 3.941700000000000204e-01
1.350000000000000000e+02 2.956360000000000099e-01 3.433329999999999993e-01 3.959989999999999899e-01
1.360000000000000000e+02 2.983029999999999848e-01 3.459860000000000158e-01 3.986259999999999803e-01
1.370000000000000000e+02 3.003230000000000066e-01 3.479920000000000235e-01 4.006109999999999949e-01
1.380000000000000000e+02 3.023140000000000271e-01 3.499780000000000113e-01 4.025719999999999854e-01
1.390000000000000000e+02 3.038399999999999990e-01 3.514959999999999751e-01 4.040719999999999867e-01
1.400000000000000000e+02 3.057770000000000210e-01 3.534240000000000159e-01 4.059780000000000055e-01
1.410000000000000000e+02 3.076200000000000045e-01 3.552529999999999855e-01 4.077919999999999878e-01
1.420000000000000000e+02 3.095300000000000273e-01 3.571469999999999922e-01 4.096710000000000074e-01
1.430000000000000000e+02 3.112269999999999759e-01 3.588350000000000151e-01 4.113339999999999774e-01
1.440000000000000000e+02 3.128520000000000190e-01 3.604550000000000254e-01 4.129329999999999945e-01
1.450000000000000000e+02 3.154230000000000089e-01 3.629990000000000161e-01 4.154709999999999792e-01
1.460000000000000000e+02 3.178909999999999791e-01 3.654499999999999971e-01 4.178990000000000204e-01
1.470000000000000000e+02 3.200919999999999876e-01 3.676360000000000183e-01 4.200679999999999970e-01
1.480000000000000000e+02 3.219929999999999737e-01 3.695240000000000191e-01 4.219439999999999857e-01
1.490000000000000000e+02 3.230020000000000113e-01 3.705370000000000053e-01 4.229339999999999766e-01
1.500000000000000000e+02 3.253690000000000193e-01 3.728920000000000012e-01 4.252619999999999734e-01
1.510000000000000000e+02 3.269710000000000116e-01 3.744939999999999936e-01 4.268319999999999892e-01
1.520000000000000000e+02 3.285290000000000155e-01 3.760510000000000241e-01 4.283549999999999858e-01
1.530000000000000000e+02 3.300980000000000025e-01 3.776100000000000012e-01 4.299009999999999776e-01
1.540000000000000000e+02 3.323260000000000103e-01 3.798150000000000137e-01 4.321039999999999881e-01
1.550000000000000000e+02 3.336930000000000174e-01 3.811720000000000108e-01 4.334580000000000100e-01
1.560000000000000000e+02 3.356180000000000274e-01 3.830810000000000048e-01 4.353560000000000207e-01
1.570000000000000000e+02 3.373829999999999885e-01 3.848320000000000074e-01 4.370979999999999865e-01
1.580000000000000000e+02 3.388490000000000113e-01 3.862889999999999935e-01 4.385399999999999854e-01
1.590000000000000000e+02 3.402859999999999774e-01 3.877149999999999763e-01 4.399509999999999810e-01
1.600000000000000000e+02 3.417490000000000250e-01 3.891700000000000159e-01 4.413889999999999758e-01
1.610000000000000000e+02 3.437319999999999820e-01 3.911359999999999837e-01 4.433429999999999871e-01
1.620000000000000000e+02 3.448430000000000106e-01 3.922370000000000023e-01 4.444389999999999730e-01
1.630000000000000000e+02 3.468350000000000044e-01 3.942039999999999988e-01 4.464069999999999983e-01
1.640000000000000000e+02 3.489360000000000239e-01 3.962840000000000251e-01 4.484779999999999878e-01
1.650000000000000000e+02 3.505840000000000067e-01 3.979150000000000187e-01 4.501060000000000061e-01
1.660000000000000000e+02 3.520440000000000236e-01 3.993539999999999868e-01 4.515509999999999802e-01
1.670000000000000000e+02 3.533839999999999759e-01 4.006839999999999846e-01 4.528699999999999948e-01
1.680000000000000000e+02 3.546070000000000055e-01 4.018930000000000002e-01 4.540719999999999756e-01
1.690000000000000000e+02 3.565159999999999996e-01 4.037839999999999763e-01 4.559509999999999952e-01
1.700000000000000000e+02 3.579140000000000099e-01 4.051669999999999994e-01 4.573329999999999895e-01
1.710000000000000000e+02 3.590419999999999723e-01 4.062850000000000072e-01 4.584409999999999874e-01
1.720000000000000000e+02 3.604209999999999914e-01 4.076500000000000123e-01 4.598039999999999905e-01
1.730000000000000000e+02 3.622509999999999897e-01 4.094599999999999906e-01 4.616069999999999895e-01
1.740000000000000000e+02 3.635680000000000023e-01 4.107600000000000140e-01 4.629159999999999942e-01
1.750000000000000000e+02 3.647369999999999779e-01 4.119140000000000024e-01 4.640699999999999825e-01
1.760000000000000000e+02 3.665359999999999729e-01 4.136870000000000269e-01 4.658519999999999883e-01
1.770000000000000000e+02 3.675289999999999946e-01 4.146710000000000118e-01 4.668289999999999940e-01
1.780000000000000000e+02 3.692079999999999806e-01 4.163319999999999799e-01 4.684869999999999868e-01
1.790000000000000000e+02 3.703609999999999958e-01 4.174749999999999850e-01 4.696199999999999819e-01
1.800000000000000000e+02 3.714330000000000132e-01 4.185340000000000171e-01 4.706810000000000160e-01
1.810000000000000000e+02 3.727019999999999778e-01 4.197830000000000172e-01 4.719349999999999934e-01
1.820000000000000000e+02 3.743290000000000228e-01 4.213930000000000176e-01 4.735440000000000205e-01
1.830000000000000000e+02 3.753330000000000277e-01 4.223850000000000104e-01 4.745389999999999886e-01
1.840000000000000000e+02 3.767759999999999998e-01 4.238060000000000160e-01 4.759700000000000042e-01
1.850000000000000000e+02 3.780450000000000199e-01 4.250610000000000221e-01 4.772250000000000103e-01
1.860000000000000000e+02 3.796510000000000162e-01 4.266480000000000272e-01 4.788129999999999886e-01
1.870000000000000000e+02 3.804910000000000236e-01 4.274760000000000226e-01 4.796449999999999880e-01
1.880000000000000000e+02 3.820279999999999787e-01 4.289959999999999885e-01 4.811610000000000054e-01
1.890000000000000000e+02 3.829589999999999939e-01 4.299160000000000204e-01 4.820780000000000065e-01
1.900000000000000000e+02 3.841229999999999922e-01 4.310640000000000027e-01 4.832319999999999949e-01
1.910000000000000000e+02 3.852470000000000061e-01 4.321740000000000026e-01 4.843439999999999968e-01
1.920000000000000000e+02 3.862249999999999850e-01 4.331400000000000250e-01 4.853109999999999924e-01
1.930000000000000000e+02 3.878190000000000248e-01 4.347110000000000141e-01 4.868910000000000182e-01
1.940000000000000000e+02 3.888759999999999994e-01 4.357519999999999727e-01 4.879390000000000116e-01
1.950000000000000000e+02 3.899420000000000108e-01 4.367960000000000176e-01 4.889950000000000130e-01
1.960000000000000000e+02 3.911850000000000049e-01 4.380240000000000244e-01 4.902199999999999891e-01
1.970000000000000000e+02 3.918840000000000101e-01 4.387099999999999889e-01 4.909080000000000110e-01
1.980000000000000000e+02 3.927499999999999880e-01 4.395669999999999855e-01 4.917639999999999789e-01
1.990000000000000000e+02 3.935969999999999747e-01 4.403980000000000117e-01 4.926010000000000111e-01
2.000000000000000000e+02 3.943780000000000063e-01 4.411669999999999758e-01 4.933710000000000040e-01
2.010000000000000000e+02 3.948940000000000228e-01 4.416649999999999743e-01 4.938830000000000164e-01
2.020000000000000000e+02 3.959960000000000147e-01 4.427409999999999957e-01 4.949720000000000231e-01
2.030000000000000000e+02 3.970719999999999805e-01 4.437949999999999950e-01 4.960370000000000057e-01
2.040000000000000000e+02 3.984119999999999884e-01 4.451180000000000136e-01 4.973629999999999995e-01
2.050000000000000000e+02 3.990310000000000246e-01 4.457260000000000111e-01 4.979720000000000257e-01
2.060000000000000000e+02 3.994880000000000098e-01 4.461629999999999763e-01 4.984169999999999989e-01
2.070000000000000000e+02 3.998479999999999812e-01 4.465040000000000120e-01 4.987679999999999891e-01
2.080000000000000000e+02 4.000929999999999764e-01 4.467309999999999892e-01 4.990049999999999764e-01
2.090000000000000000e+02 4.003970000000000029e-01 4.470199999999999729e-01 4.993000000000000216e-01
2.100000000000000000e+02 4.008650000000000269e-01 4.474719999999999809e-01 4.997610000000000108e-01
2.110000000000000000e+02 4.018689999999999762e-01 4.484540000000000193e-01 5.007599999999999829e-01
2.120000000000000000e+02 4.023680000000000034e-01 4.489330000000000265e-01 5.012480000000000269e-01
2.130000000000000000e+02 4.030839999999999979e-01 4.496280000000000276e-01 5.019479999999999498e-01
2.140000000000000000e+02 4.033740000000000103e-01 4.499000000000000221e-01 5.022299999999999542e-01
2.150000000000000000e+02 4.040860000000000007e-01 4.505899999999999905e-01 5.029329999999999634e-01
2.160000000000000000e+02 4.042589999999999795e-01 4.507490000000000108e-01 5.030999999999999917e-01
2.170000000000000000e+02 4.042149999999999910e-01 4.506850000000000023e-01 5.030480000000000507e-01
2.180000000000000000e+02 4.044260000000000077e-01 4.508780000000000010e-01 5.032480000000000286e-01
2.190000000000000000e+02 4.047359999999999847e-01 4.511700000000000155e-01 5.035530000000000284e-01
2.200000000000000000e+02 4.051540000000000141e-01 4.515640000000000209e-01 5.039660000000000251e-01
2.210000000000000000e+02 4.056560000000000166e-01 4.520469999999999766e-01 5.044600000000000195e-01
2.220000000000000000e+02 4.063019999999999965e-01 4.526700000000000168e-01 5.050999999999999934e-01
2.230000000000000000e+02 4.066299999999999915e-01 4.529790000000000205e-01 5.054149999999999476e-01
2.240000000000000000e+02 4.070610000000000062e-01 4.533909999999999885e-01 5.058369999999999811e-01
2.250000000000000000e+02 4.069369999999999932e-01 4.532510000000000150e-01 5.057070000000000176e-01
2.260000000000000000e+02 4.067859999999999809e-01 4.530830000000000135e-01 5.055539999999999479e-01
2.270000000000000000e+02 4.066000000000000170e-01 4.528789999999999760e-01 5.053600000000000314e-01
2.280000000000000000e+02 4.070790000000000242e-01 4.533369999999999900e-01 5.058310000000000306e-01
2.290000000000000000e+02 4.072490000000000276e-01 4.534909999999999775e-01 5.059949999999999726e-01
2.300000000000000000e+02 4.076139999999999763e-01 4.538340000000000152e-01 5.063509999999999955e-01
2.310000000000000000e+02 4.079929999999999946e-01 4.541930000000000134e-01 5.067279999999999562e-01
2.320000000000000000e+02 4.082779999999999743e-01 4.544560000000000266e-01 5.070050000000000390e-01
2.330000000000000000e+02 4.081529999999999880e-01 4.543099999999999916e-01 5.068759999999999932e-01
2.340000000000000000e+02 4.083010000000000250e-01 4.544369999999999798e-01 5.070189999999999975e-01
2.350000000000000000e+02 4.080779999999999963e-01 4.541970000000000174e-01 5.067909999999999915e-01
2.360000000000000000e+02 4.083359999999999768e-01 4.544389999999999818e-01 5.070419999999999927e-01
2.370000000000000000e+02 4.083849999999999980e-01 4.544690000000000119e-01 5.070820000000000327e-01
2.380000000000000000e+02 4.084630000000000205e-01 4.545319999999999916e-01 5.071539999999999937e-01
2.390000000000000000e+02 4.086139999999999772e-01 4.546629999999999838e-01 5.072980000000000267e-01
2.400000000000000000e+02 4.088559999999999972e-01 4.548820000000000086e-01 5.075359999999999872e-01
2.410000000000000000e+02 4.092399999999999927e-01 4.552470000000000128e-01 5.079150000000000054e-01
2.420000000000000000e+02 4.092520000000000047e-01 4.552399999999999780e-01 5.079230000000000134e-01
2.430000000000000000e+02 4.091310000000000224e-01 4.550980000000000025e-01 5.078000000000000291e-01
2.440000000000000000e+02 4.088789999999999925e-01 4.548289999999999833e-01 5.075469999999999704e-01
2.450000000000000000e+02 4.090039999999999787e-01 4.549369999999999803e-01 5.076669999999999794e-01
2.460000000000000000e+02 4.092669999999999919e-01 4.551870000000000083e-01 5.079259999999999886e-01
2.470000000000000000e+02 4.091859999999999942e-01 4.550899999999999945e-01 5.078409999999999869e-01
2.480000000000000000e+02 4.092219999999999747e-01 4.551080000000000125e-01 5.078709999999999614e-01
2.490000000000000000e+02 4.093339999999999756e-01 4.551979999999999915e-01 5.079780000000000406e-01
2.500000000000000000e+02 4.091839999999999922e-01 4.550259999999999860e-01 5.078259999999999996e-01
2.510000000000000000e+02 4.094639999999999946e-01 4.552919999999999745e-01 5.081050000000000288e-01
2.520000000000000000e+02 4.095159999999999911e-01 4.553309999999999858e-01 5.081569999999999698e-01
2.530000000000000000e+02 4.098109999999999808e-01 4.556089999999999862e-01 5.084480000000000111e-01
2.540000000000000000e+02 4.096540000000000181e-01 4.554320000000000035e-01 5.082870000000000443e-01
2.550000000000000000e+02 4.095260000000000011e-01 4.552889999999999993e-01 5.081579999999999986e-01
2.560000000000000000e+02 4.094369999999999954e-01 4.551830000000000043e-01 5.080639999999999601e-01
2.570000000000000000e+02 4.095900000000000096e-01 4.553200000000000025e-01 5.082130000000000258e-01
2.580000000000000000e+02 4.097939999999999916e-01 4.555100000000000260e-01 5.084140000000000326e-01
2.590000000000000000e+02 4.098600000000000021e-01 4.555569999999999897e-01 5.084769999999999568e-01
2.600000000000000000e+02 4.098450000000000149e-01 4.555270000000000152e-01 5.084600000000000231e-01
2.610000000000000000e+02 4.095989999999999909e-01 4.552649999999999753e-01 5.082100000000000506e-01
2.620000000000000000e+02 4.097219999999999751e-01 4.553699999999999970e-01 5.083299999999999486e-01
2.630000000000000000e+02 4.098979999999999846e-01 4.555350000000000232e-01 5.085049999999999848e-01
2.640000000000000000e+02 4.097100000000000186e-01 4.553309999999999858e-01 5.083130000000000148e-01
2.650000000000000000e+02 4.097740000000000271e-01 4.553849999999999842e-01 5.083710000000000173e-01
2.660000000000000000e+02 4.097870000000000124e-01 4.553789999999999782e-01 5.083779999999999966e-01
2.670000000000000000e+02 4.098939999999999806e-01 4.554730000000000167e-01 5.084840000000000471e-01
2.680000000000000000e+02 4.097210000000000019e-01 4.552820000000000200e-01 5.083079999999999821e-01
2.690000000000000000e+02 4.098600000000000021e-01 4.554079999999999795e-01 5.084459999999999535e-01
2.700000000000000000e+02 4.098740000000000161e-01 4.554079999999999795e-01 5.084589999999999943e-01
2.710000000000000000e+02 4.097230000000000039e-01 4.552399999999999780e-01 5.083029999999999493e-01
2.720000000000000000e+02 4.097970000000000224e-01 4.552979999999999805e-01 5.083769999999999678e-01
2.730000000000000000e+02 4.099769999999999803e-01 4.554670000000000107e-01 5.085539999999999505e-01
2.740000000000000000e+02 4.101000000000000201e-01 4.555750000000000077e-01 5.086720000000000130e-01
2.750000000000000000e+02 4.101159999999999806e-01 4.555759999999999810e-01 5.086829999999999963e-01
2.760000000000000000e+02 4.100090000000000123e-01 4.554540000000000255e-01 5.085739999999999705e-01
2.770000000000000000e+02 4.097319999999999851e-01 4.551629999999999843e-01 5.082980000000000276e-01
2.780000000000000000e+02 4.099340000000000206e-01 4.553490000000000038e-01 5.084959999999999480e-01
2.790000000000000000e+02 4.099720000000000031e-01 4.553740000000000010e-01 5.085330000000000128e-01
2.800000000000000000e+02 4.099220000000000086e-01 4.553130000000000233e-01 5.084819999999999895e-01
2.810000000000000000e+02 4.100520000000000276e-01 4.554309999999999747e-01 5.086110000000000353e-01
2.820000000000000000e+02 4.103749999999999898e-01 4.557390000000000052e-01 5.089310000000000223e-01
2.830000000000000000e+02 4.103399999999999825e-01 4.556930000000000147e-01 5.088930000000000398e-01
2.840000000000000000e+02 4.102959999999999940e-01 4.556359999999999855e-01 5.088479999999999670e-01
2.850000000000000000e+02 4.101029999999999953e-01 4.554320000000000035e-01 5.086540000000000505e-01
2.860000000000000000e+02 4.100579999999999781e-01 4.553730000000000278e-01 5.086060000000000025e-01
2.870000000000000000e+02 4.101090000000000013e-01 4.554139999999999855e-01 5.086589999999999723e-01
2.880000000000000000e+02 4.102060000000000151e-01 4.554940000000000100e-01 5.087519999999999820e-01
2.890000000000000000e+02 4.100249999999999728e-01 4.552990000000000093e-01 5.085690000000000488e-01
2.900000000000000000e+02 4.100340000000000096e-01 4.552979999999999805e-01 5.085779999999999745e-01
2.910000000000000000e+02 4.101469999999999838e-01 4.553960000000000230e-01 5.086850000000000538e-01
2.920000000000000000e+02 4.104129999999999723e-01 4.556499999999999995e-01 5.089479999999999560e-01
2.930000000000000000e+02 4.101920000000000011e-01 4.554210000000000202e-01 5.087249999999999828e-01
2.940000000000000000e+02 4.101629999999999998e-01 4.553809999999999802e-01 5.086939999999999795e-01
2.950000000000000000e+02 4.100639999999999841e-01 4.552709999999999813e-01 5.085939999999999905e-01
2.960000000000000000e+02 4.100630000000000108e-01 4.552590000000000248e-01 5.085920000000000440e-01
2.970000000000000000e+02 4.101639999999999731e-01 4.553479999999999750e-01 5.086920000000000330e-01
2.980000000000000000e+02 4.100900000000000101e-01 4.552649999999999753e-01 5.086180000000000145e-01
2.990000000000000000e+02 4.103180000000000160e-01 4.554819999999999980e-01 5.088430000000000453e-01
3.000000000000000000e+02 4.104380000000000250e-01 4.555919999999999970e-01 5.089590000000000503e-01
3.010000000000000000e+02 4.104260000000000130e-01 4.555699999999999750e-01 5.089449999999999807e-01
3.020000000000000000e+02 4.101600000000000246e-01 4.552930000000000033e-01 5.086789999999999923e-01
3.030000000000000000e+02 4.101650000000000018e-01 4.552899999999999725e-01 5.086810000000000498e-01
3.040000000000000000e+02 4.101190000000000113e-01 4.552309999999999968e-01 5.086319999999999730e-01
3.050000000000000000e+02 4.098800000000000221e-01 4.549830000000000263e-01 5.083919999999999551e-01
3.060000000000000000e+02 4.099809999999999843e-01 4.550730000000000053e-01 5.084920000000000551e-01
3.070000000000000000e+02 4.101170000000000093e-01 4.551990000000000203e-01 5.086270000000000513e-01
3.080000000000000000e+02 4.101929999999999743e-01 4.552640000000000020e-01 5.086979999999999835e-01
3.090000000000000000e+02 4.104990000000000028e-01 4.555580000000000185e-01 5.089979999999999505e-01
3.100000000000000000e+02 4.103399999999999825e-01 4.553889999999999882e-01 5.088380000000000125e-01
3.110000000000000000e+02 4.103689999999999838e-01 4.554110000000000102e-01 5.088660000000000405e-01
3.120000000000000000e+02 4.102149999999999963e-01 4.552450000000000108e-01 5.087089999999999668e-01
3.130000000000000000e+02 4.100349999999999828e-01 4.550549999999999873e-01 5.085260000000000336e-01
3.140000000000000000e+02 4.099639999999999951e-01 4.549779999999999935e-01 5.084560000000000191e-01
3.150000000000000000e+02 4.098859999999999726e-01 4.548889999999999878e-01 5.083769999999999678e-01
3.160000000000000000e+02 4.101330000000000253e-01 4.551270000000000038e-01 5.086239999999999650e-01
3.170000000000000000e+02 4.103620000000000045e-01 4.553459999999999730e-01 5.088519999999999710e-01
3.180000000000000000e+02 4.104929999999999968e-01 4.554650000000000087e-01 5.089799999999999880e-01
3.190000000000000000e+02 4.103550000000000253e-01 4.553229999999999777e-01 5.088420000000000165e-01
3.200000000000000000e+02 4.102399999999999936e-01 4.551959999999999895e-01 5.087249999999999828e-01
3.210000000000000000e+02 4.101659999999999751e-01 4.551129999999999898e-01 5.086500000000000465e-01
3.220000000000000000e+02 4.102250000000000063e-01 4.551629999999999843e-01 5.087049999999999628e-01
3.230000000000000000e+02 4.100889999999999813e-01 4.550190000000000068e-01 5.085699999999999665e-01
3.240000000000000000e+02 4.100420000000000176e-01 4.549639999999999795e-01 5.085210000000000008e-01
3.250000000000000000e+02 4.100280000000000036e-01 4.549400000000000110e-01 5.085070000000000423e-01
3.260000000000000000e+02 4.103319999999999745e-01 4.552329999999999988e-01 5.088089999999999558e-01
3.270000000000000000e+02 4.103450000000000153e-01 4.552359999999999740e-01 5.088209999999999678e-01
3.280000000000000000e+02 4.104909999999999948e-01 4.553730000000000278e-01 5.089660000000000295e-01
3.290000000000000000e+02 4.104280000000000150e-01 4.553039999999999865e-01 5.089040000000000230e-01
3.300000000000000000e+02 4.102669999999999928e-01 4.551339999999999830e-01 5.087420000000000275e-01
3.310000000000000000e+02 4.102469999999999728e-01 4.551060000000000105e-01 5.087199999999999500e-01
3.320000000000000000e+02 4.102049999999999863e-01 4.550569999999999893e-01 5.086770000000000458e-01
3.330000000000000000e+02 4.099869999999999903e-01 4.548309999999999853e-01 5.084570000000000478e-01
3.340000000000000000e+02 4.100869999999999793e-01 4.549219999999999930e-01 5.085539999999999505e-01
3.350000000000000000e+02 4.100869999999999793e-01 4.549139999999999850e-01 5.085520000000000040e-01
3.360000000000000000e+02 4.104999999999999760e-01 4.553159999999999985e-01 5.089650000000000007e-01
3.370000000000000000e+02 4.103490000000000193e-01 4.551560000000000050e-01 5.088129999999999598e-01
3.380000000000000000e+02 4.102879999999999860e-01 4.550890000000000213e-01 5.087519999999999820e-01
3.390000000000000000e+02 4.100699999999999901e-01 4.548630000000000173e-01 5.085330000000000128e-01
3.400000000000000000e+02 4.101989999999999803e-01 4.549860000000000015e-01 5.086629999999999763e-01
3.410000000000000000e+02 4.102500000000000036e-01 4.550310000000000188e-01 5.087150000000000283e-01
3.420000000000000000e+02 4.100579999999999781e-01 4.548329999999999873e-01 5.085229999999999473e-01
3.430000000000000000e+02 4.101480000000000126e-01 4.549170000000000158e-01 5.086119999999999530e-01
3.440000000000000000e+02 4.103069999999999773e-01 4.550649999999999973e-01 5.087699999999999445e-01
3.450000000000000000e+02 4.103550000000000253e-01 4.551040000000000085e-01 5.088169999999999638e-01
3.460000000000000000e+02 4.104700000000000015e-01 4.552129999999999788e-01 5.089320000000000510e-01
3.470000000000000000e+02 4.103899999999999770e-01 4.551229999999999998e-01 5.088489999999999958e-01
3.480000000000000000e+02 4.102109999999999923e-01 4.549380000000000090e-01 5.086690000000000378e-01
3.490000000000000000e+02 4.102100000000000191e-01 4.549309999999999743e-01 5.086650000000000338e-01
3.500000000000000000e+02 4.102850000000000108e-01 4.549989999999999868e-01 5.087399999999999700e-01
3.510000000000000000e+02 4.102299999999999836e-01 4.549369999999999803e-01 5.086840000000000250e-01
3.520000000000000000e+02 4.101710000000000078e-01 4.548699999999999966e-01 5.086230000000000473e-01
3.530000000000000000e+02 4.101739999999999831e-01 4.548630000000000173e-01 5.086230000000000473e-01
3.540000000000000000e+02 4.103220000000000200e-01 4.550049999999999928e-01 5.087679999999999980e-01
3.550000000000000000e+02 4.103319999999999745e-01 4.550060000000000215e-01 5.087789999999999813e-01
3.560000000000000000e+02 4.103769999999999918e-01 4.550449999999999773e-01 5.088230000000000253e-01
3.570000000000000000e+02 4.102419999999999956e-01 4.549039999999999750e-01 5.086870000000000003e-01
3.580000000000000000e+02 4.102480000000000016e-01 4.549039999999999750e-01 5.086929999999999508e-01
3.590000000000000000e+02 4.102169999999999983e-01 4.548670000000000213e-01 5.086600000000000010e-01
3.600000000000000000e+02 4.101879999999999971e-01 4.548309999999999853e-01 5.086279999999999690e-01
3.610000000000000000e+02 4.102199999999999736e-01 4.548570000000000113e-01 5.086600000000000010e-01
3.620000000000000000e+02 4.101130000000000053e-01 4.547439999999999816e-01 5.085509999999999753e-01
3.630000000000000000e+02 4.103399999999999825e-01 4.549650000000000083e-01 5.087770000000000348e-01
3.640000000000000000e+02 4.103570000000000273e-01 4.549739999999999895e-01 5.087930000000000508e-01
3.650000000000000000e+02 4.103879999999999750e-01 4.550009999999999888e-01 5.088230000000000253e-01
3.660000000000000000e+02 4.103370000000000073e-01 4.549429999999999863e-01 5.087699999999999445e-01
3.670000000000000000e+02 4.102450000000000263e-01 4.548470000000000013e-01 5.086779999999999635e-01
3.680000000000000000e+02 4.101790000000000158e-01 4.547749999999999848e-01 5.086100000000000065e-01
3.690000000000000000e+02 4.102069999999999883e-01 4.547959999999999781e-01 5.086380000000000345e-01
3.700000000000000000e+02 4.103339999999999765e-01 4.549170000000000158e-01 5.087629999999999653e-01
3.710000000000000000e+02 4.102839999999999820e-01 4.548630000000000173e-01 5.087120000000000530e-01
3.720000000000000000e+02 4.101650000000000018e-01 4.547340000000000271e-01 5.085920000000000440e-01
3.730000000000000000e+02 4.102950000000000208e-01 4.548570000000000113e-01 5.087209999999999788e-01
3.740000000000000000e+02 4.103899999999999770e-01 4.549469999999999903e-01 5.088160000000000460e-01
3.750000000000000000e+02 4.104439999999999755e-01 4.549960000000000115e-01 5.088700000000000445e-01
3.760000000000000000e+02 4.101969999999999783e-01 4.547419999999999796e-01 5.086230000000000473e-01
3.770000000000000000e+02 4.101949999999999763e-01 4.547350000000000003e-01 5.086199999999999610e-01
3.780000000000000000e+02 4.100829999999999753e-01 4.546189999999999953e-01 5.085070000000000423e-01
3.790000000000000000e+02 4.101029999999999953e-01 4.546330000000000093e-01 5.085250000000000048e-01
3.800000000000000000e+02 4.101179999999999826e-01 4.546399999999999886e-01 5.085399999999999920e-01
3.810000000000000000e+02 4.101239999999999886e-01 4.546399999999999886e-01 5.085460000000000536e-01
3.820000000000000000e+02 4.101859999999999951e-01 4.546959999999999891e-01 5.086060000000000025e-01
3.830000000000000000e+02 4.102930000000000188e-01 4.547990000000000088e-01 5.087139999999999995e-01
3.840000000000000000e+02 4.103689999999999838e-01 4.548719999999999986e-01 5.087930000000000508e-01
3.850000000000000000e+02 4.102410000000000223e-01 4.547390000000000043e-01 5.086640000000000050e-01
3.860000000000000000e+02 4.101909999999999723e-01 4.546839999999999771e-01 5.086129999999999818e-01
3.870000000000000000e+02 4.101250000000000173e-01 4.546140000000000181e-01 5.085450000000000248e-01
3.880000000000000000e+02 4.101139999999999786e-01 4.545960000000000001e-01 5.085340000000000416e-01
3.890000000000000000e+02 4.101239999999999886e-01 4.546020000000000061e-01 5.085420000000000496e-01
3.900000000000000000e+02 4.100170000000000203e-01 4.544880000000000031e-01 5.084330000000000238e-01
3.910000000000000000e+02 4.101170000000000093e-01 4.545819999999999861e-01 5.085319999999999840e-01
3.920000000000000000e+02 4.101629999999999998e-01 4.546250000000000013e-01 5.085809999999999498e-01
3.930000000000000000e+02 4.102399999999999936e-01 4.546970000000000178e-01 5.086559999999999970e-01
3.940000000000000000e+02 4.101659999999999751e-01 4.546149999999999913e-01 5.085790000000000033e-01
3.950000000000000000e+02 4.100809999999999733e-01 4.545259999999999856e-01 5.084929999999999728e-01
3.960000000000000000e+02 4.100719999999999921e-01 4.545120000000000271e-01 5.084840000000000471e-01
3.970000000000000000e+02 4.100730000000000208e-01 4.545089999999999963e-01 5.084840000000000471e-01
3.980000000000000000e+02 4.100559999999999761e-01 4.544869999999999743e-01 5.084680000000000311e-01
3.990000000000000000e+02 4.100340000000000096e-01 4.544610000000000039e-01 5.084459999999999535e-01
4.000000000000000000e+02 4.100610000000000088e-01 4.544799999999999951e-01 5.084729999999999528e-01
4.010000000000000000e+02 4.101199999999999846e-01 4.545339999999999936e-01 5.085300000000000376e-01
4.020000000000000000e+02 4.101009999999999933e-01 4.545109999999999983e-01 5.085100000000000176e-01
4.030000000000000000e+02 4.100539999999999741e-01 4.544579999999999731e-01 5.084610000000000518e-01
4.040000000000000000e+02 4.100199999999999956e-01 4.544210000000000194e-01 5.084250000000000158e-01
4.050000000000000000e+02 4.100909999999999833e-01 4.544869999999999743e-01 5.084959999999999480e-01
4.060000000000000000e+02 4.100429999999999908e-01 4.544360000000000066e-01 5.084459999999999535e-01
4.070000000000000000e+02 4.099430000000000018e-01 4.543300000000000116e-01 5.083440000000000181e-01
4.080000000000000000e+02 4.098649999999999793e-01 4.542470000000000119e-01 5.082649999999999668e-01
4.090000000000000000e+02 4.099479999999999791e-01 4.543280000000000096e-01 5.083480000000000221e-01
4.100000000000000000e+02 4.099740000000000051e-01 4.543479999999999741e-01 5.083720000000000461e-01
4.110000000000000000e+02 4.100119999999999876e-01 4.543800000000000061e-01 5.084100000000000286e-01
4.120000000000000000e+02 4.100489999999999968e-01 4.544130000000000114e-01 5.084459999999999535e-01
4.130000000000000000e+02 4.100579999999999781e-01 4.544150000000000134e-01 5.084530000000000438e-01
4.140000000000000000e+02 4.099990000000000023e-01 4.543559999999999821e-01 5.083969999999999878e-01
4.150000000000000000e+02 4.099689999999999723e-01 4.543209999999999749e-01 5.083680000000000421e-01
4.160000000000000000e+02 4.099960000000000271e-01 4.543449999999999989e-01 5.083940000000000126e-01
4.170000000000000000e+02 4.099940000000000251e-01 4.543380000000000196e-01 5.083919999999999551e-01
4.180000000000000000e+02 4.099610000000000198e-01 4.542999999999999816e-01 5.083569999999999478e-01
4.190000000000000000e+02 4.099590000000000178e-01 4.542939999999999756e-01 5.083539999999999726e-01
4.200000000000000000e+02 4.099999999999999756e-01 4.543300000000000116e-01 5.083959999999999591e-01
4.210000000000000000e+02 4.100989999999999913e-01 4.544239999999999946e-01 5.084940000000000015e-01
4.220000000000000000e+02 4.101029999999999953e-01 4.544239999999999946e-01 5.084959999999999480e-01
4.230000000000000000e+02 4.098939999999999806e-01 4.542109999999999759e-01 5.082849999999999868e-01
4.240000000000000000e+02 4.099140000000000006e-01 4.542249999999999899e-01 5.083020000000000316e-01
4.250000000000000000e+02 4.099090000000000233e-01 4.542160000000000086e-01 5.082950000000000523e-01
4.260000000000000000e+02 4.097720000000000251e-01 4.540750000000000064e-01 5.081579999999999986e-01
4.270000000000000000e+02 4.099479999999999791e-01 4.542479999999999851e-01 5.083349999999999813e-01
4.280000000000000000e+02 4.099749999999999783e-01 4.542720000000000091e-01 5.083609999999999518e-01
4.290000000000000000e+02 4.099220000000000086e-01 4.542140000000000066e-01 5.083079999999999821e-01
4.300000000000000000e+02 4.100500000000000256e-01 4.543400000000000216e-01 5.084359999999999991e-01
4.310000000000000000e+02 4.099970000000000003e-01 4.542809999999999904e-01 5.083800000000000541e-01
4.320000000000000000e+02 4.099570000000000158e-01 4.542370000000000019e-01 5.083410000000000428e-01
4.330000000000000000e+02 4.099459999999999771e-01 4.542200000000000126e-01 5.083269999999999733e-01
4.340000000000000000e+02 4.098809999999999953e-01 4.541529999999999734e-01 5.082630000000000203e-01
4.350000000000000000e+02 4.099039999999999906e-01 4.541720000000000201e-01 5.082860000000000156e-01
4.360000000000000000e+02 4.098620000000000041e-01 4.541259999999999741e-01 5.082440000000000291e-01
4.370000000000000000e+02 4.098660000000000081e-01 4.541279999999999761e-01 5.082510000000000083e-01
4.380000000000000000e+02 4.098300000000000276e-01 4.540870000000000184e-01 5.082160000000000011e-01
4.390000000000000000e+02 4.099149999999999738e-01 4.541680000000000161e-01 5.083010000000000028e-01
4.400000000000000000e+02 4.100249999999999728e-01 4.542729999999999824e-01 5.084109999999999463e-01
4.410000000000000000e+02 4.100449999999999928e-01 4.542889999999999984e-01 5.084300000000000486e-01
4.420000000000000000e+02 4.099090000000000233e-01 4.541499999999999981e-01 5.082950000000000523e-01
4.430000000000000000e+02 4.098550000000000249e-01 4.540930000000000244e-01 5.082400000000000251e-01
4.440000000000000000e+02 4.098600000000000021e-01 4.540950000000000264e-01 5.082449999999999468e-01
4.450000000000000000e+02 4.097890000000000144e-01 4.540199999999999791e-01 5.081719999999999571e-01
4.460000000000000000e+02 4.098319999999999741e-01 4.540589999999999904e-01 5.082149999999999723e-01
4.470000000000000000e+02 4.098870000000000013e-01 4.541109999999999869e-01 5.082670000000000243e-01
4.480000000000000000e+02 4.099360000000000226e-01 4.541560000000000041e-01 5.083149999999999613e-01
4.490000000000000000e+02 4.099479999999999791e-01 4.541649999999999854e-01 5.083280000000000021e-01
4.500000000000000000e+02 4.099380000000000246e-01 4.541520000000000001e-01 5.083159999999999901e-01
4.510000000000000000e+02 4.098829999999999973e-01 4.540939999999999976e-01 5.082590000000000163e-01
4.520000000000000000e+02 4.098229999999999928e-01 4.540299999999999891e-01 5.081999999999999851e-01
4.530000000000000000e+02 4.098280000000000256e-01 4.540319999999999911e-01 5.082039999999999891e-01
4.540000000000000000e+02 4.098310000000000008e-01 4.540330000000000199e-01 5.082079999999999931e-01
4.550000000000000000e+02 4.098109999999999808e-01 4.540080000000000227e-01 5.081849999999999978e-01
4.560000000000000000e+02 4.098430000000000129e-01 4.540359999999999951e-01 5.082170000000000298e-01
4.570000000000000000e+02 4.098950000000000093e-01 4.540850000000000164e-01 5.082699999999999996e-01
4.580000000000000000e+02 4.099030000000000173e-01 4.540890000000000204e-01 5.082780000000000076e-01
4.590000000000000000e+02 4.099389999999999978e-01 4.541229999999999989e-01 5.083140000000000436e-01
4.600000000000000000e+02 4.099160000000000026e-01 4.540959999999999996e-01 5.082900000000000196e-01
4.610000000000000000e+02 4.099380000000000246e-01 4.541160000000000196e-01 5.083140000000000436e-01
4.620000000000000000e+02 4.098660000000000081e-01 4.540409999999999724e-01 5.082440000000000291e-01
4.630000000000000000e+02 4.098249999999999948e-01 4.539949999999999819e-01 5.081999999999999851e-01
4.640000000000000000e+02 4.098399999999999821e-01 4.540069999999999939e-01 5.082130000000000258e-01
4.650000000000000000e+02 4.098169999999999868e-01 4.539799999999999947e-01 5.081890000000000018e-01
4.660000000000000000e+02 4.099229999999999818e-01 4.540850000000000164e-01 5.082959999999999701e-01
4.670000000000000000e+02 4.099119999999999986e-01 4.540710000000000024e-01 5.082860000000000156e-01
4.680000000000000000e+02 4.098390000000000088e-01 4.539940000000000087e-01 5.082119999999999971e-01
4.690000000000000000e+02 4.098740000000000161e-01 4.540259999999999851e-01 5.082440000000000291e-01
4.700000000000000000e+02 4.098430000000000129e-01 4.539929999999999799e-01 5.082140000000000546e-01
4.710000000000000000e+02 4.098749999999999893e-01 4.540210000000000079e-01 5.082459999999999756e-01
4.720000000000000000e+02 4.097850000000000104e-01 4.539270000000000249e-01 5.081560000000000521e-01
4.730000000000000000e+02 4.097600000000000131e-01 4.538989999999999969e-01 5.081290000000000529e-01
4.740000000000000000e+02 4.097689999999999944e-01 4.539050000000000029e-01 5.081369999999999498e-01
4.750000000000000000e+02 4.097580000000000111e-01 4.538909999999999889e-01 5.081259999999999666e-01
4.760000000000000000e+02 4.097629999999999884e-01 4.538929999999999909e-01 5.081299999999999706e-01
4.770000000000000000e+02 4.098049999999999748e-01 4.539329999999999754e-01 5.081700000000000106e-01
4.780000000000000000e+02 4.097700000000000231e-01 4.538949999999999929e-01 5.081350000000000033e-01
4.790000000000000000e+02 4.097709999999999964e-01 4.538929999999999909e-01 5.081360000000000321e-01
4.800000000000000000e+02 4.097839999999999816e-01 4.539039999999999742e-01 5.081499999999999906e-01
4.810000000000000000e+02 4.098089999999999788e-01 4.539270000000000249e-01 5.081759999999999611e-01
4.820000000000000000e+02 4.097410000000000219e-01 4.538570000000000104e-01 5.081080000000000041e-01
4.830000000000000000e+02 4.097189999999999999e-01 4.538309999999999844e-01 5.080850000000000088e-01
4.840000000000000000e+02 4.097060000000000146e-01 4.538150000000000239e-01 5.080710000000000504e-01
4.850000000000000000e+02 4.096489999999999854e-01 4.537539999999999907e-01 5.080109999999999904e-01
4.860000000000000000e+02 4.096600000000000241e-01 4.537619999999999987e-01 5.080209999999999448e-01
4.870000000000000000e+02 4.096600000000000241e-01 4.537610000000000254e-01 5.080219999999999736e-01
4.880000000000000000e+02 4.096750000000000114e-01 4.537720000000000087e-01 5.080369999999999608e-01
4.890000000000000000e+02 4.096859999999999946e-01 4.537800000000000167e-01 5.080459999999999976e-01
4.900000000000000000e+02 4.096940000000000026e-01 4.537849999999999939e-01 5.080529999999999768e-01
4.910000000000000000e+02 4.096850000000000214e-01 4.537720000000000087e-01 5.080449999999999688e-01
4.920000000000000000e+02 4.096310000000000229e-01 4.537149999999999794e-01 5.079900000000000526e-01
4.930000000000000000e+02 4.096600000000000241e-01 4.537390000000000034e-01 5.080189999999999984e-01
4.940000000000000000e+02 4.096560000000000201e-01 4.537309999999999954e-01 5.080139999999999656e-01
4.950000000000000000e+02 4.096699999999999786e-01 4.537419999999999787e-01 5.080270000000000064e-01
4.960000000000000000e+02 4.096299999999999941e-01 4.536999999999999922e-01 5.079879999999999951e-01
4.970000000000000000e+02 4.096920000000000006e-01 4.537599999999999967e-01 5.080489999999999728e-01
4.980000000000000000e+02 4.097439999999999971e-01 4.538090000000000179e-01 5.081010000000000248e-01
4.990000000000000000e+02 4.096639999999999726e-01 4.537260000000000182e-01 5.080209999999999448e-01
5.000000000000000000e+02 4.096029999999999949e-01 4.536620000000000097e-01 5.079599999999999671e-01
5.010000000000000000e+02 4.096429999999999794e-01 4.536990000000000189e-01 5.079989999999999783e-01
5.020000000000000000e+02 4.096690000000000054e-01 4.537220000000000142e-01 5.080219999999999736e-01
5.030000000000000000e+02 4.096110000000000029e-01 4.536629999999999829e-01 5.079649999999999999e-01
5.040000000000000000e+02 4.096879999999999966e-01 4.537379999999999747e-01 5.080419999999999936e-01
5.050000000000000000e+02 4.096049999999999969e-01 4.536529999999999729e-01 5.079599999999999671e-01
5.060000000000000000e+02 4.095770000000000244e-01 4.536209999999999964e-01 5.079289999999999639e-01
5.070000000000000000e+02 4.095799999999999996e-01 4.536229999999999984e-01 5.079320000000000501e-01
5.080000000000000000e+02 4.096210000000000129e-01 4.536609999999999809e-01 5.079740000000000366e-01
5.090000000000000000e+02 4.096650000000000014e-01 4.537010000000000209e-01 5.080170000000000519e-01
5.100000000000000000e+02 4.096670000000000034e-01 4.537019999999999942e-01 5.080189999999999984e-01
5.110000000000000000e+02 4.096130000000000049e-01 4.536459999999999937e-01 5.079660000000000286e-01
5.120000000000000000e+02 4.095829999999999749e-01 4.536129999999999884e-01 5.079360000000000541e-01
5.130000000000000000e+02 4.095889999999999809e-01 4.536160000000000192e-01 5.079390000000000294e-01
5.140000000000000000e+02 4.096190000000000109e-01 4.536459999999999937e-01 5.079719999999999791e-01
5.150000000000000000e+02 4.095960000000000156e-01 4.536200000000000232e-01 5.079500000000000126e-01
5.160000000000000000e+02 4.096730000000000094e-01 4.536959999999999882e-01 5.080249999999999488e-01
5.170000000000000000e+02 4.096159999999999801e-01 4.536370000000000124e-01 5.079690000000000039e-01
5.180000000000000000e+02 4.096589999999999954e-01 4.536780000000000257e-01 5.080109999999999904e-01
5.190000000000000000e+02 4.095969999999999889e-01 4.536140000000000172e-01 5.079489999999999839e-01
5.200000000000000000e+02 4.095550000000000024e-01 4.535730000000000040e-01 5.079080000000000261e-01
5.210000000000000000e+02 4.095699999999999896e-01 4.535850000000000160e-01 5.079230000000000134e-01
5.220000000000000000e+02 4.095730000000000204e-01 4.535830000000000140e-01 5.079249999999999599e-01
5.230000000000000000e+02 4.095389999999999864e-01 4.535469999999999779e-01 5.078909999999999814e-01
5.240000000000000000e+02 4.095230000000000259e-01 4.535279999999999867e-01 5.078740000000000476e-01
5.250000000000000000e+02 4.095599999999999796e-01 4.535609999999999919e-01 5.079080000000000261e-01
5.260000000000000000e+02 4.096369999999999734e-01 4.536370000000000124e-01 5.079850000000000199e-01
5.270000000000000000e+02 4.096029999999999949e-01 4.536020000000000052e-01 5.079500000000000126e-01
5.280000000000000000e+02 4.095570000000000044e-01 4.535520000000000107e-01 5.079029999999999934e-01
5.290000000000000000e+02 4.095559999999999756e-01 4.535500000000000087e-01 5.079010000000000469e-01
5.300000000000000000e+02 4.095420000000000171e-01 4.535339999999999927e-01 5.078859999999999486e-01
5.310000000000000000e+02 4.095150000000000179e-01 4.535040000000000182e-01 5.078589999999999494e-01
5.320000000000000000e+02 4.094990000000000019e-01 4.534839999999999982e-01 5.078409999999999869e-01
5.330000000000000000e+02 4.095119999999999871e-01 4.534949999999999815e-01 5.078549999999999454e-01
5.340000000000000000e+02 4.095710000000000184e-01 4.535520000000000107e-01 5.079129999999999479e-01
5.350000000000000000e+02 4.095659999999999856e-01 4.535429999999999739e-01 5.079080000000000261e-01
5.360000000000000000e+02 4.095500000000000251e-01 4.535250000000000115e-01 5.078930000000000389e-01
5.370000000000000000e+02 4.095429999999999904e-01 4.535159999999999747e-01 5.078859999999999486e-01
5.380000000000000000e+02 4.095019999999999771e-01 4.534770000000000190e-01 5.078470000000000484e-01
5.390000000000000000e+02 4.094949999999999979e-01 4.534670000000000090e-01 5.078399999999999581e-01
5.400000000000000000e+02 4.095230000000000259e-01 4.534969999999999835e-01 5.078679999999999861e-01
5.410000000000000000e+02 4.095090000000000119e-01 4.534790000000000210e-01 5.078529999999999989e-01
5.420000000000000000e+02 4.094789999999999819e-01 4.534469999999999890e-01 5.078209999999999669e-01
5.430000000000000000e+02 4.095400000000000151e-01 4.535029999999999895e-01 5.078829999999999734e-01
5.440000000000000000e+02 4.095260000000000011e-01 4.534869999999999735e-01 5.078690000000000149e-01
5.450000000000000000e+02 4.095179999999999931e-01 4.534790000000000210e-01 5.078610000000000069e-01
5.460000000000000000e+02 4.095219999999999971e-01 4.534790000000000210e-01 5.078629999999999534e-01
5.470000000000000000e+02 4.095670000000000144e-01 4.535210000000000075e-01 5.079080000000000261e-01
5.480000000000000000e+02 4.095790000000000264e-01 4.535339999999999927e-01 5.079209999999999559e-01
5.490000000000000000e+02 4.095239999999999991e-01 4.534750000000000170e-01 5.078660000000000396e-01
5.500000000000000000e+02 4.095420000000000171e-01 4.534920000000000062e-01 5.078850000000000309e-01
5.510000000000000000e+02 4.095070000000000099e-01 4.534540000000000237e-01 5.078470000000000484e-01
5.520000000000000000e+02 4.095509999999999984e-01 4.534960000000000102e-01 5.078930000000000389e-01
5.530000000000000000e+02 4.095460000000000211e-01 4.534920000000000062e-01 5.078899999999999526e-01
5.540000000000000000e+02 4.095030000000000059e-01 4.534460000000000157e-01 5.078460000000000196e-01
5.550000000000000000e+02 4.095190000000000219e-01 4.534599999999999742e-01 5.078599999999999781e-01
5.560000000000000000e+02 4.095059999999999811e-01 4.534460000000000157e-01 5.078479999999999661e-01
5.570000000000000000e+02 4.095099999999999851e-01 4.534469999999999890e-01 5.078519999999999701e-01
5.580000000000000000e+02 4.095249999999999724e-01 4.534630000000000050e-01 5.078669999999999574e-01
5.590000000000000000e+02 4.095150000000000179e-01 4.534500000000000197e-01 5.078570000000000029e-01
5.600000000000000000e+02 4.095190000000000219e-01 4.534509999999999930e-01 5.078610000000000069e-01
5.610000000000000000e+02 4.094929999999999959e-01 4.534239999999999937e-01 5.078350000000000364e-01
5.620000000000000000e+02 4.094940000000000246e-01 4.534230000000000205e-01 5.078359999999999541e-01
5.630000000000000000e+02 4.094709999999999739e-01 4.533989999999999965e-01 5.078120000000000411e-01
5.640000000000000000e+02 4.095239999999999991e-01 4.534529999999999950e-01 5.078660000000000396e-01
5.650000000000000000e+02 4.095300000000000051e-01 4.534590000000000010e-01 5.078719999999999901e-01
5.660000000000000000e+02 4.095530000000000004e-01 4.534790000000000210e-01 5.078960000000000141e-01
5.670000000000000000e+02 4.095099999999999851e-01 4.534320000000000017e-01 5.078549999999999454e-01
5.680000000000000000e+02 4.095059999999999811e-01 4.534270000000000245e-01 5.078500000000000236e-01
5.690000000000000000e+02 4.095099999999999851e-01 4.534279999999999977e-01 5.078540000000000276e-01
5.700000000000000000e+02 4.095079999999999831e-01 4.534250000000000225e-01 5.078519999999999701e-01
5.710000000000000000e+02 4.094800000000000106e-01 4.533909999999999885e-01 5.078230000000000244e-01
5.720000000000000000e+02 4.094679999999999986e-01 4.533780000000000032e-01 5.078110000000000124e-01
5.730000000000000000e+02 4.094979999999999731e-01 4.534050000000000025e-01 5.078409999999999869e-01
5.740000000000000000e+02 4.095460000000000211e-01 4.534500000000000197e-01 5.078859999999999486e-01
5.750000000000000000e+02 4.094729999999999759e-01 4.533739999999999992e-01 5.078120000000000411e-01
5.760000000000000000e+02 4.094579999999999886e-01 4.533590000000000120e-01 5.077970000000000539e-01
5.770000000000000000e+02 4.094639999999999946e-01 4.533659999999999912e-01 5.078019999999999756e-01
5.780000000000000000e+02 4.094479999999999786e-01 4.533490000000000020e-01 5.077880000000000171e-01
5.790000000000000000e+02 4.094720000000000026e-01 4.533730000000000260e-01 5.078120000000000411e-01
5.800000000000000000e+02 4.094559999999999866e-01 4.533559999999999812e-01 5.077939999999999676e-01
5.810000000000000000e+02 4.094579999999999886e-01 4.533550000000000080e-01 5.077970000000000539e-01
5.820000000000000000e+02 4.094769999999999799e-01 4.533719999999999972e-01 5.078150000000000164e-01
5.830000000000000000e+02 4.094590000000000174e-01 4.533539999999999792e-01 5.077970000000000539e-01
5.840000000000000000e+02 4.094340000000000201e-01 4.533269999999999800e-01 5.077720000000000011e-01
5.850000000000000000e+02 4.094610000000000194e-01 4.533519999999999772e-01 5.077970000000000539e-01
5.860000000000000000e+02 4.094570000000000154e-01 4.533470000000000000e-01 5.077949999999999964e-01
5.870000000000000000e+02 4.094479999999999786e-01 4.533369999999999900e-01 5.077859999999999596e-01
5.880000000000000000e+02 4.094380000000000241e-01 4.533260000000000067e-01 5.077760000000000051e-01
5.890000000000000000e+02 4.094149999999999734e-01 4.533019999999999827e-01 5.077549999999999564e-01
5.900000000000000000e+02 4.094530000000000114e-01 4.533380000000000187e-01 5.077930000000000499e-01
5.910000000000000000e+02 4.094619999999999926e-01 4.533460000000000267e-01 5.077979999999999716e-01
5.920000000000000000e+02 4.094519999999999826e-01 4.533360000000000167e-01 5.077899999999999636e-01
5.930000000000000000e+02 4.094220000000000081e-01 4.533030000000000115e-01 5.077589999999999604e-01
5.940000000000000000e+02 4.094030000000000169e-01 4.532820000000000182e-01 5.077409999999999979e-01
5.950000000000000000e+02 4.093919999999999781e-01 4.532700000000000062e-01 5.077310000000000434e-01
5.960000000000000000e+02 4.094039999999999901e-01 4.532789999999999875e-01 5.077420000000000266e-01
5.970000000000000000e+02 4.094499999999999806e-01 4.533240000000000047e-01 5.077880000000000171e-01
5.980000000000000000e+02 4.094459999999999766e-01 4.533190000000000275e-01 5.077829999999999844e-01
5.990000000000000000e+02 4.094260000000000121e-01 4.532990000000000075e-01 5.077610000000000179e-01
6.000000000000000000e+02 4.093589999999999729e-01 4.532280000000000197e-01 5.076929999999999499e-01
6.010000000000000000e+02 4.094099999999999961e-01 4.532800000000000162e-01 5.077450000000000019e-01
6.020000000000000000e+02 4.094320000000000181e-01 4.532990000000000075e-01 5.077660000000000506e-01
6.030000000000000000e+02 4.094240000000000101e-01 4.532889999999999975e-01 5.077580000000000426e-01
6.040000000000000000e+02 4.094539999999999846e-01 4.533179999999999987e-01 5.077880000000000171e-01
6.050000000000000000e+02 4.094140000000000001e-01 4.532760000000000122e-01 5.077479999999999771e-01
6.060000000000000000e+02 4.094450000000000034e-01 4.533039999999999847e-01 5.077779999999999516e-01
6.070000000000000000e+02 4.094539999999999846e-01 4.533139999999999947e-01 5.077880000000000171e-01
6.080000000000000000e+02 4.094749999999999779e-01 4.533360000000000167e-01 5.078099999999999836e-01
6.090000000000000000e+02 4.093649999999999789e-01 4.532220000000000137e-01 5.077019999999999866e-01
6.100000000000000000e+02 4.093700000000000117e-01 4.532240000000000157e-01 5.077059999999999906e-01
6.110000000000000000e+02 4.093849999999999989e-01 4.532390000000000030e-01 5.077209999999999779e-01
6.120000000000000000e+02 4.094070000000000209e-01 4.532610000000000250e-01 5.077439999999999731e-01
6.130000000000000000e+02 4.093640000000000057e-01 4.532160000000000077e-01 5.077000000000000401e-01
6.140000000000000000e+02 4.094119999999999981e-01 4.532619999999999982e-01 5.077479999999999771e-01
6.150000000000000000e+02 4.094019999999999881e-01 4.532519999999999882e-01 5.077369999999999939e-01
6.160000000000000000e+02 4.094019999999999881e-01 4.532510000000000150e-01 5.077369999999999939e-01
6.170000000000000000e+02 4.094030000000000169e-01 4.532479999999999842e-01 5.077369999999999939e-01
6.180000000000000000e+02 4.094340000000000201e-01 4.532760000000000122e-01 5.077690000000000259e-01
6.190000000000000000e+02 4.094070000000000209e-01 4.532470000000000110e-01 5.077409999999999979e-01
6.200000000000000000e+02 4.093820000000000237e-01 4.532209999999999850e-01 5.077169999999999739e-01
6.210000000000000000e+02 4.093990000000000129e-01 4.532370000000000010e-01 5.077359999999999651e-01
6.220000000000000000e+02 4.093760000000000177e-01 4.532109999999999750e-01 5.077110000000000234e-01
6.230000000000000000e+02 4.093959999999999821e-01 4.532320000000000237e-01 5.077329999999999899e-01
6.240000000000000000e+02 4.094119999999999981e-01 4.532470000000000110e-01 5.077490000000000059e-01
6.250000000000000000e+02 4.094200000000000061e-01 4.532539999999999902e-01 5.077589999999999604e-01
6.260000000000000000e+02 4.094240000000000101e-01 4.532559999999999922e-01 5.077610000000000179e-01
6.270000000000000000e+02 4.094200000000000061e-01 4.532499999999999862e-01 5.077570000000000139e-01
6.280000000000000000e+02 4.094389999999999974e-01 4.532669999999999755e-01 5.077730000000000299e-01
6.290000000000000000e+02 4.094389999999999974e-01 4.532660000000000022e-01 5.077730000000000299e-01
6.300000000000000000e+02 4.094450000000000034e-01 4.532709999999999795e-01 5.077789999999999804e-01
6.310000000000000000e+02 4.093820000000000237e-01 4.532089999999999730e-01 5.077169999999999739e-01
6.320000000000000000e+02 4.094249999999999834e-01 4.532519999999999882e-01 5.077589999999999604e-01
6.330000000000000000e+02 4.094059999999999921e-01 4.532329999999999970e-01 5.077409999999999979e-01
6.340000000000000000e+02 4.094340000000000201e-01 4.532599999999999962e-01 5.077679999999999971e-01
6.350000000000000000e+02 4.094369999999999954e-01 4.532630000000000270e-01 5.077709999999999724e-01
6.360000000000000000e+02 4.094709999999999739e-01 4.532959999999999767e-01 5.078049999999999509e-01
6.370000000000000000e+02 4.094729999999999759e-01 4.532959999999999767e-01 5.078059999999999796e-01
6.380000000000000000e+02 4.095039999999999791e-01 4.533260000000000067e-01 5.078359999999999541e-01
6.390000000000000000e+02 4.094729999999999759e-01 4.532939999999999747e-01 5.078070000000000084e-01
6.400000000000000000e+02 4.094510000000000094e-01 4.532729999999999815e-01 5.077869999999999884e-01
6.410000000000000000e+02 4.094579999999999886e-01 4.532760000000000122e-01 5.077920000000000211e-01
6.420000000000000000e+02 4.094320000000000181e-01 4.532479999999999842e-01 5.077650000000000219e-01
6.430000000000000000e+02 4.094349999999999934e-01 4.532490000000000130e-01 5.077700000000000546e-01
6.440000000000000000e+02 4.094789999999999819e-01 4.532930000000000015e-01 5.078139999999999876e-01
6.450000000000000000e+02 4.094380000000000241e-01 4.532530000000000170e-01 5.077720000000000011e-01
6.460000000000000000e+02 4.094679999999999986e-01 4.532800000000000162e-01 5.078030000000000044e-01
6.470000000000000000e+02 4.094479999999999786e-01 4.532599999999999962e-01 5.077840000000000131e-01
6.480000000000000000e+02 4.094269999999999854e-01 4.532340000000000257e-01 5.077629999999999644e-01
6.490000000000000000e+02 4.094289999999999874e-01 4.532340000000000257e-01 5.077650000000000219e-01
6.500000000000000000e+02 4.094220000000000081e-01 4.532229999999999870e-01 5.077589999999999604e-01
6.510000000000000000e+02 4.094130000000000269e-01 4.532140000000000057e-01 5.077500000000000346e-01
6.520000000000000000e+02 4.094149999999999734e-01 4.532149999999999790e-01 5.077509999999999524e-01
6.530000000000000000e+02 4.094499999999999806e-01 4.532479999999999842e-01 5.077840000000000131e-01
6.540000000000000000e+02 4.094450000000000034e-01 4.532410000000000050e-01 5.077789999999999804e-01
6.550000000000000000e+02 4.094300000000000161e-01 4.532229999999999870e-01 5.077629999999999644e-01
6.560000000000000000e+02 4.094389999999999974e-01 4.532300000000000217e-01 5.077709999999999724e-01
6.570000000000000000e+02 4.094300000000000161e-01 4.532189999999999830e-01 5.077610000000000179e-01
6.580000000000000000e+02 4.094329999999999914e-01 4.532209999999999850e-01 5.077650000000000219e-01
6.590000000000000000e+02 4.094070000000000209e-01 4.531930000000000125e-01 5.077380000000000226e-01
6.600000000000000000e+02 4.094519999999999826e-01 4.532370000000000010e-01 5.077829999999999844e-01
6.610000000000000000e+02 4.094430000000000014e-01 4.532269999999999910e-01 5.077730000000000299e-01
6.620000000000000000e+02 4.094519999999999826e-01 4.532340000000000257e-01 5.077829999999999844e-01
6.630000000000000000e+02 4.094459999999999766e-01 4.532249999999999890e-01 5.077760000000000051e-01
6.640000000000000000e+02 4.094090000000000229e-01 4.531879999999999797e-01 5.077380000000000226e-01
6.650000000000000000e+02 4.094130000000000269e-01 4.531930000000000125e-01 5.077430000000000554e-01
6.660000000000000000e+02 4.093950000000000089e-01 4.531749999999999945e-01 5.077239999999999531e-01
6.670000000000000000e+02 4.094070000000000209e-01 4.531870000000000065e-01 5.077359999999999651e-01
6.680000000000000000e+02 4.094329999999999914e-01 4.532129999999999770e-01 5.077629999999999644e-01
6.690000000000000000e+02 4.094249999999999834e-01 4.532059999999999977e-01 5.077580000000000426e-01
6.700000000000000000e+02 4.094300000000000161e-01 4.532100000000000017e-01 5.077639999999999931e-01
6.710000000000000000e+02 4.094249999999999834e-01 4.532030000000000225e-01 5.077580000000000426e-01
6.720000000000000000e+02 4.094430000000000014e-01 4.532180000000000097e-01 5.077770000000000339e-01
6.730000000000000000e+02 4.094269999999999854e-01 4.532010000000000205e-01 5.077610000000000179e-01
6.740000000000000000e+02 4.094349999999999934e-01 4.532059999999999977e-01 5.077679999999999971e-01
6.750000000000000000e+02 4.094180000000000041e-01 4.531890000000000085e-01 5.077519999999999811e-01
6.760000000000000000e+02 4.094340000000000201e-01 4.532030000000000225e-01 5.077679999999999971e-01
6.770000000000000000e+02 4.094110000000000249e-01 4.531810000000000005e-01 5.077460000000000306e-01
6.780000000000000000e+02 4.094490000000000074e-01 4.532160000000000077e-01 5.077829999999999844e-01
6.790000000000000000e+02 4.094200000000000061e-01 4.531850000000000045e-01 5.077530000000000099e-01
6.800000000000000000e+02 4.094369999999999954e-01 4.531990000000000185e-01 5.077700000000000546e-01
6.810000000000000000e+02 4.094510000000000094e-01 4.532100000000000017e-01 5.077829999999999844e-01
6.820000000000000000e+02 4.094289999999999874e-01 4.531870000000000065e-01 5.077610000000000179e-01
6.830000000000000000e+02 4.093990000000000129e-01 4.531580000000000052e-01 5.077300000000000146e-01
6.840000000000000000e+02 4.094119999999999981e-01 4.531689999999999885e-01 5.077420000000000266e-01
6.850000000000000000e+02 4.094260000000000121e-01 4.531810000000000005e-01 5.077559999999999851e-01
6.860000000000000000e+02 4.094530000000000114e-01 4.532079999999999997e-01 5.077840000000000131e-01
6.870000000000000000e+02 4.094820000000000126e-01 4.532349999999999990e-01 5.078120000000000411e-01
6.880000000000000000e+02 4.094439999999999746e-01 4.531970000000000165e-01 5.077770000000000339e-01
6.890000000000000000e+02 4.094459999999999766e-01 4.531970000000000165e-01 5.077770000000000339e-01
6.900000000000000000e+02 4.094369999999999954e-01 4.531870000000000065e-01 5.077669999999999684e-01
6.910000000000000000e+02 4.094209999999999794e-01 4.531689999999999885e-01 5.077500000000000346e-01
6.920000000000000000e+02 4.094570000000000154e-01 4.532039999999999957e-01 5.077859999999999596e-01
6.930000000000000000e+02 4.094519999999999826e-01 4.531979999999999897e-01 5.077800000000000091e-01
6.940000000000000000e+02 4.094360000000000221e-01 4.531740000000000212e-01 5.077650000000000219e-01
6.950000000000000000e+02 4.094459999999999766e-01 4.531769999999999965e-01 5.077720000000000011e-01
6.960000000000000000e+02 4.094630000000000214e-01 4.531760000000000232e-01 5.077859999999999596e-01
6.970000000000000000e+02 4.094860000000000166e-01 4.531789999999999985e-01 5.078070000000000084e-01
6.980000000000000000e+02 4.094869999999999899e-01 4.531660000000000132e-01 5.078059999999999796e-01
6.990000000000000000e+02 4.094860000000000166e-01 4.531390000000000140e-01 5.078040000000000331e-01
7.000000000000000000e+02 4.095050000000000079e-01 4.531310000000000060e-01 5.078169999999999629e-01
7.010000000000000000e+02 4.095280000000000031e-01 4.531129999999999880e-01 5.078369999999999829e-01
7.020000000000000000e+02 4.095599999999999796e-01 4.531129999999999880e-01 5.078669999999999574e-01
7.030000000000000000e+02 4.095539999999999736e-01 4.530859999999999888e-01 5.078589999999999494e-01
7.040000000000000000e+02 4.095779999999999976e-01 4.530879999999999908e-01 5.078829999999999734e-01
7.050000000000000000e+02 4.095829999999999749e-01 4.530689999999999995e-01 5.078859999999999486e-01
7.060000000000000000e+02 4.095929999999999849e-01 4.530620000000000203e-01 5.078939999999999566e-01
7.070000000000000000e+02 4.096179999999999821e-01 4.530730000000000035e-01 5.079179999999999806e-01
7.080000000000000000e+02 4.096259999999999901e-01 4.530649999999999955e-01 5.079240000000000421e-01
7.090000000000000000e+02 4.096230000000000149e-01 4.530580000000000163e-01 5.079209999999999559e-01
7.100000000000000000e+02 4.096380000000000021e-01 4.530569999999999875e-01 5.079360000000000541e-01
7.110000000000000000e+02 4.096389999999999754e-01 4.530569999999999875e-01 5.079350000000000254e-01
7.120000000000000000e+02 4.096449999999999814e-01 4.530580000000000163e-01 5.079409999999999759e-01
7.130000000000000000e+02 4.096400000000000041e-01 4.530520000000000103e-01 5.079369999999999719e-01
7.140000000000000000e+02 4.096400000000000041e-01 4.530520000000000103e-01 5.079369999999999719e-01
7.150000000000000000e+02 4.096400000000000041e-01 4.530520000000000103e-01 5.079369999999999719e-01
7.160000000000000000e+02 4.096400000000000041e-01 4.530520000000000103e-01 5.079369999999999719e-01
7.170000000000000000e+02 4.096400000000000041e-01 4.530520000000000103e-01 5.079369999999999719e-01
7.180000000000000000e+02 4.096400000000000041e-01 4.530520000000000103e-01 5.079369999999999719e-01
7.190000000000000000e+02 4.096400000000000041e-01 4.530520000000000103e-01 5.079369999999999719e-01
7.200000000000000000e+02 4.096400000000000041e-01 4.530520000000000103e-01 5.079369999999999719e-01
7.210000000000000000e+02 4.096400000000000041e-01 4.530520000000000103e-01 5.079369999999999719e-01
7.220000000000000000e+02 4.096400000000000041e-01 4.530520000000000103e-01 5.079369999999999719e-01
7.230000000000000000e+02 4.096400000000000041e-01 4.530520000000000103e-01 5.079369999999999719e-01
7.240000000000000000e+02 4.096400000000000041e-01 4.530520000000000103e-01 5.079369999999999719e-01
7.250000000000000000e+02 4.096400000000000041e-01 4.530520000000000103e-01 5.079369999999999719e-01
7.260000000000000000e+02 4.096400000000000041e-01 4.530520000000000103e-01 5.079369999999999719e-01
7.270000000000000000e+02 4.096400000000000041e-01 4.530520000000000103e-01 5.079369999999999719e-01
7.280000000000000000e+02 4.096400000000000041e-01 4.530520000000000103e-01 5.079369999999999719e-01
7.290000000000000000e+02 4.096400000000000041e-01 4.530520000000000103e-01 5.079369999999999719e-01
7.300000000000000000e+02 4.096400000000000041e-01 4.530520000000000103e-01 5.079369999999999719e-01
7.310000000000000000e+02 4.096400000000000041e-01 4.530520000000000103e-01 5.079369999999999719e-01
7.320000000000000000e+02 4.096400000000000041e-01 4.530520000000000103e-01 5.079369999999999719e-01
7.330000000000000000e+02 4.096400000000000041e-01 4.530520000000000103e-01 5.079369999999999719e-01
7.340000000000000000e+02 4.096400000000000041e-01 4.530520000000000103e-01 5.079369999999999719e-01
7.350000000000000000e+02 4.096400000000000041e-01 4.530520000000000103e-01 5.079369999999999719e-01
7.360000000000000000e+02 4.096400000000000041e-01 4.530520000000000103e-01 5.079369999999999719e-01
7.370000000000000000e+02 4.096400000000000041e-01 4.530520000000000103e-01 5.079369999999999719e-01
7.380000000000000000e+02 4.096400000000000041e-01 4.530520000000000103e-01 5.079369999999999719e-01
7.390000000000000000e+02 4.096400000000000041e-01 4.530520000000000103e-01 5.079369999999999719e-01
7.400000000000000000e+02 4.096400000000000041e-01 4.530520000000000103e-01 5.079369999999999719e-01
7.410000000000000000e+02 4.096400000000000041e-01 4.530520000000000103e-01 5.079369999999999719e-01
7.420000000000000000e+02 4.096400000000000041e-01 4.530520000000000103e-01 5.079369999999999719e-01
7.430000000000000000e+02 4.096400000000000041e-01 4.530520000000000103e-01 5.079369999999999719e-01
7.440000000000000000e+02 4.096400000000000041e-01 4.530520000000000103e-01 5.079369999999999719e-01
7.450000000000000000e+02 4.096400000000000041e-01 4.530520000000000103e-01 5.079369999999999719e-01
7.460000000000000000e+02 4.096400000000000041e-01 4.530520000000000103e-01 5.079369999999999719e-01
7.470000000000000000e+02 4.096400000000000041e-01 4.530520000000000103e-01 5.079369999999999719e-01
7.480000000000000000e+02 4.096400000000000041e-01 4.530520000000000103e-01 5.079369999999999719e-01
7.490000000000000000e+02 4.096400000000000041e-01 4.530520000000000103e-01 5.079369999999999719e-01
7.500000000000000000e+02 4.096400000000000041e-01 4.530520000000000103e-01 5.079369999999999719e-01
7.510000000000000000e+02 4.096400000000000041e-01 4.530520000000000103e-01 5.079369999999999719e-01
7.520000000000000000e+02 4.096400000000000041e-01 4.530520000000000103e-01 5.079369999999999719e-01
7.530000000000000000e+02 4.096400000000000041e-01 4.530520000000000103e-01 5.079369999999999719e-01
7.540000000000000000e+02 4.096400000000000041e-01 4.530520000000000103e-01 5.079369999999999719e-01
7.550000000000000000e+02 4.096400000000000041e-01 4.530520000000000103e-01 5.079369999999999719e-01
7.560000000000000000e+02 4.096400000000000041e-01 4.530520000000000103e-01 5.079369999999999719e-01
7.570000000000000000e+02 4.096400000000000041e-01 4.530520000000000103e-01 5.079369999999999719e-01
7.580000000000000000e+02 4.096400000000000041e-01 4.530520000000000103e-01 5.079369999999999719e-01
7.590000000000000000e+02 4.096400000000000041e-01 4.530520000000000103e-01 5.079369999999999719e-01
7.600000000000000000e+02 4.096400000000000041e-01 4.530520000000000103e-01 5.079369999999999719e-01
7.610000000000000000e+02 4.096400000000000041e-01 4.530520000000000103e-01 5.079369999999999719e-01
7.620000000000000000e+02 4.096400000000000041e-01 4.530520000000000103e-01 5.079369999999999719e-01
7.630000000000000000e+02 4.096400000000000041e-01 4.530520000000000103e-01 5.079369999999999719e-01
7.640000000000000000e+02 4.096400000000000041e-01 4.530520000000000103e-01 5.079369999999999719e-01
7.650000000000000000e+02 4.096400000000000041e-01 4.530520000000000103e-01 5.079369999999999719e-01
7.660000000000000000e+02 4.096400000000000041e-01 4.530520000000000103e-01 5.079369999999999719e-01
7.670000000000000000e+02 4.096400000000000041e-01 4.530520000000000103e-01 5.079369999999999719e-01
7.680000000000000000e+02 4.096400000000000041e-01 4.530520000000000103e-01 5.079369999999999719e-01
7.690000000000000000e+02 4.096400000000000041e-01 4.530520000000000103e-01 5.079369999999999719e-01
7.700000000000000000e+02 4.096400000000000041e-01 4.530520000000000103e-01 5.079369999999999719e-01
7.710000000000000000e+02 4.096400000000000041e-01 4.530520000000000103e-01 5.079369999999999719e-01
7.720000000000000000e+02 4.096400000000000041e-01 4.530520000000000103e-01 5.079369999999999719e-01
7.730000000000000000e+02 4.096400000000000041e-01 4.530520000000000103e-01 5.079369999999999719e-01
7.740000000000000000e+02 4.096400000000000041e-01 4.530520000000000103e-01 5.079369999999999719e-01
7.750000000000000000e+02 4.096400000000000041e-01 4.530520000000000103e-01 5.079369999999999719e-01
7.760000000000000000e+02 4.096400000000000041e-01 4.530520000000000103e-01 5.079369999999999719e-01
7.770000000000000000e+02 4.096400000000000041e-01 4.530520000000000103e-01 5.079369999999999719e-01
7.780000000000000000e+02 4.096400000000000041e-01 4.530520000000000103e-01 5.079369999999999719e-01
7.790000000000000000e+02 4.096400000000000041e-01 4.530520000000000103e-01 5.079369999999999719e-01
7.800000000000000000e+02 4.096400000000000041e-01 4.530520000000000103e-01 5.079369999999999719e-01
7.810000000000000000e+02 4.096400000000000041e-01 4.530520000000000103e-01 5.079369999999999719e-01
7.820000000000000000e+02 4.096400000000000041e-01 4.530520000000000103e-01 5.079369999999999719e-01
7.830000000000000000e+02 4.096400000000000041e-01 4.530520000000000103e-01 5.079369999999999719e-01
7.840000000000000000e+02 4.096400000000000041e-01 4.530520000000000103e-01 5.079369999999999719e-01
7.850000000000000000e+02 4.096400000000000041e-01 4.530520000000000103e-01 5.079369999999999719e-01
7.860000000000000000e+02 4.096400000000000041e-01 4.530520000000000103e-01 5.079369999999999719e-01
7.870000000000000000e+02 4.096400000000000041e-01 4.530520000000000103e-01 5.079369999999999719e-01
7.880000000000000000e+02 4.096400000000000041e-01 4.530520000000000103e-01 5.079369999999999719e-01
7.890000000000000000e+02 4.096400000000000041e-01 4.530520000000000103e-01 5.079369999999999719e-01
7.900000000000000000e+02 4.096400000000000041e-01 4.530520000000000103e-01 5.079369999999999719e-01
7.910000000000000000e+02 4.096400000000000041e-01 4.530520000000000103e-01 5.079369999999999719e-01
7.920000000000000000e+02 4.096400000000000041e-01 4.530520000000000103e-01 5.079369999999999719e-01
7.930000000000000000e+02 4.096400000000000041e-01 4.530520000000000103e-01 5.079369999999999719e-01
7.940000000000000000e+02 4.096400000000000041e-01 4.530520000000000103e-01 5.079369999999999719e-01
7.950000000000000000e+02 4.096400000000000041e-01 4.530520000000000103e-01 5.079369999999999719e-01
7.960000000000000000e+02 4.096400000000000041e-01 4.530520000000000103e-01 5.079369999999999719e-01
7.970000000000000000e+02 4.096400000000000041e-01 4.530520000000000103e-01 5.079369999999999719e-01
7.980000000000000000e+02 4.096400000000000041e-01 4.530520000000000103e-01 5.079369999999999719e-01
7.990000000000000000e+02 4.096400000000000041e-01 4.530520000000000103e-01 5.079369999999999719e-01
8.000000000000000000e+02 4.096400000000000041e-01 4.530520000000000103e-01 5.079369999999999719e-01
8.010000000000000000e+02 4.096400000000000041e-01 4.530520000000000103e-01 5.079369999999999719e-01
8.020000000000000000e+02 4.096400000000000041e-01 4.530520000000000103e-01 5.079369999999999719e-01
8.030000000000000000e+02 4.096400000000000041e-01 4.530520000000000103e-01 5.079369999999999719e-01
8.040000000000000000e+02 4.096400000000000041e-01 4.530520000000000103e-01 5.079369999999999719e-01
8.050000000000000000e+02 4.096400000000000041e-01 4.530520000000000103e-01 5.079369999999999719e-01
8.060000000000000000e+02 4.096400000000000041e-01 4.530520000000000103e-01 5.079369999999999719e-01
8.070000000000000000e+02 4.096400000000000041e-01 4.530520000000000103e-01 5.079369999999999719e-01
8.080000000000000000e+02 4.096400000000000041e-01 4.530520000000000103e-01 5.079369999999999719e-01
8.090000000000000000e+02 4.096400000000000041e-01 4.530520000000000103e-01 5.079369999999999719e-01
8.100000000000000000e+02 4.096400000000000041e-01 4.530520000000000103e-01 5.079369999999999719e-01
8.110000000000000000e+02 4.096400000000000041e-01 4.530520000000000103e-01 5.079369999999999719e-01
8.120000000000000000e+02 4.096400000000000041e-01 4.530520000000000103e-01 5.079369999999999719e-01
8.130000000000000000e+02 4.096400000000000041e-01 4.530520000000000103e-01 5.079369999999999719e-01
8.140000000000000000e+02 4.096400000000000041e-01 4.530520000000000103e-01 5.079369999999999719e-01
8.150000000000000000e+02 4.096400000000000041e-01 4.530520000000000103e-01 5.079369999999999719e-01
8.160000000000000000e+02 4.096400000000000041e-01 4.530520000000000103e-01 5.079369999999999719e-01
8.170000000000000000e+02 4.096400000000000041e-01 4.530520000000000103e-01 5.079369999999999719e-01
8.180000000000000000e+02 4.096400000000000041e-01 4.530520000000000103e-01 5.079369999999999719e-01
8.190000000000000000e+02 4.096400000000000041e-01 4.530520000000000103e-01 5.079369999999999719e-01
8.200000000000000000e+02 4.096400000000000041e-01 4.530520000000000103e-01 5.079369999999999719e-01
8.210000000000000000e+02 4.096400000000000041e-01 4.530520000000000103e-01 5.079369999999999719e-01
8.220000000000000000e+02 4.096400000000000041e-01 4.530520000000000103e-01 5.079369999999999719e-01
8.230000000000000000e+02 4.096400000000000041e-01 4.530520000000000103e-01 5.079369999999999719e-01
8.240000000000000000e+02 4.096400000000000041e-01 4.530520000000000103e-01 5.079369999999999719e-01
8.250000000000000000e+02 4.096400000000000041e-01 4.530520000000000103e-01 5.079369999999999719e-01
8.260000000000000000e+02 4.096400000000000041e-01 4.530520000000000103e-01 5.079369999999999719e-01
8.270000000000000000e+02 4.096400000000000041e-01 4.530520000000000103e-01 5.079369999999999719e-01
8.280000000000000000e+02 4.096400000000000041e-01 4.530520000000000103e-01 5.079369999999999719e-01
8.290000000000000000e+02 4.096400000000000041e-01 4.530520000000000103e-01 5.079369999999999719e-01
8.300000000000000000e+02 4.096400000000000041e-01 4.530520000000000103e-01 5.079369999999999719e-01
8.310000000000000000e+02 4.096400000000000041e-01 4.530520000000000103e-01 5.079369999999999719e-01
8.320000000000000000e+02 4.096400000000000041e-01 4.530520000000000103e-01 5.079369999999999719e-01
8.330000000000000000e+02 4.096400000000000041e-01 4.530520000000000103e-01 5.079369999999999719e-01
8.340000000000000000e+02 4.096400000000000041e-01 4.530520000000000103e-01 5.079369999999999719e-01
8.350000000000000000e+02 4.096400000000000041e-01 4.530520000000000103e-01 5.079369999999999719e-01
8.360000000000000000e+02 4.096400000000000041e-01 4.530520000000000103e-01 5.079369999999999719e-01
8.370000000000000000e+02 4.096400000000000041e-01 4.530520000000000103e-01 5.079369999999999719e-01
8.380000000000000000e+02 4.096400000000000041e-01 4.530520000000000103e-01 5.079369999999999719e-01
8.390000000000000000e+02 4.096400000000000041e-01 4.530520000000000103e-01 5.079369999999999719e-01
8.400000000000000000e+02 4.096400000000000041e-01 4.530520000000000103e-01 5.079369999999999719e-01
8.410000000000000000e+02 4.096400000000000041e-01 4.530520000000000103e-01 5.079369999999999719e-01
8.420000000000000000e+02 4.096400000000000041e-01 4.530520000000000103e-01 5.079369999999999719e-01
8.430000000000000000e+02 4.096400000000000041e-01 4.530520000000000103e-01 5.079369999999999719e-01
8.440000000000000000e+02 4.096400000000000041e-01 4.530520000000000103e-01 5.079369999999999719e-01
8.450000000000000000e+02 4.096400000000000041e-01 4.530520000000000103e-01 5.079369999999999719e-01
8.460000000000000000e+02 4.096400000000000041e-01 4.530520000000000103e-01 5.079369999999999719e-01
8.470000000000000000e+02 4.096400000000000041e-01 4.530520000000000103e-01 5.079369999999999719e-01
8.480000000000000000e+02 4.096400000000000041e-01 4.530520000000000103e-01 5.079369999999999719e-01
8.490000000000000000e+02 4.096400000000000041e-01 4.530520000000000103e-01 5.079369999999999719e-01
8.500000000000000000e+02 4.096400000000000041e-01 4.530520000000000103e-01 5.079369999999999719e-01
8.510000000000000000e+02 4.096400000000000041e-01 4.530520000000000103e-01 5.079369999999999719e-01
8.520000000000000000e+02 4.096400000000000041e-01 4.530520000000000103e-01 5.079369999999999719e-01
8.530000000000000000e+02 4.096400000000000041e-01 4.530520000000000103e-01 5.079369999999999719e-01
8.540000000000000000e+02 4.096400000000000041e-01 4.530520000000000103e-01 5.079369999999999719e-01
8.550000000000000000e+02 4.096400000000000041e-01 4.530520000000000103e-01 5.079369999999999719e-01
8.560000000000000000e+02 4.096400000000000041e-01 4.530520000000000103e-01 5.079369999999999719e-01
8.570000000000000000e+02 4.096400000000000041e-01 4.530520000000000103e-01 5.079369999999999719e-01
8.580000000000000000e+02 4.096400000000000041e-01 4.530520000000000103e-01 5.079369999999999719e-01
8.590000000000000000e+02 4.096400000000000041e-01 4.530520000000000103e-01 5.079369999999999719e-01
8.600000000000000000e+02 4.096400000000000041e-01 4.530520000000000103e-01 5.079369999999999719e-01
8.610000000000000000e+02 4.096400000000000041e-01 4.530520000000000103e-01 5.079369999999999719e-01
8.620000000000000000e+02 4.096400000000000041e-01 4.530520000000000103e-01 5.079369999999999719e-01
8.630000000000000000e+02 4.096400000000000041e-01 4.530520000000000103e-01 5.079369999999999719e-01
8.640000000000000000e+02 4.096400000000000041e-01 4.530520000000000103e-01 5.079369999999999719e-01
8.650000000000000000e+02 4.096400000000000041e-01 4.530520000000000103e-01 5.079369999999999719e-01
8.660000000000000000e+02 4.096400000000000041e-01 4.530520000000000103e-01 5.079369999999999719e-01
8.670000000000000000e+02 4.096400000000000041e-01 4.530520000000000103e-01 5.079369999999999719e-01
8.680000000000000000e+02 4.096400000000000041e-01 4.530520000000000103e-01 5.079369999999999719e-01
8.690000000000000000e+02 4.096400000000000041e-01 4.530520000000000103e-01 5.079369999999999719e-01
8.700000000000000000e+02 4.096400000000000041e-01 4.530520000000000103e-01 5.079369999999999719e-01
8.710000000000000000e+02 4.096400000000000041e-01 4.530520000000000103e-01 5.079369999999999719e-01
8.720000000000000000e+02 4.096400000000000041e-01 4.530520000000000103e-01 5.079369999999999719e-01
8.730000000000000000e+02 4.096400000000000041e-01 4.530520000000000103e-01 5.079369999999999719e-01
8.740000000000000000e+02 4.096400000000000041e-01 4.530520000000000103e-01 5.079369999999999719e-01
8.750000000000000000e+02 4.096400000000000041e-01 4.530520000000000103e-01 5.079369999999999719e-01
8.760000000000000000e+02 4.096400000000000041e-01 4.530520000000000103e-01 5.079369999999999719e-01
8.770000000000000000e+02 4.096400000000000041e-01 4.530520000000000103e-01 5.079369999999999719e-01
8.780000000000000000e+02 4.096400000000000041e-01 4.530520000000000103e-01 5.079369999999999719e-01
8.790000000000000000e+02 4.096400000000000041e-01 4.530520000000000103e-01 5.079369999999999719e-01
8.800000000000000000e+02 4.096400000000000041e-01 4.530520000000000103e-01 5.079369999999999719e-01
8.810000000000000000e+02 4.096400000000000041e-01 4.530520000000000103e-01 5.079369999999999719e-01
8.820000000000000000e+02 4.096400000000000041e-01 4.530520000000000103e-01 5.079369999999999719e-01
8.830000000000000000e+02 4.096400000000000041e-01 4.530520000000000103e-01 5.079369999999999719e-01
8.840000000000000000e+02 4.096400000000000041e-01 4.530520000000000103e-01 5.079369999999999719e-01
8.850000000000000000e+02 4.096400000000000041e-01 4.530520000000000103e-01 5.079369999999999719e-01
8.860000000000000000e+02 4.096400000000000041e-01 4.530520000000000103e-01 5.079369999999999719e-01
8.870000000000000000e+02 4.096400000000000041e-01 4.530520000000000103e-01 5.079369999999999719e-01
8.880000000000000000e+02 4.096400000000000041e-01 4.530520000000000103e-01 5.079369999999999719e-01
8.890000000000000000e+02 4.096400000000000041e-01 4.530520000000000103e-01 5.079369999999999719e-01
8.900000000000000000e+02 4.096400000000000041e-01 4.530520000000000103e-01 5.079369999999999719e-01
8.910000000000000000e+02 4.096400000000000041e-01 4.530520000000000103e-01 5.079369999999999719e-01
8.920000000000000000e+02 4.096400000000000041e-01 4.530520000000000103e-01 5.079369999999999719e-01
8.930000000000000000e+02 4.096400000000000041e-01 4.530520000000000103e-01 5.079369999999999719e-01
8.940000000000000000e+02 4.096400000000000041e-01 4.530520000000000103e-01 5.079369999999999719e-01
8.950000000000000000e+02 4.096400000000000041e-01 4.530520000000000103e-01 5.079369999999999719e-01
8.960000000000000000e+02 4.096400000000000041e-01 4.530520000000000103e-01 5.079369999999999719e-01
8.970000000000000000e+02 4.096400000000000041e-01 4.530520000000000103e-01 5.079369999999999719e-01
8.980000000000000000e+02 4.096400000000000041e-01 4.530520000000000103e-01 5.079369999999999719e-01
8.990000000000000000e+02 4.096400000000000041e-01 4.530520000000000103e-01 5.079369999999999719e-01
9.000000000000000000e+02 4.096400000000000041e-01 4.530520000000000103e-01 5.079369999999999719e-01
9.010000000000000000e+02 4.096400000000000041e-01 4.530520000000000103e-01 5.079369999999999719e-01
9.020000000000000000e+02 4.096400000000000041e-01 4.530520000000000103e-01 5.079369999999999719e-01
9.030000000000000000e+02 4.096400000000000041e-01 4.530520000000000103e-01 5.079369999999999719e-01
9.040000000000000000e+02 4.096400000000000041e-01 4.530520000000000103e-01 5.079369999999999719e-01
9.050000000000000000e+02 4.096400000000000041e-01 4.530520000000000103e-01 5.079369999999999719e-01
9.060000000000000000e+02 4.096400000000000041e-01 4.530520000000000103e-01 5.079369999999999719e-01
9.070000000000000000e+02 4.096400000000000041e-01 4.530520000000000103e-01 5.079369999999999719e-01
9.080000000000000000e+02 4.096400000000000041e-01 4.530520000000000103e-01 5.079369999999999719e-01
9.090000000000000000e+02 4.096400000000000041e-01 4.530520000000000103e-01 5.079369999999999719e-01
9.100000000000000000e+02 4.096400000000000041e-01 4.530520000000000103e-01 5.079369999999999719e-01
9.110000000000000000e+02 4.096400000000000041e-01 4.530520000000000103e-01 5.079369999999999719e-01
9.120000000000000000e+02 4.096400000000000041e-01 4.530520000000000103e-01 5.079369999999999719e-01
9.130000000000000000e+02 4.096400000000000041e-01 4.530520000000000103e-01 5.079369999999999719e-01
9.140000000000000000e+02 4.096400000000000041e-01 4.530520000000000103e-01 5.079369999999999719e-01
9.150000000000000000e+02 4.096400000000000041e-01 4.530520000000000103e-01 5.079369999999999719e-01
9.160000000000000000e+02 4.096400000000000041e-01 4.530520000000000103e-01 5.079369999999999719e-01
9.170000000000000000e+02 4.096400000000000041e-01 4.530520000000000103e-01 5.079369999999999719e-01
9.180000000000000000e+02 4.096400000000000041e-01 4.530520000000000103e-01 5.079369999999999719e-01
9.190000000000000000e+02 4.096400000000000041e-01 4.530520000000000103e-01 5.079369999999999719e-01
9.200000000000000000e+02 4.096400000000000041e-01 4.530520000000000103e-01 5.079369999999999719e-01
9.210000000000000000e+02 4.096400000000000041e-01 4.530520000000000103e-01 5.079369999999999719e-01
9.220000000000000000e+02 4.096400000000000041e-01 4.530520000000000103e-01 5.079369999999999719e-01
9.230000000000000000e+02 4.096400000000000041e-01 4.530520000000000103e-01 5.079369999999999719e-01
9.240000000000000000e+02 4.096400000000000041e-01 4.530520000000000103e-01 5.079369999999999719e-01
9.250000000000000000e+02 4.096400000000000041e-01 4.530520000000000103e-01 5.079369999999999719e-01
9.260000000000000000e+02 4.096400000000000041e-01 4.530520000000000103e-01 5.079369999999999719e-01
9.270000000000000000e+02 4.096400000000000041e-01 4.530520000000000103e-01 5.079369999999999719e-01
9.280000000000000000e+02 4.096400000000000041e-01 4.530520000000000103e-01 5.079369999999999719e-01
9.290000000000000000e+02 4.096400000000000041e-01 4.530520000000000103e-01 5.079369999999999719e-01
9.300000000000000000e+02 4.096400000000000041e-01 4.530520000000000103e-01 5.079369999999999719e-01
9.310000000000000000e+02 4.096400000000000041e-01 4.530520000000000103e-01 5.079369999999999719e-01
9.320000000000000000e+02 4.096400000000000041e-01 4.530520000000000103e-01 5.079369999999999719e-01
9.330000000000000000e+02 4.096400000000000041e-01 4.530520000000000103e-01 5.079369999999999719e-01
9.340000000000000000e+02 4.096400000000000041e-01 4.530520000000000103e-01 5.079369999999999719e-01
9.350000000000000000e+02 4.096400000000000041e-01 4.530520000000000103e-01 5.079369999999999719e-01
9.360000000000000000e+02 4.096400000000000041e-01 4.530520000000000103e-01 5.079369999999999719e-01
9.370000000000000000e+02 4.096400000000000041e-01 4.530520000000000103e-01 5.079369999999999719e-01
9.380000000000000000e+02 4.096400000000000041e-01 4.530520000000000103e-01 5.079369999999999719e-01
9.390000000000000000e+02 4.096400000000000041e-01 4.530520000000000103e-01 5.079369999999999719e-01
9.400000000000000000e+02 4.096400000000000041e-01 4.530520000000000103e-01 5.079369999999999719e-01
9.410000000000000000e+02 4.096400000000000041e-01 4.530520000000000103e-01 5.079369999999999719e-01
9.420000000000000000e+02 4.096400000000000041e-01 4.530520000000000103e-01 5.079369999999999719e-01
9.430000000000000000e+02 4.096400000000000041e-01 4.530520000000000103e-01 5.079369999999999719e-01
9.440000000000000000e+02 4.096400000000000041e-01 4.530520000000000103e-01 5.079369999999999719e-01
9.450000000000000000e+02 4.096400000000000041e-01 4.530520000000000103e-01 5.079369999999999719e-01
9.460000000000000000e+02 4.096400000000000041e-01 4.530520000000000103e-01 5.079369999999999719e-01
9.470000000000000000e+02 4.096400000000000041e-01 4.530520000000000103e-01 5.079369999999999719e-01
9.480000000000000000e+02 4.096400000000000041e-01 4.530520000000000103e-01 5.079369999999999719e-01
9.490000000000000000e+02 4.096400000000000041e-01 4.530520000000000103e-01 5.079369999999999719e-01
9.500000000000000000e+02 4.096400000000000041e-01 4.530520000000000103e-01 5.079369999999999719e-01
9.510000000000000000e+02 4.096400000000000041e-01 4.530520000000000103e-01 5.079369999999999719e-01
9.520000000000000000e+02 4.096400000000000041e-01 4.530520000000000103e-01 5.079369999999999719e-01
9.530000000000000000e+02 4.096400000000000041e-01 4.530520000000000103e-01 5.079369999999999719e-01
9.540000000000000000e+02 4.096400000000000041e-01 4.530520000000000103e-01 5.079369999999999719e-01
9.550000000000000000e+02 4.096400000000000041e-01 4.530520000000000103e-01 5.079369999999999719e-01
9.560000000000000000e+02 4.096400000000000041e-01 4.530520000000000103e-01 5.079369999999999719e-01
9.570000000000000000e+02 4.096400000000000041e-01 4.530520000000000103e-01 5.079369999999999719e-01
9.580000000000000000e+02 4.096400000000000041e-01 4.530520000000000103e-01 5.079369999999999719e-01
9.590000000000000000e+02 4.096400000000000041e-01 4.530520000000000103e-01 5.079369999999999719e-01
9.600000000000000000e+02 4.096400000000000041e-01 4.530520000000000103e-01 5.079369999999999719e-01
9.610000000000000000e+02 4.096400000000000041e-01 4.530520000000000103e-01 5.079369999999999719e-01
9.620000000000000000e+02 4.096400000000000041e-01 4.530520000000000103e-01 5.079369999999999719e-01
9.630000000000000000e+02 4.096400000000000041e-01 4.530520000000000103e-01 5.079369999999999719e-01
9.640000000000000000e+02 4.096400000000000041e-01 4.530520000000000103e-01 5.079369999999999719e-01
9.650000000000000000e+02 4.096400000000000041e-01 4.530520000000000103e-01 5.079369999999999719e-01
9.660000000000000000e+02 4.096400000000000041e-01 4.530520000000000103e-01 5.079369999999999719e-01
9.670000000000000000e+02 4.096400000000000041e-01 4.530520000000000103e-01 5.079369999999999719e-01
9.680000000000000000e+02 4.096400000000000041e-01 4.530520000000000103e-01 5.079369999999999719e-01
9.690000000000000000e+02 4.096400000000000041e-01 4.530520000000000103e-01 5.079369999999999719e-01
9.700000000000000000e+02 4.096400000000000041e-01 4.530520000000000103e-01 5.079369999999999719e-01
9.710000000000000000e+02 4.096400000000000041e-01 4.530520000000000103e-01 5.079369999999999719e-01
9.720000000000000000e+02 4.096400000000000041e-01 4.530520000000000103e-01 5.079369999999999719e-01
9.730000000000000000e+02 4.096400000000000041e-01 4.530520000000000103e-01 5.079369999999999719e-01
9.740000000000000000e+02 4.096400000000000041e-01 4.530520000000000103e-01 5.079369999999999719e-01
9.750000000000000000e+02 4.096400000000000041e-01 4.530520000000000103e-01 5.079369999999999719e-01
9.760000000000000000e+02 4.096400000000000041e-01 4.530520000000000103e-01 5.079369999999999719e-01
9.770000000000000000e+02 4.096400000000000041e-01 4.530520000000000103e-01 5.079369999999999719e-01
9.780000000000000000e+02 4.096400000000000041e-01 4.530520000000000103e-01 5.079369999999999719e-01
9.790000000000000000e+02 4.096400000000000041e-01 4.530520000000000103e-01 5.079369999999999719e-01
9.800000000000000000e+02 4.096400000000000041e-01 4.530520000000000103e-01 5.079369999999999719e-01
9.810000000000000000e+02 4.096400000000000041e-01 4.530520000000000103e-01 5.079369999999999719e-01
9.820000000000000000e+02 4.096400000000000041e-01 4.530520000000000103e-01 5.079369999999999719e-01
9.830000000000000000e+02 4.096400000000000041e-01 4.530520000000000103e-01 5.079369999999999719e-01
9.840000000000000000e+02 4.096400000000000041e-01 4.530520000000000103e-01 5.079369999999999719e-01
9.850000000000000000e+02 4.096400000000000041e-01 4.530520000000000103e-01 5.079369999999999719e-01
9.860000000000000000e+02 4.096400000000000041e-01 4.530520000000000103e-01 5.079369999999999719e-01
9.870000000000000000e+02 4.096400000000000041e-01 4.530520000000000103e-01 5.079369999999999719e-01
9.880000000000000000e+02 4.096400000000000041e-01 4.530520000000000103e-01 5.079369999999999719e-01
9.890000000000000000e+02 4.096400000000000041e-01 4.530520000000000103e-01 5.079369999999999719e-01
9.900000000000000000e+02 4.096400000000000041e-01 4.530520000000000103e-01 5.079369999999999719e-01
9.910000000000000000e+02 4.096400000000000041e-01 4.530520000000000103e-01 5.079369999999999719e-01
9.920000000000000000e+02 4.096400000000000041e-01 4.530520000000000103e-01 5.079369999999999719e-01
9.930000000000000000e+02 4.096400000000000041e-01 4.530520000000000103e-01 5.079369999999999719e-01
9.940000000000000000e+02 4.096400000000000041e-01 4.530520000000000103e-01 5.079369999999999719e-01
9.950000000000000000e+02 4.096400000000000041e-01 4.530520000000000103e-01 5.079369999999999719e-01
9.960000000000000000e+02 4.096400000000000041e-01 4.530520000000000103e-01 5.079369999999999719e-01
9.970000000000000000e+02 4.096400000000000041e-01 4.530520000000000103e-01 5.079369999999999719e-01
9.980000000000000000e+02 4.096400000000000041e-01 4.530520000000000103e-01 5.079369999999999719e-01
9.990000000000000000e+02 4.096400000000000041e-01 4.530520000000000103e-01 5.079369999999999719e-01
1.000000000000000000e+03 4.096400000000000041e-01 4.530520000000000103e-01 5.079369999999999719e-01
1.001000000000000000e+03 4.096400000000000041e-01 4.530520000000000103e-01 5.079369999999999719e-01
1.002000000000000000e+03 4.096400000000000041e-01 4.530520000000000103e-01 5.079369999999999719e-01
1.003000000000000000e+03 4.096400000000000041e-01 4.530520000000000103e-01 5.079369999999999719e-01
1.004000000000000000e+03 4.096400000000000041e-01 4.530520000000000103e-01 5.079369999999999719e-01
1.005000000000000000e+03 4.096400000000000041e-01 4.530520000000000103e-01 5.079369999999999719e-01
1.006000000000000000e+03 4.096400000000000041e-01 4.530520000000000103e-01 5.079369999999999719e-01
1.007000000000000000e+03 4.096400000000000041e-01 4.530520000000000103e-01 5.079369999999999719e-01
1.008000000000000000e+03 4.096400000000000041e-01 4.530520000000000103e-01 5.079369999999999719e-01
1.009000000000000000e+03 4.096400000000000041e-01 4.530520000000000103e-01 5.079369999999999719e-01
