1.000000000000000000e+01 -1.091670000000000001e-01 -5.271699999999999997e-02 -7.165000000000000362e-03
1.100000000000000000e+01 -1.108800000000000063e-02 3.189899999999999680e-02 8.791899999999999715e-02
1.200000000000000000e+01 -8.976800000000000057e-02 -4.641499999999999793e-02 1.336700000000000041e-02
1.300000000000000000e+01 9.600200000000000400e-02 1.438790000000000069e-01 1.824909999999999866e-01
1.400000000000000000e+01 3.481999999999999679e-02 7.660400000000000542e-02 1.306720000000000104e-01
1.500000000000000000e+01 -7.206400000000000305e-02 -2.449099999999999888e-02 2.603799999999999865e-02
1.600000000000000000e+01 -2.415499999999999939e-02 2.761399999999999966e-02 7.326399999999999579e-02
1.700000000000000000e+01 -5.041099999999999748e-02 2.505999999999999981e-03 5.001599999999999796e-02
1.800000000000000000e+01 4.324399999999999772e-02 9.286300000000000110e-02 1.417740000000000111e-01
1.900000000000000000e+01 -7.627399999999999458e-02 -2.257199999999999832e-02 2.537299999999999972e-02
2.000000000000000000e+01 -4.217000000000000262e-03 4.238999999999999713e-02 9.239899999999999503e-02
2.100000000000000000e+01 1.106140000000000040e-01 1.511540000000000106e-01 2.108970000000000011e-01
2.200000000000000000e+01 9.474299999999999389e-02 1.378850000000000076e-01 1.944470000000000087e-01
2.300000000000000000e+01 -4.014199999999999713e-02 1.022900000000000025e-02 5.815399999999999736e-02
2.400000000000000000e+01 -1.928799999999999959e-02 2.949799999999999991e-02 8.436899999999999955e-02
2.500000000000000000e+01 2.372300000000000103e-02 7.185900000000000620e-02 1.219699999999999951e-01
2.600000000000000000e+01 3.815299999999999941e-02 8.662899999999999767e-02 1.402390000000000025e-01
2.700000000000000000e+01 -2.344999999999999862e-02 2.749700000000000061e-02 7.068299999999999583e-02
2.800000000000000000e+01 4.147499999999999798e-02 9.031799999999999551e-02 1.410359999999999947e-01
2.900000000000000000e+01 3.524599999999999955e-02 8.342800000000000216e-02 1.350059999999999871e-01
3.000000000000000000e+01 5.943400000000000072e-02 1.058189999999999964e-01 1.572209999999999996e-01
3.100000000000000000e+01 -1.735300000000000037e-02 3.326899999999999996e-02 7.965700000000000558e-02
3.200000000000000000e+01 4.988499999999999879e-02 1.000039999999999957e-01 1.539240000000000053e-01
3.300000000000000000e+01 2.859899999999999942e-02 7.699999999999999900e-02 1.242869999999999947e-01
3.400000000000000000e+01 7.931000000000000549e-02 1.278640000000000054e-01 1.833110000000000017e-01
3.500000000000000000e+01 8.571499999999999952e-02 1.325709999999999944e-01 1.844179999999999986e-01
3.600000000000000000e+01 3.912999999999999812e-02 8.898999999999999966e-02 1.385429999999999995e-01
3.700000000000000000e+01 1.795300000000000021e-02 6.827700000000000435e-02 1.189569999999999933e-01
3.800000000000000000e+01 5.127400000000000013e-02 1.006299999999999972e-01 1.543700000000000072e-01
3.900000000000000000e+01 1.246870000000000062e-01 1.719160000000000132e-01 2.238839999999999997e-01
4.000000000000000000e+01 8.312999999999999556e-02 1.313219999999999943e-01 1.829850000000000088e-01
4.100000000000000000e+01 9.473099999999999576e-02 1.419549999999999979e-01 1.960459999999999980e-01
4.200000000000000000e+01 1.457910000000000039e-01 1.914959999999999996e-01 2.465569999999999984e-01
4.300000000000000000e+01 9.190399999999999958e-02 1.400180000000000036e-01 1.941519999999999913e-01
4.400000000000000000e+01 9.138000000000000289e-03 5.926100000000000118e-02 1.092209999999999986e-01
4.500000000000000000e+01 4.696999999999999786e-02 9.549900000000000055e-02 1.455879999999999952e-01
4.600000000000000000e+01 1.113510000000000055e-01 1.595439999999999914e-01 2.108480000000000076e-01
4.700000000000000000e+01 1.460789999999999866e-01 1.941450000000000120e-01 2.466109999999999969e-01
4.800000000000000000e+01 6.073900000000000132e-02 1.099689999999999973e-01 1.626370000000000038e-01
4.900000000000000000e+01 6.455199999999999827e-02 1.127439999999999970e-01 1.639909999999999979e-01
5.000000000000000000e+01 1.724509999999999932e-01 2.189389999999999947e-01 2.723180000000000045e-01
5.100000000000000000e+01 9.408900000000000596e-02 1.434159999999999879e-01 1.949909999999999977e-01
5.200000000000000000e+01 1.106789999999999996e-01 1.587939999999999907e-01 2.119989999999999930e-01
5.300000000000000000e+01 1.339589999999999947e-01 1.824959999999999916e-01 2.367569999999999952e-01
5.400000000000000000e+01 4.950800000000000339e-02 9.860900000000000221e-02 1.505319999999999991e-01
5.500000000000000000e+01 1.933420000000000138e-01 2.410450000000000093e-01 2.951960000000000139e-01
5.600000000000000000e+01 1.929919999999999969e-01 2.393500000000000072e-01 2.938540000000000041e-01
5.700000000000000000e+01 1.476719999999999977e-01 1.954110000000000014e-01 2.485850000000000004e-01
5.800000000000000000e+01 1.645290000000000086e-01 2.122429999999999872e-01 2.655190000000000050e-01
5.900000000000000000e+01 9.818799999999999750e-02 1.472660000000000080e-01 1.994450000000000112e-01
6.000000000000000000e+01 1.878070000000000017e-01 2.351219999999999977e-01 2.895240000000000036e-01
6.100000000000000000e+01 1.638819999999999999e-01 2.113470000000000071e-01 2.653429999999999955e-01
6.200000000000000000e+01 1.989140000000000075e-01 2.461869999999999892e-01 3.012870000000000270e-01
6.300000000000000000e+01 9.891199999999999992e-02 1.474719999999999920e-01 2.007809999999999873e-01
6.400000000000000000e+01 1.682950000000000002e-01 2.154210000000000014e-01 2.697879999999999723e-01
6.500000000000000000e+01 1.354690000000000061e-01 1.846359999999999946e-01 2.363760000000000028e-01
6.600000000000000000e+01 1.704980000000000107e-01 2.185429999999999873e-01 2.722859999999999725e-01
6.700000000000000000e+01 8.306099999999999595e-02 1.321650000000000047e-01 1.853690000000000060e-01
6.800000000000000000e+01 1.709910000000000041e-01 2.185600000000000043e-01 2.731580000000000119e-01
6.900000000000000000e+01 2.420619999999999994e-01 2.882020000000000137e-01 3.442540000000000044e-01
7.000000000000000000e+01 2.504149999999999987e-01 2.971880000000000077e-01 3.518419999999999881e-01
7.100000000000000000e+01 1.481899999999999884e-01 1.964400000000000035e-01 2.495130000000000126e-01
7.200000000000000000e+01 1.960580000000000100e-01 2.432640000000000080e-01 2.988509999999999778e-01
7.300000000000000000e+01 1.663409999999999889e-01 2.151689999999999992e-01 2.679119999999999835e-01
7.400000000000000000e+01 2.173849999999999949e-01 2.645270000000000121e-01 3.184509999999999841e-01
7.500000000000000000e+01 1.455789999999999862e-01 1.938930000000000098e-01 2.471760000000000068e-01
7.600000000000000000e+01 2.494399999999999951e-01 2.965139999999999998e-01 3.511520000000000197e-01
7.700000000000000000e+01 2.654199999999999893e-01 3.117530000000000023e-01 3.675880000000000258e-01
7.800000000000000000e+01 2.504109999999999947e-01 2.962890000000000246e-01 3.529470000000000107e-01
7.900000000000000000e+01 2.244150000000000034e-01 2.716729999999999978e-01 3.258510000000000018e-01
8.000000000000000000e+01 2.283260000000000012e-01 2.759969999999999923e-01 3.298840000000000106e-01
8.100000000000000000e+01 2.344870000000000010e-01 2.816460000000000075e-01 3.365199999999999858e-01
8.200000000000000000e+01 1.914250000000000118e-01 2.389880000000000060e-01 2.932629999999999959e-01
8.300000000000000000e+01 2.456649999999999945e-01 2.931770000000000209e-01 3.468359999999999776e-01
8.400000000000000000e+01 2.414250000000000007e-01 2.877319999999999878e-01 3.435900000000000065e-01
8.500000000000000000e+01 2.427999999999999881e-01 2.897370000000000223e-01 3.444969999999999977e-01
8.600000000000000000e+01 2.489109999999999934e-01 2.962210000000000121e-01 3.508169999999999900e-01
8.700000000000000000e+01 1.719160000000000132e-01 2.197179999999999966e-01 2.736299999999999844e-01
8.800000000000000000e+01 2.844639999999999946e-01 3.307129999999999792e-01 3.864620000000000277e-01
8.900000000000000000e+01 2.601720000000000144e-01 3.068969999999999754e-01 3.617690000000000072e-01
9.000000000000000000e+01 2.817330000000000112e-01 3.285520000000000107e-01 3.827699999999999991e-01
9.100000000000000000e+01 2.437950000000000117e-01 2.909860000000000224e-01 3.450960000000000139e-01
9.200000000000000000e+01 3.213920000000000110e-01 3.684890000000000110e-01 4.220990000000000020e-01
9.300000000000000000e+01 2.808959999999999790e-01 3.278989999999999960e-01 3.819799999999999862e-01
9.400000000000000000e+01 3.290460000000000051e-01 3.750910000000000077e-01 4.310010000000000230e-01
9.500000000000000000e+01 2.544890000000000208e-01 3.012650000000000050e-01 3.564229999999999898e-01
9.600000000000000000e+01 2.403009999999999868e-01 2.876529999999999920e-01 3.411660000000000248e-01
9.700000000000000000e+01 3.001539999999999764e-01 3.466609999999999969e-01 4.017999999999999905e-01
9.800000000000000000e+01 2.603280000000000038e-01 3.074720000000000231e-01 3.611820000000000030e-01
9.900000000000000000e+01 2.532869999999999844e-01 3.006010000000000071e-01 3.544800000000000173e-01
1.000000000000000000e+02 3.175870000000000082e-01 3.641929999999999890e-01 4.185139999999999971e-01
1.010000000000000000e+02 2.889300000000000201e-01 3.360960000000000059e-01 3.898050000000000126e-01
1.020000000000000000e+02 3.053370000000000251e-01 3.521299999999999986e-01 4.066389999999999727e-01
1.030000000000000000e+02 2.879439999999999777e-01 3.346299999999999830e-01 3.897720000000000073e-01
1.040000000000000000e+02 2.738940000000000263e-01 3.209520000000000151e-01 3.751450000000000062e-01
1.050000000000000000e+02 2.751660000000000217e-01 3.220720000000000249e-01 3.768529999999999935e-01
1.060000000000000000e+02 2.900530000000000053e-01 3.368300000000000183e-01 3.914969999999999839e-01
1.070000000000000000e+02 3.227619999999999933e-01 3.694069999999999854e-01 4.237369999999999748e-01
1.080000000000000000e+02 3.110589999999999744e-01 3.574590000000000267e-01 4.124519999999999853e-01
1.090000000000000000e+02 2.831279999999999908e-01 3.305210000000000092e-01 3.838119999999999865e-01
1.100000000000000000e+02 2.241039999999999976e-01 2.719269999999999743e-01 3.253800000000000026e-01
1.110000000000000000e+02 2.961440000000000183e-01 3.426859999999999906e-01 3.980219999999999869e-01
1.120000000000000000e+02 3.926000000000000045e-01 4.389930000000000221e-01 4.925680000000000058e-01
1.130000000000000000e+02 2.998279999999999834e-01 3.468959999999999821e-01 4.007370000000000099e-01
1.140000000000000000e+02 3.178110000000000102e-01 3.650209999999999844e-01 4.185050000000000159e-01
1.150000000000000000e+02 3.392140000000000155e-01 3.854969999999999786e-01 4.403900000000000037e-01
1.160000000000000000e+02 3.124129999999999963e-01 3.592489999999999850e-01 4.131690000000000085e-01
1.170000000000000000e+02 2.529290000000000149e-01 3.001670000000000171e-01 3.543410000000000171e-01
1.180000000000000000e+02 3.228289999999999771e-01 3.696659999999999946e-01 4.236779999999999990e-01
1.190000000000000000e+02 2.587090000000000223e-01 3.063119999999999732e-01 3.597219999999999862e-01
1.200000000000000000e+02 4.048260000000000192e-01 4.508599999999999830e-01 5.052560000000000384e-01
1.210000000000000000e+02 3.261209999999999942e-01 3.731900000000000217e-01 4.266139999999999932e-01
1.220000000000000000e+02 3.510210000000000274e-01 3.976370000000000182e-01 4.511430000000000162e-01
1.230000000000000000e+02 3.567810000000000148e-01 4.035340000000000038e-01 4.568289999999999851e-01
1.240000000000000000e+02 3.569129999999999803e-01 4.037459999999999938e-01 4.573429999999999995e-01
1.250000000000000000e+02 3.602179999999999827e-01 4.066080000000000250e-01 4.609779999999999989e-01
1.260000000000000000e+02 3.145939999999999848e-01 3.614950000000000108e-01 4.150019999999999820e-01
1.270000000000000000e+02 3.067199999999999926e-01 3.540380000000000194e-01 4.069880000000000164e-01
1.280000000000000000e+02 3.166649999999999743e-01 3.634629999999999805e-01 4.174490000000000145e-01
1.290000000000000000e+02 3.929380000000000095e-01 4.393400000000000083e-01 4.932830000000000270e-01
1.300000000000000000e+02 2.835699999999999887e-01 3.310819999999999874e-01 3.843010000000000037e-01
1.310000000000000000e+02 3.547540000000000138e-01 4.014229999999999743e-01 4.548780000000000046e-01
1.320000000000000000e+02 3.820239999999999747e-01 4.288420000000000010e-01 4.818569999999999798e-01
1.330000000000000000e+02 3.663480000000000070e-01 4.130030000000000090e-01 4.666460000000000052e-01
1.340000000000000000e+02 3.104049999999999865e-01 3.575309999999999877e-01 4.109499999999999820e-01
1.350000000000000000e+02 3.393849999999999922e-01 3.861640000000000073e-01 4.397360000000000158e-01
1.360000000000000000e+02 3.847990000000000022e-01 4.313799999999999857e-01 4.848509999999999764e-01
1.370000000000000000e+02 3.531349999999999767e-01 3.999159999999999937e-01 4.534500000000000197e-01
1.380000000000000000e+02 3.941410000000000191e-01 4.405979999999999897e-01 4.942509999999999959e-01
1.390000000000000000e+02 3.308450000000000002e-01 3.781289999999999929e-01 4.309609999999999830e-01
1.400000000000000000e+02 3.351580000000000115e-01 3.822900000000000187e-01 4.352360000000000118e-01
1.410000000000000000e+02 3.884929999999999772e-01 4.353179999999999827e-01 4.881730000000000236e-01
1.420000000000000000e+02 3.431330000000000213e-01 3.898400000000000198e-01 4.436590000000000256e-01
1.430000000000000000e+02 3.465840000000000032e-01 3.938829999999999831e-01 4.464480000000000115e-01
1.440000000000000000e+02 4.540770000000000084e-01 5.003499999999999615e-01 5.534189999999999943e-01
1.450000000000000000e+02 3.773190000000000155e-01 4.241929999999999867e-01 4.769390000000000018e-01
1.460000000000000000e+02 3.702650000000000108e-01 4.171520000000000228e-01 4.699800000000000089e-01
1.470000000000000000e+02 4.044579999999999842e-01 4.509469999999999867e-01 5.043509999999999938e-01
1.480000000000000000e+02 4.050509999999999944e-01 4.516910000000000092e-01 5.046810000000000462e-01
1.490000000000000000e+02 4.242330000000000267e-01 4.707009999999999805e-01 5.234950000000000436e-01
1.500000000000000000e+02 4.013880000000000225e-01 4.481189999999999896e-01 5.009339999999999904e-01
1.510000000000000000e+02 4.263259999999999827e-01 4.727600000000000136e-01 5.257509999999999684e-01
1.520000000000000000e+02 3.818389999999999840e-01 4.285149999999999793e-01 4.816259999999999986e-01
1.530000000000000000e+02 3.914969999999999839e-01 4.381300000000000194e-01 4.911400000000000210e-01
1.540000000000000000e+02 3.637799999999999923e-01 4.105570000000000053e-01 4.639309999999999823e-01
1.550000000000000000e+02 3.850720000000000254e-01 4.318440000000000056e-01 4.845690000000000275e-01
1.560000000000000000e+02 4.413509999999999933e-01 4.875249999999999861e-01 5.406769999999999632e-01
1.570000000000000000e+02 3.319949999999999846e-01 3.789759999999999796e-01 4.323750000000000093e-01
1.580000000000000000e+02 4.252029999999999976e-01 4.716029999999999944e-01 5.246870000000000145e-01
1.590000000000000000e+02 3.821269999999999945e-01 4.291159999999999974e-01 4.815440000000000276e-01
1.600000000000000000e+02 3.943429999999999991e-01 4.410240000000000271e-01 4.939569999999999794e-01
1.610000000000000000e+02 3.787010000000000098e-01 4.256420000000000203e-01 4.782239999999999824e-01
1.620000000000000000e+02 4.727990000000000248e-01 5.190160000000000329e-01 5.718630000000000102e-01
1.630000000000000000e+02 3.919170000000000154e-01 4.387340000000000129e-01 4.913870000000000182e-01
1.640000000000000000e+02 4.096210000000000129e-01 4.563940000000000219e-01 5.089399999999999480e-01
1.650000000000000000e+02 4.347409999999999886e-01 4.814559999999999951e-01 5.336490000000000400e-01
1.660000000000000000e+02 4.633109999999999729e-01 5.094999999999999529e-01 5.624869999999999592e-01
1.670000000000000000e+02 4.455339999999999856e-01 4.920280000000000209e-01 5.445689999999999698e-01
1.680000000000000000e+02 4.427050000000000152e-01 4.890459999999999807e-01 5.418699999999999628e-01
1.690000000000000000e+02 4.367730000000000223e-01 4.832670000000000021e-01 5.359939999999999705e-01
1.700000000000000000e+02 3.902979999999999783e-01 4.372289999999999788e-01 4.897000000000000242e-01
1.710000000000000000e+02 4.415319999999999800e-01 4.880669999999999731e-01 5.404900000000000260e-01
1.720000000000000000e+02 4.363650000000000029e-01 4.828970000000000207e-01 5.354689999999999728e-01
1.730000000000000000e+02 4.621489999999999765e-01 5.083739999999999926e-01 5.611140000000000017e-01
1.740000000000000000e+02 4.073149999999999826e-01 4.539770000000000194e-01 5.067099999999999937e-01
1.750000000000000000e+02 4.315919999999999757e-01 4.780329999999999857e-01 5.308760000000000145e-01
1.760000000000000000e+02 4.331059999999999910e-01 4.796219999999999928e-01 5.322289999999999521e-01
1.770000000000000000e+02 4.614050000000000096e-01 5.077120000000000521e-01 5.603749999999999565e-01
1.780000000000000000e+02 4.494890000000000274e-01 4.958219999999999850e-01 5.485419999999999741e-01
1.790000000000000000e+02 4.245820000000000149e-01 4.711750000000000105e-01 5.236950000000000216e-01
1.800000000000000000e+02 4.429150000000000031e-01 4.893700000000000272e-01 5.420239999999999503e-01
1.810000000000000000e+02 4.901479999999999726e-01 5.363019999999999454e-01 5.887829999999999453e-01
1.820000000000000000e+02 4.335379999999999789e-01 4.800579999999999847e-01 5.325459999999999638e-01
1.830000000000000000e+02 4.782980000000000009e-01 5.245339999999999447e-01 5.769870000000000276e-01
1.840000000000000000e+02 4.193810000000000038e-01 4.659749999999999726e-01 5.185750000000000082e-01
1.850000000000000000e+02 4.697910000000000141e-01 5.159799999999999942e-01 5.687790000000000346e-01
1.860000000000000000e+02 4.675230000000000219e-01 5.137350000000000527e-01 5.664050000000000473e-01
1.870000000000000000e+02 4.609929999999999861e-01 5.072219999999999507e-01 5.599739999999999718e-01
1.880000000000000000e+02 4.734840000000000160e-01 5.197110000000000340e-01 5.722549999999999581e-01
1.890000000000000000e+02 4.661640000000000228e-01 5.124319999999999986e-01 5.649589999999999890e-01
1.900000000000000000e+02 4.676730000000000054e-01 5.138840000000000074e-01 5.665280000000000316e-01
1.910000000000000000e+02 4.460729999999999973e-01 4.924499999999999988e-01 5.450380000000000225e-01
1.920000000000000000e+02 4.915479999999999849e-01 5.375849999999999795e-01 5.902760000000000229e-01
1.930000000000000000e+02 4.557479999999999865e-01 5.020200000000000218e-01 5.545330000000000537e-01
1.940000000000000000e+02 4.823049999999999837e-01 5.284349999999999881e-01 5.810410000000000297e-01
1.950000000000000000e+02 4.623419999999999752e-01 5.085520000000000040e-01 5.610870000000000024e-01
1.960000000000000000e+02 4.595839999999999925e-01 5.058439999999999603e-01 5.583380000000000010e-01
1.970000000000000000e+02 4.300459999999999838e-01 4.762029999999999874e-01 5.289979999999999682e-01
1.980000000000000000e+02 4.824010000000000242e-01 5.283769999999999856e-01 5.811399999999999899e-01
1.990000000000000000e+02 4.431499999999999884e-01 4.891869999999999830e-01 5.420660000000000478e-01
2.000000000000000000e+02 4.577820000000000222e-01 5.039599999999999635e-01 5.564360000000000417e-01
2.010000000000000000e+02 4.394500000000000073e-01 4.856770000000000254e-01 5.382980000000000542e-01
2.020000000000000000e+02 4.604340000000000099e-01 5.063520000000000243e-01 5.590460000000000429e-01
2.030000000000000000e+02 4.257540000000000213e-01 4.717930000000000179e-01 5.246899999999999897e-01
2.040000000000000000e+02 4.245530000000000137e-01 4.707839999999999803e-01 5.234469999999999956e-01
2.050000000000000000e+02 4.572720000000000118e-01 5.030050000000000354e-01 5.559749999999999970e-01
2.060000000000000000e+02 4.953389999999999738e-01 5.406520000000000215e-01 5.937470000000000248e-01
2.070000000000000000e+02 4.551379999999999870e-01 5.007519999999999749e-01 5.537959999999999550e-01
2.080000000000000000e+02 4.493539999999999757e-01 4.949859999999999816e-01 5.480420000000000291e-01
2.090000000000000000e+02 3.867430000000000034e-01 4.327429999999999888e-01 4.854399999999999826e-01
2.100000000000000000e+02 4.019229999999999747e-01 4.477169999999999761e-01 5.006270000000000442e-01
2.110000000000000000e+02 3.696960000000000246e-01 4.152730000000000032e-01 4.685690000000000133e-01
2.120000000000000000e+02 4.274189999999999934e-01 4.731230000000000158e-01 5.261019999999999586e-01
2.130000000000000000e+02 4.322440000000000171e-01 4.778740000000000210e-01 5.308359999999999745e-01
2.140000000000000000e+02 4.169950000000000045e-01 4.624659999999999882e-01 5.156929999999999570e-01
2.150000000000000000e+02 4.546350000000000113e-01 5.000890000000000057e-01 5.531949999999999923e-01
2.160000000000000000e+02 4.127640000000000198e-01 4.582919999999999772e-01 5.113990000000000480e-01
2.170000000000000000e+02 3.752429999999999932e-01 4.206119999999999859e-01 4.739659999999999984e-01
2.180000000000000000e+02 3.805200000000000249e-01 4.259560000000000013e-01 4.792370000000000241e-01
2.190000000000000000e+02 4.152100000000000235e-01 4.606489999999999752e-01 5.137939999999999729e-01
2.200000000000000000e+02 3.925549999999999873e-01 4.377539999999999765e-01 4.911769999999999747e-01
2.210000000000000000e+02 4.168379999999999863e-01 4.619400000000000173e-01 5.153649999999999620e-01
2.220000000000000000e+02 3.883510000000000018e-01 4.338239999999999874e-01 4.869939999999999825e-01
2.230000000000000000e+02 3.686590000000000145e-01 4.137580000000000147e-01 4.673939999999999761e-01
2.240000000000000000e+02 4.281670000000000198e-01 4.731659999999999755e-01 5.266779999999999795e-01
2.250000000000000000e+02 4.140360000000000151e-01 4.593450000000000033e-01 5.126849999999999463e-01
2.260000000000000000e+02 3.584740000000000149e-01 4.034409999999999941e-01 4.570569999999999911e-01
2.270000000000000000e+02 3.285569999999999879e-01 3.736909999999999954e-01 4.272219999999999906e-01
2.280000000000000000e+02 3.872789999999999844e-01 4.320280000000000231e-01 4.857460000000000111e-01
2.290000000000000000e+02 3.943980000000000263e-01 4.398909999999999765e-01 4.930660000000000043e-01
2.300000000000000000e+02 3.933969999999999967e-01 4.384159999999999724e-01 4.920140000000000069e-01
2.310000000000000000e+02 3.851559999999999984e-01 4.303219999999999823e-01 4.838089999999999891e-01
2.320000000000000000e+02 3.902809999999999890e-01 4.353179999999999827e-01 4.887969999999999815e-01
2.330000000000000000e+02 4.052029999999999799e-01 4.498659999999999881e-01 5.036969999999999503e-01
2.340000000000000000e+02 3.637460000000000138e-01 4.086730000000000085e-01 4.623720000000000052e-01
2.350000000000000000e+02 3.307820000000000205e-01 3.755660000000000109e-01 4.293850000000000167e-01
2.360000000000000000e+02 3.876209999999999933e-01 4.325649999999999773e-01 4.861679999999999890e-01
2.370000000000000000e+02 3.864239999999999897e-01 4.311869999999999870e-01 4.849700000000000122e-01
2.380000000000000000e+02 3.710680000000000089e-01 4.160119999999999929e-01 4.695699999999999874e-01
2.390000000000000000e+02 3.109140000000000237e-01 3.559919999999999751e-01 4.095960000000000156e-01
2.400000000000000000e+02 3.805390000000000161e-01 4.252940000000000054e-01 4.790599999999999858e-01
2.410000000000000000e+02 4.020349999999999757e-01 4.466780000000000195e-01 5.005039999999999489e-01
2.420000000000000000e+02 3.595860000000000167e-01 4.043800000000000172e-01 4.582860000000000267e-01
2.430000000000000000e+02 3.194690000000000030e-01 3.643810000000000104e-01 4.181460000000000177e-01
2.440000000000000000e+02 3.635689999999999755e-01 4.082200000000000273e-01 4.620460000000000123e-01
2.450000000000000000e+02 4.148600000000000065e-01 4.596290000000000098e-01 5.133950000000000458e-01
2.460000000000000000e+02 3.552319999999999922e-01 3.998610000000000220e-01 4.537999999999999812e-01
2.470000000000000000e+02 3.764609999999999901e-01 4.211349999999999816e-01 4.749959999999999738e-01
2.480000000000000000e+02 3.427569999999999784e-01 3.874759999999999871e-01 4.413619999999999766e-01
2.490000000000000000e+02 3.478950000000000098e-01 3.925839999999999885e-01 4.463079999999999825e-01
2.500000000000000000e+02 3.823659999999999837e-01 4.267779999999999907e-01 4.808290000000000064e-01
2.510000000000000000e+02 3.378149999999999764e-01 3.822150000000000269e-01 4.364270000000000094e-01
2.520000000000000000e+02 3.954759999999999942e-01 4.403500000000000192e-01 4.939990000000000214e-01
2.530000000000000000e+02 4.158120000000000149e-01 4.608360000000000234e-01 5.143170000000000242e-01
2.540000000000000000e+02 3.833559999999999746e-01 4.277079999999999771e-01 4.818749999999999978e-01
2.550000000000000000e+02 3.520249999999999768e-01 3.965489999999999848e-01 4.505899999999999905e-01
2.560000000000000000e+02 3.493499999999999939e-01 3.940629999999999966e-01 4.479330000000000256e-01
2.570000000000000000e+02 3.981500000000000039e-01 4.428420000000000134e-01 4.966039999999999899e-01
2.580000000000000000e+02 3.679720000000000213e-01 4.127210000000000045e-01 4.665489999999999915e-01
2.590000000000000000e+02 3.814409999999999745e-01 4.260160000000000058e-01 4.798790000000000000e-01
2.600000000000000000e+02 3.585079999999999933e-01 4.034200000000000008e-01 4.570690000000000031e-01
2.610000000000000000e+02 3.814910000000000245e-01 4.258709999999999996e-01 4.799979999999999802e-01
2.620000000000000000e+02 3.738420000000000076e-01 4.183339999999999836e-01 4.723419999999999841e-01
2.630000000000000000e+02 3.885600000000000165e-01 4.329879999999999840e-01 4.870309999999999917e-01
2.640000000000000000e+02 3.520449999999999968e-01 3.967060000000000031e-01 4.505730000000000013e-01
2.650000000000000000e+02 3.587899999999999978e-01 4.032209999999999961e-01 4.573039999999999883e-01
2.660000000000000000e+02 3.764600000000000168e-01 4.208770000000000011e-01 4.749209999999999821e-01
2.670000000000000000e+02 3.810359999999999858e-01 4.256920000000000148e-01 4.794939999999999758e-01
2.680000000000000000e+02 3.415159999999999862e-01 3.857619999999999938e-01 4.400029999999999775e-01
2.690000000000000000e+02 3.584950000000000081e-01 4.028229999999999866e-01 4.569909999999999806e-01
2.700000000000000000e+02 3.951819999999999777e-01 4.396959999999999757e-01 4.937010000000000010e-01
2.710000000000000000e+02 3.965520000000000156e-01 4.410169999999999924e-01 4.950470000000000148e-01
2.720000000000000000e+02 3.562089999999999979e-01 4.007970000000000144e-01 4.547010000000000218e-01
2.730000000000000000e+02 3.595659999999999967e-01 4.041159999999999752e-01 4.580759999999999832e-01
2.740000000000000000e+02 3.836180000000000145e-01 4.279510000000000258e-01 4.820679999999999965e-01
2.750000000000000000e+02 3.807820000000000094e-01 4.251309999999999811e-01 4.791810000000000236e-01
2.760000000000000000e+02 3.822059999999999902e-01 4.268179999999999752e-01 4.806750000000000189e-01
2.770000000000000000e+02 3.805600000000000094e-01 4.251179999999999959e-01 4.790030000000000121e-01
2.780000000000000000e+02 3.849130000000000051e-01 4.292130000000000112e-01 4.833319999999999839e-01
2.790000000000000000e+02 3.787749999999999728e-01 4.232719999999999816e-01 4.773310000000000053e-01
2.800000000000000000e+02 3.462859999999999827e-01 3.906760000000000232e-01 4.448610000000000064e-01
2.810000000000000000e+02 3.778239999999999932e-01 4.223290000000000100e-01 4.762449999999999739e-01
2.820000000000000000e+02 3.866419999999999857e-01 4.311749999999999750e-01 4.851170000000000204e-01
2.830000000000000000e+02 4.021549999999999847e-01 4.463210000000000233e-01 5.005979999999999874e-01
2.840000000000000000e+02 3.778650000000000064e-01 4.222389999999999755e-01 4.763580000000000036e-01
2.850000000000000000e+02 3.729310000000000125e-01 4.174900000000000277e-01 4.713550000000000240e-01
2.860000000000000000e+02 4.018419999999999770e-01 4.461200000000000165e-01 5.002969999999999917e-01
2.870000000000000000e+02 3.609029999999999738e-01 4.052509999999999724e-01 4.593369999999999953e-01
2.880000000000000000e+02 3.770589999999999775e-01 4.214990000000000125e-01 4.755249999999999755e-01
2.890000000000000000e+02 3.962410000000000099e-01 4.406089999999999729e-01 4.947679999999999856e-01
2.900000000000000000e+02 3.657940000000000080e-01 4.102759999999999740e-01 4.642419999999999880e-01
2.910000000000000000e+02 3.520050000000000123e-01 3.963740000000000041e-01 4.504870000000000263e-01
2.920000000000000000e+02 3.499229999999999841e-01 3.942160000000000108e-01 4.483610000000000095e-01
2.930000000000000000e+02 3.978550000000000142e-01 4.419520000000000115e-01 4.962389999999999857e-01
2.940000000000000000e+02 3.834739999999999815e-01 4.279350000000000098e-01 4.819390000000000063e-01
2.950000000000000000e+02 3.916930000000000134e-01 4.361410000000000009e-01 4.901900000000000146e-01
2.960000000000000000e+02 3.736519999999999841e-01 4.180300000000000127e-01 4.721119999999999761e-01
2.970000000000000000e+02 3.429510000000000058e-01 3.874009999999999954e-01 4.414020000000000166e-01
2.980000000000000000e+02 3.974739999999999940e-01 4.417170000000000263e-01 4.959390000000000187e-01
2.990000000000000000e+02 4.187790000000000123e-01 4.630819999999999936e-01 5.172339999999999716e-01
3.000000000000000000e+02 3.754149999999999987e-01 4.197640000000000260e-01 4.738629999999999787e-01
3.010000000000000000e+02 3.726990000000000025e-01 4.170479999999999743e-01 4.711400000000000032e-01
3.020000000000000000e+02 3.928289999999999837e-01 4.369089999999999918e-01 4.912630000000000052e-01
3.030000000000000000e+02 3.920830000000000148e-01 4.363799999999999901e-01 4.905019999999999936e-01
3.040000000000000000e+02 3.516290000000000249e-01 3.958949999999999969e-01 4.500560000000000116e-01
3.050000000000000000e+02 3.693640000000000256e-01 4.137879999999999892e-01 4.678080000000000016e-01
3.060000000000000000e+02 3.627179999999999849e-01 4.070360000000000089e-01 4.611680000000000224e-01
3.070000000000000000e+02 3.726700000000000013e-01 4.169579999999999953e-01 4.711509999999999865e-01
3.080000000000000000e+02 3.785229999999999984e-01 4.226739999999999942e-01 4.769649999999999723e-01
3.090000000000000000e+02 3.765310000000000046e-01 4.207759999999999834e-01 4.749309999999999921e-01
3.100000000000000000e+02 3.750089999999999812e-01 4.193029999999999813e-01 4.734410000000000007e-01
3.110000000000000000e+02 4.025270000000000237e-01 4.469870000000000232e-01 5.009299999999999864e-01
3.120000000000000000e+02 3.746419999999999750e-01 4.186210000000000209e-01 4.730610000000000093e-01
3.130000000000000000e+02 3.398700000000000054e-01 3.841120000000000090e-01 4.383500000000000174e-01
3.140000000000000000e+02 3.693560000000000176e-01 4.136739999999999862e-01 4.677660000000000151e-01
3.150000000000000000e+02 3.851370000000000071e-01 4.293879999999999919e-01 4.835019999999999873e-01
3.160000000000000000e+02 3.615260000000000140e-01 4.058030000000000248e-01 4.600009999999999932e-01
3.170000000000000000e+02 4.001890000000000169e-01 4.443230000000000235e-01 4.986670000000000269e-01
3.180000000000000000e+02 3.450570000000000026e-01 3.894429999999999836e-01 4.435069999999999846e-01
3.190000000000000000e+02 4.198970000000000202e-01 4.640320000000000000e-01 5.182870000000000532e-01
3.200000000000000000e+02 3.769640000000000213e-01 4.211210000000000231e-01 4.753450000000000175e-01
3.210000000000000000e+02 3.763420000000000099e-01 4.204490000000000172e-01 4.747489999999999766e-01
3.220000000000000000e+02 3.764469999999999761e-01 4.207810000000000161e-01 4.748970000000000136e-01
3.230000000000000000e+02 4.065639999999999810e-01 4.507849999999999913e-01 5.049829999999999597e-01
3.240000000000000000e+02 3.659290000000000043e-01 4.100360000000000116e-01 4.643140000000000045e-01
3.250000000000000000e+02 3.290969999999999729e-01 3.732869999999999799e-01 4.275300000000000211e-01
3.260000000000000000e+02 3.682050000000000045e-01 4.124030000000000196e-01 4.666629999999999945e-01
3.270000000000000000e+02 3.812650000000000206e-01 4.253020000000000134e-01 4.796699999999999853e-01
3.280000000000000000e+02 4.337329999999999797e-01 4.777569999999999872e-01 5.321050000000000502e-01
3.290000000000000000e+02 4.051500000000000101e-01 4.493219999999999992e-01 5.035629999999999828e-01
3.300000000000000000e+02 3.590309999999999890e-01 4.031739999999999768e-01 4.574050000000000060e-01
3.310000000000000000e+02 3.901830000000000020e-01 4.343020000000000214e-01 4.885920000000000263e-01
3.320000000000000000e+02 4.004010000000000069e-01 4.445749999999999980e-01 4.988389999999999769e-01
3.330000000000000000e+02 3.755169999999999897e-01 4.195920000000000205e-01 4.738930000000000087e-01
3.340000000000000000e+02 3.585309999999999886e-01 4.027330000000000076e-01 4.569289999999999741e-01
3.350000000000000000e+02 3.649299999999999766e-01 4.093829999999999969e-01 4.633860000000000201e-01
3.360000000000000000e+02 3.662810000000000232e-01 4.104099999999999970e-01 4.647240000000000260e-01
3.370000000000000000e+02 4.022499999999999964e-01 4.462070000000000203e-01 5.005889999999999507e-01
3.380000000000000000e+02 3.975339999999999985e-01 4.416059999999999985e-01 4.958929999999999727e-01
3.390000000000000000e+02 3.551000000000000267e-01 3.992180000000000173e-01 4.534799999999999942e-01
3.400000000000000000e+02 3.601489999999999969e-01 4.042479999999999962e-01 4.585620000000000251e-01
3.410000000000000000e+02 3.926899999999999835e-01 4.369580000000000131e-01 4.911240000000000050e-01
3.420000000000000000e+02 3.799919999999999964e-01 4.240490000000000093e-01 4.783549999999999747e-01
3.430000000000000000e+02 3.820239999999999747e-01 4.261490000000000000e-01 4.803890000000000104e-01
3.440000000000000000e+02 3.779879999999999907e-01 4.222679999999999767e-01 4.764260000000000161e-01
3.450000000000000000e+02 3.389400000000000190e-01 3.831330000000000013e-01 4.373500000000000165e-01
3.460000000000000000e+02 4.225329999999999919e-01 4.663889999999999980e-01 5.209120000000000417e-01
3.470000000000000000e+02 4.018760000000000110e-01 4.457240000000000091e-01 5.002680000000000460e-01
3.480000000000000000e+02 3.972530000000000228e-01 4.413259999999999961e-01 4.956110000000000237e-01
3.490000000000000000e+02 3.426159999999999761e-01 3.867990000000000039e-01 4.410060000000000091e-01
3.500000000000000000e+02 3.949949999999999850e-01 4.392019999999999813e-01 4.933989999999999765e-01
3.510000000000000000e+02 3.818750000000000200e-01 4.259160000000000168e-01 4.802739999999999787e-01
3.520000000000000000e+02 4.042169999999999930e-01 4.483489999999999975e-01 5.025960000000000427e-01
3.530000000000000000e+02 3.734029999999999849e-01 4.175679999999999947e-01 4.718129999999999824e-01
3.540000000000000000e+02 3.519109999999999738e-01 3.960620000000000251e-01 4.502700000000000036e-01
3.550000000000000000e+02 3.939770000000000216e-01 4.380550000000000277e-01 4.923469999999999791e-01
3.560000000000000000e+02 4.110509999999999997e-01 4.548420000000000241e-01 5.094130000000000047e-01
3.570000000000000000e+02 3.708380000000000010e-01 4.149019999999999930e-01 4.692319999999999824e-01
3.580000000000000000e+02 3.625550000000000161e-01 4.066790000000000127e-01 4.609559999999999769e-01
3.590000000000000000e+02 3.757220000000000004e-01 4.197279999999999900e-01 4.740909999999999846e-01
3.600000000000000000e+02 3.898429999999999951e-01 4.339180000000000259e-01 4.882070000000000021e-01
3.610000000000000000e+02 4.030900000000000039e-01 4.470669999999999922e-01 5.014870000000000161e-01
3.620000000000000000e+02 3.771470000000000100e-01 4.212040000000000228e-01 4.755550000000000055e-01
3.630000000000000000e+02 3.602549999999999919e-01 4.044119999999999937e-01 4.586270000000000069e-01
3.640000000000000000e+02 3.599089999999999789e-01 4.038889999999999980e-01 4.582519999999999927e-01
3.650000000000000000e+02 4.172569999999999890e-01 4.612809999999999966e-01 5.156279999999999752e-01
3.660000000000000000e+02 4.165039999999999853e-01 4.604389999999999872e-01 5.148620000000000418e-01
3.670000000000000000e+02 3.833349999999999813e-01 4.273239999999999816e-01 4.816940000000000111e-01
3.680000000000000000e+02 3.709319999999999840e-01 4.150269999999999793e-01 4.693169999999999842e-01
3.690000000000000000e+02 3.543109999999999871e-01 3.983599999999999919e-01 4.527089999999999725e-01
3.700000000000000000e+02 4.026080000000000214e-01 4.466310000000000002e-01 5.009780000000000344e-01
3.710000000000000000e+02 4.068229999999999902e-01 4.508670000000000178e-01 5.052269999999999817e-01
3.720000000000000000e+02 3.847519999999999829e-01 4.288290000000000157e-01 4.831360000000000099e-01
3.730000000000000000e+02 3.500099999999999878e-01 3.940989999999999771e-01 4.483779999999999988e-01
3.740000000000000000e+02 4.015610000000000013e-01 4.454890000000000239e-01 4.999160000000000270e-01
3.750000000000000000e+02 4.034039999999999848e-01 4.473829999999999751e-01 5.017789999999999750e-01
3.760000000000000000e+02 3.976649999999999907e-01 4.416550000000000198e-01 4.960350000000000037e-01
3.770000000000000000e+02 3.808929999999999816e-01 4.249229999999999952e-01 4.792770000000000086e-01
3.780000000000000000e+02 3.854690000000000061e-01 4.295039999999999969e-01 4.838379999999999903e-01
3.790000000000000000e+02 3.802240000000000064e-01 4.241730000000000222e-01 4.785699999999999954e-01
3.800000000000000000e+02 3.602199999999999847e-01 4.042270000000000030e-01 4.586160000000000236e-01
3.810000000000000000e+02 3.786689999999999778e-01 4.227009999999999934e-01 4.770510000000000028e-01
3.820000000000000000e+02 3.485619999999999830e-01 3.926089999999999858e-01 4.469299999999999939e-01
3.830000000000000000e+02 3.910239999999999827e-01 4.351280000000000148e-01 4.894009999999999749e-01
3.840000000000000000e+02 4.070190000000000197e-01 4.509839999999999960e-01 5.053790000000000227e-01
3.850000000000000000e+02 4.123470000000000191e-01 4.563309999999999866e-01 5.107159999999999478e-01
3.860000000000000000e+02 3.877479999999999816e-01 4.318170000000000064e-01 4.861190000000000233e-01
3.870000000000000000e+02 3.810479999999999978e-01 4.250149999999999761e-01 4.794269999999999921e-01
3.880000000000000000e+02 3.818349999999999800e-01 4.258399999999999963e-01 4.801880000000000037e-01
3.890000000000000000e+02 3.918179999999999996e-01 4.358540000000000192e-01 4.901880000000000126e-01
3.900000000000000000e+02 3.856620000000000048e-01 4.295599999999999974e-01 4.840340000000000198e-01
3.910000000000000000e+02 3.715829999999999966e-01 4.155619999999999870e-01 4.699639999999999929e-01
3.920000000000000000e+02 3.799529999999999852e-01 4.239689999999999848e-01 4.783040000000000069e-01
3.930000000000000000e+02 4.086359999999999992e-01 4.526939999999999853e-01 5.069879999999999942e-01
3.940000000000000000e+02 3.788460000000000161e-01 4.227049999999999974e-01 4.771949999999999803e-01
3.950000000000000000e+02 3.825540000000000052e-01 4.264609999999999790e-01 4.809109999999999774e-01
3.960000000000000000e+02 3.776280000000000192e-01 4.215729999999999755e-01 4.759880000000000222e-01
3.970000000000000000e+02 3.867559999999999887e-01 4.307489999999999930e-01 4.851019999999999777e-01
3.980000000000000000e+02 3.998189999999999800e-01 4.438369999999999815e-01 4.982010000000000050e-01
3.990000000000000000e+02 3.799679999999999724e-01 4.239020000000000010e-01 4.783169999999999922e-01
4.000000000000000000e+02 4.151279999999999970e-01 4.590480000000000116e-01 5.134950000000000347e-01
4.010000000000000000e+02 3.656269999999999798e-01 4.095230000000000259e-01 4.640050000000000008e-01
4.020000000000000000e+02 3.854940000000000033e-01 4.294520000000000004e-01 4.838540000000000063e-01
4.030000000000000000e+02 3.768110000000000070e-01 4.205760000000000054e-01 4.751529999999999920e-01
4.040000000000000000e+02 3.921169999999999933e-01 4.360299999999999732e-01 4.904740000000000211e-01
4.050000000000000000e+02 3.974489999999999967e-01 4.414870000000000183e-01 4.958049999999999957e-01
4.060000000000000000e+02 3.823590000000000044e-01 4.263170000000000015e-01 4.807219999999999827e-01
4.070000000000000000e+02 3.765080000000000093e-01 4.204109999999999792e-01 4.748450000000000171e-01
4.080000000000000000e+02 3.726949999999999985e-01 4.165869999999999851e-01 4.710400000000000142e-01
4.090000000000000000e+02 3.910770000000000080e-01 4.350269999999999970e-01 4.894450000000000189e-01
4.100000000000000000e+02 4.031580000000000163e-01 4.470160000000000244e-01 5.015009999999999746e-01
4.110000000000000000e+02 3.540579999999999838e-01 3.979719999999999924e-01 4.524219999999999908e-01
4.120000000000000000e+02 3.910719999999999752e-01 4.349939999999999918e-01 4.893979999999999997e-01
4.130000000000000000e+02 4.013180000000000081e-01 4.452059999999999906e-01 4.996740000000000070e-01
4.140000000000000000e+02 3.800930000000000142e-01 4.239910000000000068e-01 4.784320000000000239e-01
4.150000000000000000e+02 3.731579999999999897e-01 4.170659999999999923e-01 4.715110000000000134e-01
4.160000000000000000e+02 3.999500000000000277e-01 4.438219999999999943e-01 4.983049999999999979e-01
4.170000000000000000e+02 3.840810000000000057e-01 4.280479999999999841e-01 4.824300000000000255e-01
4.180000000000000000e+02 3.628480000000000039e-01 4.067640000000000144e-01 4.611990000000000256e-01
4.190000000000000000e+02 3.938999999999999724e-01 4.378230000000000177e-01 4.922520000000000229e-01
4.200000000000000000e+02 4.083289999999999975e-01 4.522820000000000173e-01 5.066690000000000360e-01
4.210000000000000000e+02 3.921939999999999871e-01 4.360729999999999884e-01 4.905370000000000008e-01
4.220000000000000000e+02 3.878650000000000153e-01 4.317070000000000074e-01 4.862099999999999755e-01
4.230000000000000000e+02 4.034860000000000113e-01 4.473440000000000194e-01 5.018179999999999863e-01
4.240000000000000000e+02 3.870970000000000244e-01 4.310490000000000155e-01 4.854410000000000114e-01
4.250000000000000000e+02 3.799250000000000127e-01 4.237589999999999968e-01 4.782640000000000224e-01
4.260000000000000000e+02 3.575749999999999762e-01 4.014409999999999923e-01 4.559400000000000119e-01
4.270000000000000000e+02 3.857039999999999913e-01 4.295370000000000021e-01 4.840329999999999910e-01
4.280000000000000000e+02 3.829279999999999906e-01 4.269089999999999829e-01 4.812620000000000231e-01
4.290000000000000000e+02 3.860689999999999955e-01 4.298739999999999783e-01 4.844049999999999745e-01
4.300000000000000000e+02 3.840870000000000117e-01 4.279060000000000086e-01 4.824120000000000075e-01
4.310000000000000000e+02 4.020659999999999790e-01 4.459750000000000103e-01 5.004170000000000007e-01
4.320000000000000000e+02 4.178749999999999964e-01 4.617439999999999878e-01 5.162229999999999874e-01
4.330000000000000000e+02 3.672690000000000121e-01 4.110909999999999842e-01 4.656060000000000199e-01
4.340000000000000000e+02 3.766120000000000023e-01 4.203939999999999899e-01 4.749430000000000041e-01
4.350000000000000000e+02 3.784069999999999934e-01 4.223169999999999980e-01 4.767469999999999763e-01
4.360000000000000000e+02 3.927189999999999848e-01 4.366479999999999806e-01 4.910539999999999905e-01
4.370000000000000000e+02 3.741970000000000018e-01 4.180360000000000187e-01 4.725389999999999868e-01
4.380000000000000000e+02 3.761129999999999751e-01 4.199390000000000067e-01 4.744490000000000096e-01
4.390000000000000000e+02 4.102750000000000008e-01 4.541510000000000269e-01 5.086370000000000058e-01
4.400000000000000000e+02 3.916359999999999841e-01 4.353899999999999992e-01 4.899580000000000046e-01
4.410000000000000000e+02 3.744930000000000203e-01 4.183859999999999801e-01 4.728410000000000113e-01
4.420000000000000000e+02 4.055940000000000101e-01 4.493949999999999889e-01 5.039339999999999931e-01
4.430000000000000000e+02 3.848210000000000242e-01 4.287000000000000255e-01 4.831520000000000259e-01
4.440000000000000000e+02 3.753079999999999750e-01 4.191829999999999723e-01 4.736589999999999967e-01
4.450000000000000000e+02 3.834980000000000055e-01 4.273449999999999749e-01 4.818459999999999965e-01
4.460000000000000000e+02 3.743310000000000248e-01 4.181710000000000149e-01 4.726710000000000078e-01
4.470000000000000000e+02 3.994659999999999878e-01 4.433610000000000051e-01 4.977969999999999895e-01
4.480000000000000000e+02 3.918690000000000229e-01 4.356579999999999897e-01 4.902070000000000038e-01
4.490000000000000000e+02 4.031259999999999843e-01 4.470009999999999817e-01 5.014669999999999961e-01
4.500000000000000000e+02 3.740169999999999884e-01 4.178370000000000140e-01 4.723769999999999913e-01
4.510000000000000000e+02 3.980179999999999829e-01 4.418070000000000053e-01 4.963440000000000074e-01
4.520000000000000000e+02 3.808250000000000246e-01 4.246539999999999759e-01 4.791630000000000056e-01
4.530000000000000000e+02 3.810270000000000046e-01 4.248250000000000082e-01 4.793649999999999856e-01
4.540000000000000000e+02 3.900250000000000106e-01 4.338440000000000074e-01 4.883540000000000103e-01
4.550000000000000000e+02 3.834420000000000051e-01 4.273020000000000151e-01 4.817790000000000128e-01
4.560000000000000000e+02 3.838440000000000185e-01 4.276200000000000001e-01 4.821639999999999815e-01
4.570000000000000000e+02 4.144570000000000198e-01 4.582579999999999987e-01 5.128000000000000336e-01
4.580000000000000000e+02 3.765800000000000258e-01 4.204060000000000019e-01 4.749099999999999988e-01
4.590000000000000000e+02 4.047780000000000267e-01 4.485859999999999848e-01 5.031210000000000404e-01
4.600000000000000000e+02 4.037009999999999765e-01 4.474730000000000096e-01 5.020280000000000298e-01
4.610000000000000000e+02 4.113299999999999734e-01 4.552069999999999728e-01 5.096650000000000347e-01
4.620000000000000000e+02 3.891040000000000054e-01 4.328600000000000225e-01 4.874319999999999764e-01
4.630000000000000000e+02 3.578230000000000022e-01 4.016560000000000130e-01 4.561660000000000159e-01
4.640000000000000000e+02 3.961759999999999726e-01 4.399870000000000170e-01 4.945030000000000259e-01
4.650000000000000000e+02 3.897930000000000006e-01 4.335539999999999949e-01 4.881090000000000151e-01
4.660000000000000000e+02 3.842969999999999997e-01 4.280630000000000268e-01 4.826349999999999807e-01
4.670000000000000000e+02 4.112870000000000137e-01 4.551140000000000185e-01 5.096289999999999987e-01
4.680000000000000000e+02 3.789950000000000263e-01 4.227850000000000219e-01 4.773350000000000093e-01
4.690000000000000000e+02 3.888929999999999887e-01 4.326409999999999978e-01 4.872000000000000219e-01
4.700000000000000000e+02 3.783949999999999814e-01 4.221929999999999850e-01 4.767410000000000259e-01
4.710000000000000000e+02 4.002999999999999892e-01 4.441300000000000248e-01 4.986490000000000089e-01
4.720000000000000000e+02 3.791649999999999743e-01 4.229809999999999959e-01 4.775039999999999840e-01
4.730000000000000000e+02 3.880879999999999885e-01 4.319129999999999914e-01 4.864200000000000190e-01
4.740000000000000000e+02 3.930879999999999930e-01 4.369109999999999938e-01 4.914229999999999987e-01
4.750000000000000000e+02 3.774609999999999910e-01 4.211860000000000048e-01 4.757799999999999807e-01
4.760000000000000000e+02 3.833840000000000026e-01 4.271480000000000277e-01 4.817029999999999923e-01
4.770000000000000000e+02 3.901990000000000181e-01 4.340040000000000009e-01 4.885249999999999870e-01
4.780000000000000000e+02 3.878019999999999801e-01 4.315789999999999904e-01 4.861280000000000046e-01
4.790000000000000000e+02 3.940230000000000121e-01 4.377690000000000192e-01 4.923399999999999999e-01
4.800000000000000000e+02 4.076529999999999876e-01 4.514329999999999732e-01 5.059789999999999566e-01
4.810000000000000000e+02 3.807389999999999941e-01 4.245039999999999925e-01 4.790690000000000226e-01
4.820000000000000000e+02 3.979730000000000212e-01 4.417010000000000103e-01 4.963049999999999962e-01
4.830000000000000000e+02 3.869409999999999794e-01 4.307110000000000105e-01 4.852629999999999999e-01
4.840000000000000000e+02 3.899349999999999761e-01 4.336929999999999952e-01 4.882600000000000273e-01
4.850000000000000000e+02 3.862990000000000035e-01 4.300760000000000138e-01 4.846260000000000012e-01
4.860000000000000000e+02 3.862459999999999782e-01 4.300039999999999973e-01 4.845700000000000007e-01
4.870000000000000000e+02 3.908739999999999992e-01 4.346659999999999968e-01 4.891860000000000097e-01
4.880000000000000000e+02 3.688250000000000139e-01 4.125759999999999983e-01 4.671629999999999949e-01
4.890000000000000000e+02 4.042669999999999875e-01 4.480520000000000058e-01 5.026040000000000507e-01
4.900000000000000000e+02 3.798329999999999762e-01 4.235530000000000128e-01 4.781509999999999927e-01
4.910000000000000000e+02 3.892869999999999941e-01 4.331099999999999950e-01 4.876199999999999979e-01
4.920000000000000000e+02 3.901330000000000076e-01 4.339180000000000259e-01 4.884539999999999993e-01
4.930000000000000000e+02 3.825200000000000267e-01 4.262610000000000010e-01 4.808419999999999916e-01
4.940000000000000000e+02 3.937089999999999756e-01 4.374529999999999808e-01 4.920260000000000189e-01
4.950000000000000000e+02 3.848500000000000254e-01 4.286630000000000162e-01 4.831790000000000251e-01
4.960000000000000000e+02 3.936470000000000247e-01 4.374060000000000170e-01 4.919640000000000124e-01
4.970000000000000000e+02 3.819150000000000045e-01 4.257549999999999946e-01 4.802609999999999935e-01
4.980000000000000000e+02 4.224760000000000182e-01 4.661839999999999873e-01 5.208000000000000407e-01
4.990000000000000000e+02 3.795669999999999877e-01 4.232940000000000036e-01 4.778919999999999835e-01
5.000000000000000000e+02 3.907240000000000157e-01 4.345169999999999866e-01 4.890410000000000035e-01
5.010000000000000000e+02 3.844739999999999824e-01 4.282099999999999795e-01 4.827899999999999969e-01
5.020000000000000000e+02 3.931459999999999955e-01 4.369060000000000166e-01 4.914589999999999792e-01
5.030000000000000000e+02 3.782309999999999839e-01 4.219479999999999897e-01 4.765490000000000004e-01
5.040000000000000000e+02 3.992990000000000150e-01 4.430379999999999874e-01 4.976160000000000028e-01
5.050000000000000000e+02 3.838199999999999945e-01 4.275920000000000276e-01 4.821360000000000090e-01
5.060000000000000000e+02 3.877340000000000231e-01 4.315359999999999752e-01 4.860639999999999961e-01
5.070000000000000000e+02 3.946819999999999773e-01 4.384230000000000071e-01 4.929939999999999878e-01
5.080000000000000000e+02 3.986950000000000216e-01 4.424299999999999899e-01 4.970129999999999826e-01
5.090000000000000000e+02 3.975520000000000165e-01 4.412490000000000023e-01 4.958569999999999922e-01
5.100000000000000000e+02 3.918719999999999981e-01 4.356070000000000220e-01 4.901820000000000066e-01
5.110000000000000000e+02 3.880629999999999913e-01 4.318400000000000016e-01 4.863839999999999830e-01
5.120000000000000000e+02 3.881109999999999838e-01 4.318159999999999776e-01 4.864249999999999963e-01
5.130000000000000000e+02 3.892689999999999761e-01 4.329910000000000148e-01 4.875780000000000114e-01
5.140000000000000000e+02 3.980620000000000269e-01 4.418079999999999785e-01 4.963739999999999819e-01
5.150000000000000000e+02 3.825259999999999772e-01 4.262619999999999743e-01 4.808520000000000016e-01
5.160000000000000000e+02 3.886370000000000102e-01 4.323719999999999786e-01 4.869600000000000040e-01
5.170000000000000000e+02 3.968349999999999933e-01 4.406010000000000204e-01 4.951530000000000098e-01
5.180000000000000000e+02 3.994809999999999750e-01 4.431910000000000016e-01 4.977949999999999875e-01
5.190000000000000000e+02 3.966850000000000098e-01 4.404219999999999802e-01 4.950060000000000016e-01
5.200000000000000000e+02 3.885170000000000012e-01 4.321920000000000206e-01 4.868359999999999910e-01
5.210000000000000000e+02 3.878710000000000213e-01 4.316070000000000184e-01 4.861900000000000110e-01
5.220000000000000000e+02 4.131589999999999985e-01 4.568380000000000218e-01 5.114999999999999547e-01
5.230000000000000000e+02 3.804589999999999916e-01 4.241779999999999995e-01 4.787750000000000061e-01
5.240000000000000000e+02 3.722480000000000233e-01 4.159359999999999724e-01 4.705759999999999943e-01
5.250000000000000000e+02 4.004090000000000149e-01 4.441410000000000080e-01 4.987219999999999986e-01
5.260000000000000000e+02 3.825500000000000012e-01 4.262569999999999970e-01 4.808680000000000176e-01
5.270000000000000000e+02 3.985230000000000161e-01 4.422749999999999737e-01 4.968369999999999731e-01
5.280000000000000000e+02 3.968679999999999986e-01 4.405350000000000099e-01 4.951840000000000130e-01
5.290000000000000000e+02 4.064820000000000100e-01 4.502260000000000151e-01 5.047939999999999650e-01
5.300000000000000000e+02 3.886430000000000162e-01 4.323739999999999806e-01 4.869609999999999772e-01
5.310000000000000000e+02 4.041420000000000012e-01 4.478280000000000038e-01 5.024560000000000137e-01
5.320000000000000000e+02 3.842019999999999880e-01 4.279160000000000186e-01 4.825119999999999965e-01
5.330000000000000000e+02 3.938550000000000106e-01 4.376169999999999782e-01 4.921670000000000211e-01
5.340000000000000000e+02 4.028999999999999804e-01 4.466049999999999742e-01 5.012069999999999581e-01
5.350000000000000000e+02 3.924650000000000083e-01 4.361820000000000142e-01 4.907739999999999880e-01
5.360000000000000000e+02 3.968820000000000126e-01 4.406089999999999729e-01 4.951949999999999963e-01
5.370000000000000000e+02 3.999489999999999990e-01 4.436379999999999768e-01 4.982530000000000014e-01
5.380000000000000000e+02 3.825379999999999892e-01 4.262880000000000003e-01 4.808560000000000056e-01
5.390000000000000000e+02 3.875529999999999808e-01 4.312190000000000190e-01 4.858709999999999973e-01
5.400000000000000000e+02 4.001319999999999877e-01 4.438529999999999975e-01 4.984430000000000249e-01
5.410000000000000000e+02 3.860859999999999848e-01 4.298150000000000026e-01 4.844040000000000012e-01
5.420000000000000000e+02 3.693429999999999769e-01 4.130199999999999982e-01 4.676589999999999914e-01
5.430000000000000000e+02 3.893110000000000182e-01 4.330100000000000060e-01 4.876159999999999939e-01
5.440000000000000000e+02 3.994539999999999758e-01 4.431629999999999736e-01 4.977690000000000170e-01
5.450000000000000000e+02 3.843610000000000082e-01 4.280829999999999913e-01 4.826819999999999999e-01
5.460000000000000000e+02 4.005319999999999991e-01 4.441609999999999725e-01 4.988349999999999729e-01
5.470000000000000000e+02 3.963459999999999761e-01 4.400339999999999807e-01 4.946610000000000174e-01
5.480000000000000000e+02 3.932760000000000145e-01 4.370209999999999928e-01 4.915939999999999754e-01
5.490000000000000000e+02 3.958050000000000179e-01 4.394620000000000193e-01 4.941110000000000224e-01
5.500000000000000000e+02 3.879909999999999748e-01 4.316479999999999762e-01 4.863069999999999893e-01
5.510000000000000000e+02 4.015219999999999900e-01 4.451970000000000094e-01 4.998360000000000025e-01
5.520000000000000000e+02 3.967910000000000048e-01 4.404750000000000054e-01 4.950939999999999785e-01
5.530000000000000000e+02 3.988619999999999943e-01 4.425100000000000144e-01 4.971670000000000256e-01
5.540000000000000000e+02 3.875720000000000276e-01 4.312630000000000075e-01 4.858790000000000053e-01
5.550000000000000000e+02 3.974320000000000075e-01 4.411140000000000061e-01 4.957380000000000120e-01
5.560000000000000000e+02 3.897550000000000181e-01 4.334430000000000227e-01 4.880669999999999731e-01
5.570000000000000000e+02 3.912919999999999732e-01 4.350029999999999730e-01 4.896019999999999817e-01
5.580000000000000000e+02 3.987229999999999941e-01 4.423739999999999895e-01 4.970200000000000173e-01
5.590000000000000000e+02 3.990850000000000231e-01 4.427559999999999829e-01 4.974029999999999840e-01
5.600000000000000000e+02 3.878670000000000173e-01 4.315280000000000227e-01 4.861770000000000258e-01
5.610000000000000000e+02 3.860439999999999983e-01 4.297329999999999761e-01 4.843439999999999968e-01
5.620000000000000000e+02 3.892419999999999769e-01 4.329489999999999728e-01 4.875479999999999814e-01
5.630000000000000000e+02 3.844580000000000219e-01 4.281079999999999885e-01 4.827679999999999749e-01
5.640000000000000000e+02 3.804850000000000176e-01 4.241489999999999982e-01 4.788000000000000034e-01
5.650000000000000000e+02 3.922869999999999968e-01 4.359469999999999734e-01 4.905880000000000241e-01
5.660000000000000000e+02 3.858159999999999923e-01 4.295100000000000029e-01 4.841329999999999800e-01
5.670000000000000000e+02 4.051130000000000009e-01 4.487570000000000170e-01 5.034279999999999866e-01
5.680000000000000000e+02 3.870520000000000072e-01 4.307449999999999890e-01 4.853729999999999989e-01
5.690000000000000000e+02 3.901780000000000248e-01 4.338870000000000227e-01 4.884930000000000105e-01
5.700000000000000000e+02 3.971790000000000043e-01 4.408500000000000196e-01 4.954919999999999880e-01
5.710000000000000000e+02 3.748639999999999750e-01 4.185679999999999956e-01 4.731830000000000203e-01
5.720000000000000000e+02 3.800689999999999902e-01 4.237589999999999968e-01 4.783890000000000087e-01
5.730000000000000000e+02 3.812619999999999898e-01 4.248819999999999819e-01 4.795730000000000270e-01
5.740000000000000000e+02 4.112680000000000224e-01 4.549489999999999923e-01 5.095880000000000409e-01
5.750000000000000000e+02 3.884980000000000100e-01 4.321670000000000234e-01 4.868109999999999937e-01
5.760000000000000000e+02 3.949520000000000253e-01 4.386120000000000019e-01 4.932549999999999990e-01
5.770000000000000000e+02 3.993749999999999800e-01 4.430259999999999754e-01 4.976769999999999805e-01
5.780000000000000000e+02 3.804859999999999909e-01 4.241670000000000162e-01 4.788049999999999806e-01
5.790000000000000000e+02 4.053780000000000161e-01 4.490279999999999827e-01 5.036880000000000246e-01
5.800000000000000000e+02 3.873360000000000136e-01 4.310189999999999855e-01 4.856509999999999994e-01
5.810000000000000000e+02 3.968610000000000193e-01 4.404939999999999967e-01 4.951659999999999950e-01
5.820000000000000000e+02 4.008140000000000036e-01 4.444899999999999962e-01 4.991249999999999853e-01
5.830000000000000000e+02 3.900270000000000126e-01 4.337030000000000052e-01 4.883339999999999903e-01
5.840000000000000000e+02 3.826149999999999829e-01 4.262409999999999810e-01 4.809249999999999914e-01
5.850000000000000000e+02 4.048100000000000032e-01 4.484630000000000005e-01 5.031139999999999501e-01
5.860000000000000000e+02 3.902930000000000010e-01 4.339120000000000199e-01 4.885880000000000223e-01
5.870000000000000000e+02 3.875469999999999748e-01 4.312250000000000250e-01 4.858580000000000121e-01
5.880000000000000000e+02 3.915910000000000224e-01 4.352380000000000138e-01 4.898970000000000269e-01
5.890000000000000000e+02 3.857780000000000098e-01 4.293989999999999752e-01 4.840809999999999835e-01
5.900000000000000000e+02 3.933320000000000149e-01 4.369810000000000083e-01 4.916340000000000154e-01
5.910000000000000000e+02 3.959759999999999946e-01 4.396180000000000088e-01 4.942869999999999764e-01
5.920000000000000000e+02 3.957890000000000019e-01 4.394239999999999813e-01 4.940959999999999797e-01
5.930000000000000000e+02 3.955679999999999752e-01 4.392710000000000226e-01 4.938770000000000104e-01
5.940000000000000000e+02 3.932899999999999729e-01 4.369160000000000266e-01 4.915939999999999754e-01
5.950000000000000000e+02 3.837200000000000055e-01 4.274160000000000181e-01 4.820329999999999893e-01
5.960000000000000000e+02 3.952300000000000257e-01 4.389040000000000163e-01 4.935399999999999787e-01
5.970000000000000000e+02 3.998800000000000132e-01 4.435490000000000266e-01 4.981900000000000217e-01
5.980000000000000000e+02 4.001069999999999904e-01 4.436809999999999921e-01 4.984100000000000197e-01
5.990000000000000000e+02 3.968140000000000001e-01 4.405470000000000219e-01 4.951180000000000025e-01
6.000000000000000000e+02 3.918070000000000164e-01 4.354169999999999985e-01 4.901119999999999921e-01
6.010000000000000000e+02 3.897660000000000013e-01 4.333910000000000262e-01 4.880689999999999751e-01
6.020000000000000000e+02 3.910739999999999772e-01 4.347449999999999926e-01 4.893839999999999857e-01
6.030000000000000000e+02 3.850799999999999779e-01 4.287250000000000227e-01 4.833859999999999824e-01
6.040000000000000000e+02 4.024690000000000212e-01 4.461260000000000225e-01 5.007850000000000357e-01
6.050000000000000000e+02 3.964599999999999791e-01 4.400819999999999732e-01 4.947699999999999876e-01
6.060000000000000000e+02 3.980589999999999962e-01 4.417179999999999995e-01 4.963699999999999779e-01
6.070000000000000000e+02 4.041620000000000212e-01 4.477709999999999746e-01 5.024760000000000337e-01
6.080000000000000000e+02 3.885700000000000265e-01 4.322639999999999816e-01 4.868790000000000062e-01
6.090000000000000000e+02 3.901819999999999733e-01 4.337380000000000124e-01 4.884800000000000253e-01
6.100000000000000000e+02 3.925150000000000028e-01 4.361940000000000262e-01 4.908290000000000153e-01
6.110000000000000000e+02 3.914349999999999774e-01 4.350439999999999863e-01 4.897400000000000087e-01
6.120000000000000000e+02 4.018459999999999810e-01 4.454870000000000219e-01 5.001670000000000282e-01
6.130000000000000000e+02 3.798619999999999775e-01 4.235110000000000263e-01 4.781790000000000207e-01
6.140000000000000000e+02 4.005500000000000171e-01 4.441609999999999725e-01 4.988639999999999741e-01
6.150000000000000000e+02 3.906819999999999737e-01 4.343299999999999939e-01 4.889879999999999782e-01
6.160000000000000000e+02 3.993950000000000000e-01 4.429899999999999949e-01 4.977010000000000045e-01
6.170000000000000000e+02 3.863500000000000267e-01 4.299470000000000236e-01 4.846539999999999737e-01
6.180000000000000000e+02 3.919360000000000066e-01 4.355430000000000135e-01 4.902420000000000111e-01
6.190000000000000000e+02 3.958679999999999977e-01 4.395350000000000090e-01 4.941769999999999774e-01
6.200000000000000000e+02 3.918329999999999869e-01 4.354419999999999957e-01 4.901429999999999954e-01
6.210000000000000000e+02 3.868949999999999889e-01 4.305320000000000258e-01 4.852090000000000014e-01
6.220000000000000000e+02 4.077470000000000261e-01 4.513409999999999922e-01 5.060639999999999583e-01
6.230000000000000000e+02 3.953720000000000012e-01 4.389810000000000101e-01 4.936820000000000097e-01
6.240000000000000000e+02 3.950489999999999835e-01 4.386650000000000271e-01 4.933679999999999732e-01
6.250000000000000000e+02 3.951140000000000208e-01 4.387869999999999826e-01 4.934310000000000085e-01
6.260000000000000000e+02 4.046270000000000144e-01 4.482510000000000105e-01 5.029519999999999547e-01
6.270000000000000000e+02 3.953659999999999952e-01 4.389680000000000248e-01 4.936729999999999730e-01
6.280000000000000000e+02 3.934920000000000084e-01 4.370569999999999733e-01 4.917949999999999822e-01
6.290000000000000000e+02 3.972160000000000135e-01 4.408320000000000016e-01 4.955229999999999912e-01
6.300000000000000000e+02 4.016429999999999723e-01 4.452599999999999891e-01 4.999500000000000055e-01
6.310000000000000000e+02 3.947979999999999823e-01 4.383969999999999811e-01 4.931099999999999928e-01
6.320000000000000000e+02 3.974690000000000167e-01 4.411300000000000221e-01 4.957810000000000272e-01
6.330000000000000000e+02 3.833960000000000146e-01 4.269950000000000134e-01 4.817060000000000231e-01
6.340000000000000000e+02 4.023169999999999802e-01 4.459400000000000031e-01 5.006270000000000442e-01
6.350000000000000000e+02 3.991299999999999848e-01 4.427360000000000184e-01 4.974430000000000240e-01
6.360000000000000000e+02 3.902079999999999993e-01 4.338469999999999827e-01 4.885120000000000018e-01
6.370000000000000000e+02 4.140989999999999949e-01 4.576930000000000165e-01 5.124119999999999786e-01
6.380000000000000000e+02 3.792440000000000255e-01 4.228529999999999789e-01 4.775610000000000133e-01
6.390000000000000000e+02 3.980859999999999954e-01 4.417099999999999915e-01 4.963960000000000039e-01
6.400000000000000000e+02 4.115480000000000249e-01 4.551439999999999930e-01 5.098719999999999919e-01
6.410000000000000000e+02 3.852130000000000276e-01 4.288379999999999970e-01 4.835260000000000113e-01
6.420000000000000000e+02 4.032680000000000153e-01 4.468599999999999794e-01 5.015779999999999683e-01
6.430000000000000000e+02 3.893019999999999814e-01 4.328940000000000010e-01 4.876110000000000166e-01
6.440000000000000000e+02 3.918619999999999881e-01 4.355370000000000075e-01 4.901719999999999966e-01
6.450000000000000000e+02 4.067250000000000032e-01 4.503670000000000173e-01 5.050350000000000117e-01
6.460000000000000000e+02 3.977100000000000080e-01 4.413270000000000248e-01 4.960209999999999897e-01
6.470000000000000000e+02 3.987439999999999873e-01 4.423790000000000222e-01 4.970609999999999751e-01
6.480000000000000000e+02 3.993110000000000270e-01 4.428929999999999811e-01 4.976180000000000048e-01
6.490000000000000000e+02 3.975290000000000212e-01 4.411320000000000241e-01 4.958409999999999762e-01
6.500000000000000000e+02 3.897680000000000033e-01 4.333560000000000190e-01 4.880720000000000058e-01
6.510000000000000000e+02 3.912050000000000249e-01 4.347980000000000178e-01 4.895120000000000027e-01
6.520000000000000000e+02 3.991089999999999915e-01 4.427479999999999749e-01 4.974140000000000228e-01
6.530000000000000000e+02 4.080860000000000043e-01 4.516910000000000092e-01 5.064049999999999940e-01
6.540000000000000000e+02 3.961600000000000121e-01 4.397449999999999970e-01 4.944700000000000206e-01
6.550000000000000000e+02 3.977450000000000152e-01 4.413509999999999933e-01 4.960600000000000009e-01
6.560000000000000000e+02 3.860669999999999935e-01 4.296639999999999904e-01 4.843729999999999980e-01
6.570000000000000000e+02 3.923409999999999953e-01 4.359259999999999802e-01 4.906479999999999730e-01
6.580000000000000000e+02 4.032890000000000086e-01 4.468909999999999827e-01 5.016140000000000043e-01
6.590000000000000000e+02 4.014199999999999990e-01 4.450419999999999932e-01 4.997249999999999748e-01
6.600000000000000000e+02 4.064249999999999807e-01 4.500179999999999736e-01 5.047350000000000447e-01
6.610000000000000000e+02 3.984590000000000076e-01 4.420680000000000165e-01 4.967610000000000081e-01
6.620000000000000000e+02 4.091179999999999817e-01 4.526990000000000181e-01 5.074370000000000269e-01
6.630000000000000000e+02 4.007629999999999804e-01 4.443659999999999832e-01 4.990680000000000116e-01
6.640000000000000000e+02 3.914699999999999847e-01 4.350780000000000203e-01 4.897699999999999831e-01
6.650000000000000000e+02 3.825609999999999844e-01 4.261510000000000020e-01 4.808729999999999949e-01
6.660000000000000000e+02 3.989260000000000028e-01 4.425020000000000064e-01 4.972280000000000033e-01
6.670000000000000000e+02 3.900060000000000193e-01 4.336249999999999827e-01 4.883069999999999911e-01
6.680000000000000000e+02 3.969300000000000050e-01 4.405350000000000099e-01 4.952369999999999828e-01
6.690000000000000000e+02 4.022600000000000064e-01 4.458260000000000001e-01 5.005730000000000457e-01
6.700000000000000000e+02 3.975560000000000205e-01 4.411680000000000046e-01 4.958650000000000002e-01
6.710000000000000000e+02 3.924170000000000158e-01 4.360419999999999852e-01 4.907230000000000203e-01
6.720000000000000000e+02 4.055849999999999733e-01 4.491629999999999789e-01 5.038909999999999778e-01
6.730000000000000000e+02 3.976210000000000022e-01 4.412030000000000118e-01 4.959339999999999860e-01
6.740000000000000000e+02 3.967390000000000083e-01 4.403560000000000252e-01 4.950450000000000128e-01
6.750000000000000000e+02 3.853719999999999923e-01 4.289709999999999912e-01 4.836849999999999761e-01
6.760000000000000000e+02 3.946740000000000248e-01 4.382619999999999849e-01 4.929819999999999758e-01
6.770000000000000000e+02 3.892720000000000069e-01 4.328770000000000118e-01 4.875829999999999886e-01
6.780000000000000000e+02 3.939340000000000064e-01 4.374919999999999920e-01 4.922400000000000109e-01
6.790000000000000000e+02 3.910310000000000175e-01 4.346249999999999836e-01 4.893350000000000199e-01
6.800000000000000000e+02 3.952879999999999727e-01 4.388920000000000043e-01 4.936030000000000140e-01
6.810000000000000000e+02 3.908229999999999760e-01 4.343629999999999991e-01 4.891260000000000052e-01
6.820000000000000000e+02 4.016859999999999875e-01 4.452729999999999744e-01 5.000000000000000000e-01
6.830000000000000000e+02 3.986350000000000171e-01 4.422349999999999892e-01 4.969430000000000236e-01
6.840000000000000000e+02 3.952140000000000097e-01 4.387989999999999946e-01 4.935249999999999915e-01
6.850000000000000000e+02 3.882970000000000033e-01 4.318779999999999841e-01 4.866099999999999870e-01
6.860000000000000000e+02 3.825600000000000112e-01 4.261469999999999980e-01 4.808780000000000276e-01
6.870000000000000000e+02 4.069900000000000184e-01 4.505779999999999785e-01 5.052969999999999962e-01
6.880000000000000000e+02 4.006730000000000014e-01 4.442400000000000237e-01 4.989839999999999831e-01
6.890000000000000000e+02 3.966930000000000178e-01 4.402530000000000054e-01 4.949999999999999956e-01
6.900000000000000000e+02 3.877570000000000183e-01 4.313529999999999864e-01 4.860700000000000021e-01
6.910000000000000000e+02 4.150820000000000065e-01 4.586330000000000129e-01 5.134020000000000250e-01
6.920000000000000000e+02 3.924070000000000058e-01 4.359899999999999887e-01 4.907099999999999795e-01
6.930000000000000000e+02 3.941689999999999916e-01 4.377409999999999912e-01 4.924700000000000188e-01
6.940000000000000000e+02 3.943349999999999911e-01 4.379170000000000007e-01 4.926360000000000183e-01
6.950000000000000000e+02 3.871839999999999726e-01 4.308000000000000163e-01 4.854910000000000059e-01
6.960000000000000000e+02 3.936180000000000234e-01 4.371590000000000198e-01 4.919220000000000259e-01
6.970000000000000000e+02 3.984579999999999789e-01 4.419890000000000208e-01 4.967579999999999774e-01
6.980000000000000000e+02 4.002629999999999799e-01 4.438259999999999983e-01 4.985680000000000112e-01
6.990000000000000000e+02 3.926859999999999795e-01 4.362789999999999724e-01 4.909850000000000048e-01
7.000000000000000000e+02 4.101949999999999763e-01 4.537289999999999934e-01 5.085049999999999848e-01
7.010000000000000000e+02 3.875419999999999976e-01 4.310840000000000227e-01 4.858399999999999941e-01
7.020000000000000000e+02 4.032299999999999773e-01 4.467510000000000092e-01 5.015340000000000353e-01
7.030000000000000000e+02 3.893679999999999919e-01 4.328469999999999818e-01 4.876559999999999784e-01
7.040000000000000000e+02 4.104999999999999760e-01 4.540000000000000147e-01 5.088030000000000053e-01
7.050000000000000000e+02 4.019190000000000262e-01 4.453779999999999961e-01 5.002189999999999692e-01
7.060000000000000000e+02 4.059860000000000135e-01 4.494380000000000042e-01 5.042870000000000408e-01
7.070000000000000000e+02 4.126040000000000263e-01 4.560330000000000217e-01 5.108979999999999633e-01
7.080000000000000000e+02 4.049650000000000194e-01 4.483809999999999740e-01 5.032619999999999871e-01
7.090000000000000000e+02 4.029599999999999849e-01 4.463940000000000130e-01 5.012609999999999566e-01
7.100000000000000000e+02 4.097640000000000171e-01 4.531720000000000192e-01 5.080599999999999561e-01
7.110000000000000000e+02 4.036879999999999913e-01 4.471029999999999727e-01 5.019879999999999898e-01
7.120000000000000000e+02 4.087990000000000235e-01 4.522010000000000196e-01 5.070959999999999912e-01
7.130000000000000000e+02 4.059490000000000043e-01 4.493550000000000044e-01 5.042489999999999473e-01
7.140000000000000000e+02 4.093319999999999736e-01 4.527439999999999798e-01 5.076289999999999969e-01
7.150000000000000000e+02 4.095809999999999729e-01 4.529920000000000058e-01 5.078789999999999694e-01
7.160000000000000000e+02 4.096400000000000041e-01 4.530520000000000103e-01 5.079369999999999719e-01
7.170000000000000000e+02 4.096400000000000041e-01 4.530520000000000103e-01 5.079369999999999719e-01
7.180000000000000000e+02 4.096400000000000041e-01 4.530520000000000103e-01 5.079369999999999719e-01
7.190000000000000000e+02 4.096400000000000041e-01 4.530520000000000103e-01 5.079369999999999719e-01
7.200000000000000000e+02 4.096400000000000041e-01 4.530520000000000103e-01 5.079369999999999719e-01
7.210000000000000000e+02 4.096400000000000041e-01 4.530520000000000103e-01 5.079369999999999719e-01
7.220000000000000000e+02 4.096400000000000041e-01 4.530520000000000103e-01 5.079369999999999719e-01
7.230000000000000000e+02 4.096400000000000041e-01 4.530520000000000103e-01 5.079369999999999719e-01
7.240000000000000000e+02 4.096400000000000041e-01 4.530520000000000103e-01 5.079369999999999719e-01
7.250000000000000000e+02 4.096400000000000041e-01 4.530520000000000103e-01 5.079369999999999719e-01
7.260000000000000000e+02 4.096400000000000041e-01 4.530520000000000103e-01 5.079369999999999719e-01
7.270000000000000000e+02 4.096400000000000041e-01 4.530520000000000103e-01 5.079369999999999719e-01
7.280000000000000000e+02 4.096400000000000041e-01 4.530520000000000103e-01 5.079369999999999719e-01
7.290000000000000000e+02 4.096400000000000041e-01 4.530520000000000103e-01 5.079369999999999719e-01
7.300000000000000000e+02 4.096400000000000041e-01 4.530520000000000103e-01 5.079369999999999719e-01
7.310000000000000000e+02 4.096400000000000041e-01 4.530520000000000103e-01 5.079369999999999719e-01
7.320000000000000000e+02 4.096400000000000041e-01 4.530520000000000103e-01 5.079369999999999719e-01
7.330000000000000000e+02 4.096400000000000041e-01 4.530520000000000103e-01 5.079369999999999719e-01
7.340000000000000000e+02 4.096400000000000041e-01 4.530520000000000103e-01 5.079369999999999719e-01
7.350000000000000000e+02 4.096400000000000041e-01 4.530520000000000103e-01 5.079369999999999719e-01
7.360000000000000000e+02 4.096400000000000041e-01 4.530520000000000103e-01 5.079369999999999719e-01
7.370000000000000000e+02 4.096400000000000041e-01 4.530520000000000103e-01 5.079369999999999719e-01
7.380000000000000000e+02 4.096400000000000041e-01 4.530520000000000103e-01 5.079369999999999719e-01
7.390000000000000000e+02 4.096400000000000041e-01 4.530520000000000103e-01 5.079369999999999719e-01
7.400000000000000000e+02 4.096400000000000041e-01 4.530520000000000103e-01 5.079369999999999719e-01
7.410000000000000000e+02 4.096400000000000041e-01 4.530520000000000103e-01 5.079369999999999719e-01
7.420000000000000000e+02 4.096400000000000041e-01 4.530520000000000103e-01 5.079369999999999719e-01
7.430000000000000000e+02 4.096400000000000041e-01 4.530520000000000103e-01 5.079369999999999719e-01
7.440000000000000000e+02 4.096400000000000041e-01 4.530520000000000103e-01 5.079369999999999719e-01
7.450000000000000000e+02 4.096400000000000041e-01 4.530520000000000103e-01 5.079369999999999719e-01
7.460000000000000000e+02 4.096400000000000041e-01 4.530520000000000103e-01 5.079369999999999719e-01
7.470000000000000000e+02 4.096400000000000041e-01 4.530520000000000103e-01 5.079369999999999719e-01
7.480000000000000000e+02 4.096400000000000041e-01 4.530520000000000103e-01 5.079369999999999719e-01
7.490000000000000000e+02 4.096400000000000041e-01 4.530520000000000103e-01 5.079369999999999719e-01
7.500000000000000000e+02 4.096400000000000041e-01 4.530520000000000103e-01 5.079369999999999719e-01
7.510000000000000000e+02 4.096400000000000041e-01 4.530520000000000103e-01 5.079369999999999719e-01
7.520000000000000000e+02 4.096400000000000041e-01 4.530520000000000103e-01 5.079369999999999719e-01
7.530000000000000000e+02 4.096400000000000041e-01 4.530520000000000103e-01 5.079369999999999719e-01
7.540000000000000000e+02 4.096400000000000041e-01 4.530520000000000103e-01 5.079369999999999719e-01
7.550000000000000000e+02 4.096400000000000041e-01 4.530520000000000103e-01 5.079369999999999719e-01
7.560000000000000000e+02 4.096400000000000041e-01 4.530520000000000103e-01 5.079369999999999719e-01
7.570000000000000000e+02 4.096400000000000041e-01 4.530520000000000103e-01 5.079369999999999719e-01
7.580000000000000000e+02 4.096400000000000041e-01 4.530520000000000103e-01 5.079369999999999719e-01
7.590000000000000000e+02 4.096400000000000041e-01 4.530520000000000103e-01 5.079369999999999719e-01
7.600000000000000000e+02 4.096400000000000041e-01 4.530520000000000103e-01 5.079369999999999719e-01
7.610000000000000000e+02 4.096400000000000041e-01 4.530520000000000103e-01 5.079369999999999719e-01
7.620000000000000000e+02 4.096400000000000041e-01 4.530520000000000103e-01 5.079369999999999719e-01
7.630000000000000000e+02 4.096400000000000041e-01 4.530520000000000103e-01 5.079369999999999719e-01
7.640000000000000000e+02 4.096400000000000041e-01 4.530520000000000103e-01 5.079369999999999719e-01
7.650000000000000000e+02 4.096400000000000041e-01 4.530520000000000103e-01 5.079369999999999719e-01
7.660000000000000000e+02 4.096400000000000041e-01 4.530520000000000103e-01 5.079369999999999719e-01
7.670000000000000000e+02 4.096400000000000041e-01 4.530520000000000103e-01 5.079369999999999719e-01
7.680000000000000000e+02 4.096400000000000041e-01 4.530520000000000103e-01 5.079369999999999719e-01
7.690000000000000000e+02 4.096400000000000041e-01 4.530520000000000103e-01 5.079369999999999719e-01
7.700000000000000000e+02 4.096400000000000041e-01 4.530520000000000103e-01 5.079369999999999719e-01
7.710000000000000000e+02 4.096400000000000041e-01 4.530520000000000103e-01 5.079369999999999719e-01
7.720000000000000000e+02 4.096400000000000041e-01 4.530520000000000103e-01 5.079369999999999719e-01
7.730000000000000000e+02 4.096400000000000041e-01 4.530520000000000103e-01 5.079369999999999719e-01
7.740000000000000000e+02 4.096400000000000041e-01 4.530520000000000103e-01 5.079369999999999719e-01
7.750000000000000000e+02 4.096400000000000041e-01 4.530520000000000103e-01 5.079369999999999719e-01
7.760000000000000000e+02 4.096400000000000041e-01 4.530520000000000103e-01 5.079369999999999719e-01
7.770000000000000000e+02 4.096400000000000041e-01 4.530520000000000103e-01 5.079369999999999719e-01
7.780000000000000000e+02 4.096400000000000041e-01 4.530520000000000103e-01 5.079369999999999719e-01
7.790000000000000000e+02 4.096400000000000041e-01 4.530520000000000103e-01 5.079369999999999719e-01
7.800000000000000000e+02 4.096400000000000041e-01 4.530520000000000103e-01 5.079369999999999719e-01
7.810000000000000000e+02 4.096400000000000041e-01 4.530520000000000103e-01 5.079369999999999719e-01
7.820000000000000000e+02 4.096400000000000041e-01 4.530520000000000103e-01 5.079369999999999719e-01
7.830000000000000000e+02 4.096400000000000041e-01 4.530520000000000103e-01 5.079369999999999719e-01
7.840000000000000000e+02 4.096400000000000041e-01 4.530520000000000103e-01 5.079369999999999719e-01
7.850000000000000000e+02 4.096400000000000041e-01 4.530520000000000103e-01 5.079369999999999719e-01
7.860000000000000000e+02 4.096400000000000041e-01 4.530520000000000103e-01 5.079369999999999719e-01
7.870000000000000000e+02 4.096400000000000041e-01 4.530520000000000103e-01 5.079369999999999719e-01
7.880000000000000000e+02 4.096400000000000041e-01 4.530520000000000103e-01 5.079369999999999719e-01
7.890000000000000000e+02 4.096400000000000041e-01 4.530520000000000103e-01 5.079369999999999719e-01
7.900000000000000000e+02 4.096400000000000041e-01 4.530520000000000103e-01 5.079369999999999719e-01
7.910000000000000000e+02 4.096400000000000041e-01 4.530520000000000103e-01 5.079369999999999719e-01
7.920000000000000000e+02 4.096400000000000041e-01 4.530520000000000103e-01 5.079369999999999719e-01
7.930000000000000000e+02 4.096400000000000041e-01 4.530520000000000103e-01 5.079369999999999719e-01
7.940000000000000000e+02 4.096400000000000041e-01 4.530520000000000103e-01 5.079369999999999719e-01
7.950000000000000000e+02 4.096400000000000041e-01 4.530520000000000103e-01 5.079369999999999719e-01
7.960000000000000000e+02 4.096400000000000041e-01 4.530520000000000103e-01 5.079369999999999719e-01
7.970000000000000000e+02 4.096400000000000041e-01 4.530520000000000103e-01 5.079369999999999719e-01
7.980000000000000000e+02 4.096400000000000041e-01 4.530520000000000103e-01 5.079369999999999719e-01
7.990000000000000000e+02 4.096400000000000041e-01 4.530520000000000103e-01 5.079369999999999719e-01
8.000000000000000000e+02 4.096400000000000041e-01 4.530520000000000103e-01 5.079369999999999719e-01
8.010000000000000000e+02 4.096400000000000041e-01 4.530520000000000103e-01 5.079369999999999719e-01
8.020000000000000000e+02 4.096400000000000041e-01 4.530520000000000103e-01 5.079369999999999719e-01
8.030000000000000000e+02 4.096400000000000041e-01 4.530520000000000103e-01 5.079369999999999719e-01
8.040000000000000000e+02 4.096400000000000041e-01 4.530520000000000103e-01 5.079369999999999719e-01
8.050000000000000000e+02 4.096400000000000041e-01 4.530520000000000103e-01 5.079369999999999719e-01
8.060000000000000000e+02 4.096400000000000041e-01 4.530520000000000103e-01 5.079369999999999719e-01
8.070000000000000000e+02 4.096400000000000041e-01 4.530520000000000103e-01 5.079369999999999719e-01
8.080000000000000000e+02 4.096400000000000041e-01 4.530520000000000103e-01 5.079369999999999719e-01
8.090000000000000000e+02 4.096400000000000041e-01 4.530520000000000103e-01 5.079369999999999719e-01
8.100000000000000000e+02 4.096400000000000041e-01 4.530520000000000103e-01 5.079369999999999719e-01
8.110000000000000000e+02 4.096400000000000041e-01 4.530520000000000103e-01 5.079369999999999719e-01
8.120000000000000000e+02 4.096400000000000041e-01 4.530520000000000103e-01 5.079369999999999719e-01
8.130000000000000000e+02 4.096400000000000041e-01 4.530520000000000103e-01 5.079369999999999719e-01
8.140000000000000000e+02 4.096400000000000041e-01 4.530520000000000103e-01 5.079369999999999719e-01
8.150000000000000000e+02 4.096400000000000041e-01 4.530520000000000103e-01 5.079369999999999719e-01
8.160000000000000000e+02 4.096400000000000041e-01 4.530520000000000103e-01 5.079369999999999719e-01
8.170000000000000000e+02 4.096400000000000041e-01 4.530520000000000103e-01 5.079369999999999719e-01
8.180000000000000000e+02 4.096400000000000041e-01 4.530520000000000103e-01 5.079369999999999719e-01
8.190000000000000000e+02 4.096400000000000041e-01 4.530520000000000103e-01 5.079369999999999719e-01
8.200000000000000000e+02 4.096400000000000041e-01 4.530520000000000103e-01 5.079369999999999719e-01
8.210000000000000000e+02 4.096400000000000041e-01 4.530520000000000103e-01 5.079369999999999719e-01
8.220000000000000000e+02 4.096400000000000041e-01 4.530520000000000103e-01 5.079369999999999719e-01
8.230000000000000000e+02 4.096400000000000041e-01 4.530520000000000103e-01 5.079369999999999719e-01
8.240000000000000000e+02 4.096400000000000041e-01 4.530520000000000103e-01 5.079369999999999719e-01
8.250000000000000000e+02 4.096400000000000041e-01 4.530520000000000103e-01 5.079369999999999719e-01
8.260000000000000000e+02 4.096400000000000041e-01 4.530520000000000103e-01 5.079369999999999719e-01
8.270000000000000000e+02 4.096400000000000041e-01 4.530520000000000103e-01 5.079369999999999719e-01
8.280000000000000000e+02 4.096400000000000041e-01 4.530520000000000103e-01 5.079369999999999719e-01
8.290000000000000000e+02 4.096400000000000041e-01 4.530520000000000103e-01 5.079369999999999719e-01
8.300000000000000000e+02 4.096400000000000041e-01 4.530520000000000103e-01 5.079369999999999719e-01
8.310000000000000000e+02 4.096400000000000041e-01 4.530520000000000103e-01 5.079369999999999719e-01
8.320000000000000000e+02 4.096400000000000041e-01 4.530520000000000103e-01 5.079369999999999719e-01
8.330000000000000000e+02 4.096400000000000041e-01 4.530520000000000103e-01 5.079369999999999719e-01
8.340000000000000000e+02 4.096400000000000041e-01 4.530520000000000103e-01 5.079369999999999719e-01
8.350000000000000000e+02 4.096400000000000041e-01 4.530520000000000103e-01 5.079369999999999719e-01
8.360000000000000000e+02 4.096400000000000041e-01 4.530520000000000103e-01 5.079369999999999719e-01
8.370000000000000000e+02 4.096400000000000041e-01 4.530520000000000103e-01 5.079369999999999719e-01
8.380000000000000000e+02 4.096400000000000041e-01 4.530520000000000103e-01 5.079369999999999719e-01
8.390000000000000000e+02 4.096400000000000041e-01 4.530520000000000103e-01 5.079369999999999719e-01
8.400000000000000000e+02 4.096400000000000041e-01 4.530520000000000103e-01 5.079369999999999719e-01
8.410000000000000000e+02 4.096400000000000041e-01 4.530520000000000103e-01 5.079369999999999719e-01
8.420000000000000000e+02 4.096400000000000041e-01 4.530520000000000103e-01 5.079369999999999719e-01
8.430000000000000000e+02 4.096400000000000041e-01 4.530520000000000103e-01 5.079369999999999719e-01
8.440000000000000000e+02 4.096400000000000041e-01 4.530520000000000103e-01 5.079369999999999719e-01
8.450000000000000000e+02 4.096400000000000041e-01 4.530520000000000103e-01 5.079369999999999719e-01
8.460000000000000000e+02 4.096400000000000041e-01 4.530520000000000103e-01 5.079369999999999719e-01
8.470000000000000000e+02 4.096400000000000041e-01 4.530520000000000103e-01 5.079369999999999719e-01
8.480000000000000000e+02 4.096400000000000041e-01 4.530520000000000103e-01 5.079369999999999719e-01
8.490000000000000000e+02 4.096400000000000041e-01 4.530520000000000103e-01 5.079369999999999719e-01
8.500000000000000000e+02 4.096400000000000041e-01 4.530520000000000103e-01 5.079369999999999719e-01
8.510000000000000000e+02 4.096400000000000041e-01 4.530520000000000103e-01 5.079369999999999719e-01
8.520000000000000000e+02 4.096400000000000041e-01 4.530520000000000103e-01 5.079369999999999719e-01
8.530000000000000000e+02 4.096400000000000041e-01 4.530520000000000103e-01 5.079369999999999719e-01
8.540000000000000000e+02 4.096400000000000041e-01 4.530520000000000103e-01 5.079369999999999719e-01
8.550000000000000000e+02 4.096400000000000041e-01 4.530520000000000103e-01 5.079369999999999719e-01
8.560000000000000000e+02 4.096400000000000041e-01 4.530520000000000103e-01 5.079369999999999719e-01
8.570000000000000000e+02 4.096400000000000041e-01 4.530520000000000103e-01 5.079369999999999719e-01
8.580000000000000000e+02 4.096400000000000041e-01 4.530520000000000103e-01 5.079369999999999719e-01
8.590000000000000000e+02 4.096400000000000041e-01 4.530520000000000103e-01 5.079369999999999719e-01
8.600000000000000000e+02 4.096400000000000041e-01 4.530520000000000103e-01 5.079369999999999719e-01
8.610000000000000000e+02 4.096400000000000041e-01 4.530520000000000103e-01 5.079369999999999719e-01
8.620000000000000000e+02 4.096400000000000041e-01 4.530520000000000103e-01 5.079369999999999719e-01
8.630000000000000000e+02 4.096400000000000041e-01 4.530520000000000103e-01 5.079369999999999719e-01
8.640000000000000000e+02 4.096400000000000041e-01 4.530520000000000103e-01 5.079369999999999719e-01
8.650000000000000000e+02 4.096400000000000041e-01 4.530520000000000103e-01 5.079369999999999719e-01
8.660000000000000000e+02 4.096400000000000041e-01 4.530520000000000103e-01 5.079369999999999719e-01
8.670000000000000000e+02 4.096400000000000041e-01 4.530520000000000103e-01 5.079369999999999719e-01
8.680000000000000000e+02 4.096400000000000041e-01 4.530520000000000103e-01 5.079369999999999719e-01
8.690000000000000000e+02 4.096400000000000041e-01 4.530520000000000103e-01 5.079369999999999719e-01
8.700000000000000000e+02 4.096400000000000041e-01 4.530520000000000103e-01 5.079369999999999719e-01
8.710000000000000000e+02 4.096400000000000041e-01 4.530520000000000103e-01 5.079369999999999719e-01
8.720000000000000000e+02 4.096400000000000041e-01 4.530520000000000103e-01 5.079369999999999719e-01
8.730000000000000000e+02 4.096400000000000041e-01 4.530520000000000103e-01 5.079369999999999719e-01
8.740000000000000000e+02 4.096400000000000041e-01 4.530520000000000103e-01 5.079369999999999719e-01
8.750000000000000000e+02 4.096400000000000041e-01 4.530520000000000103e-01 5.079369999999999719e-01
8.760000000000000000e+02 4.096400000000000041e-01 4.530520000000000103e-01 5.079369999999999719e-01
8.770000000000000000e+02 4.096400000000000041e-01 4.530520000000000103e-01 5.079369999999999719e-01
8.780000000000000000e+02 4.096400000000000041e-01 4.530520000000000103e-01 5.079369999999999719e-01
8.790000000000000000e+02 4.096400000000000041e-01 4.530520000000000103e-01 5.079369999999999719e-01
8.800000000000000000e+02 4.096400000000000041e-01 4.530520000000000103e-01 5.079369999999999719e-01
8.810000000000000000e+02 4.096400000000000041e-01 4.530520000000000103e-01 5.079369999999999719e-01
8.820000000000000000e+02 4.096400000000000041e-01 4.530520000000000103e-01 5.079369999999999719e-01
8.830000000000000000e+02 4.096400000000000041e-01 4.530520000000000103e-01 5.079369999999999719e-01
8.840000000000000000e+02 4.096400000000000041e-01 4.530520000000000103e-01 5.079369999999999719e-01
8.850000000000000000e+02 4.096400000000000041e-01 4.530520000000000103e-01 5.079369999999999719e-01
8.860000000000000000e+02 4.096400000000000041e-01 4.530520000000000103e-01 5.079369999999999719e-01
8.870000000000000000e+02 4.096400000000000041e-01 4.530520000000000103e-01 5.079369999999999719e-01
8.880000000000000000e+02 4.096400000000000041e-01 4.530520000000000103e-01 5.079369999999999719e-01
8.890000000000000000e+02 4.096400000000000041e-01 4.530520000000000103e-01 5.079369999999999719e-01
8.900000000000000000e+02 4.096400000000000041e-01 4.530520000000000103e-01 5.079369999999999719e-01
8.910000000000000000e+02 4.096400000000000041e-01 4.530520000000000103e-01 5.079369999999999719e-01
8.920000000000000000e+02 4.096400000000000041e-01 4.530520000000000103e-01 5.079369999999999719e-01
8.930000000000000000e+02 4.096400000000000041e-01 4.530520000000000103e-01 5.079369999999999719e-01
8.940000000000000000e+02 4.096400000000000041e-01 4.530520000000000103e-01 5.079369999999999719e-01
8.950000000000000000e+02 4.096400000000000041e-01 4.530520000000000103e-01 5.079369999999999719e-01
8.960000000000000000e+02 4.096400000000000041e-01 4.530520000000000103e-01 5.079369999999999719e-01
8.970000000000000000e+02 4.096400000000000041e-01 4.530520000000000103e-01 5.079369999999999719e-01
8.980000000000000000e+02 4.096400000000000041e-01 4.530520000000000103e-01 5.079369999999999719e-01
8.990000000000000000e+02 4.096400000000000041e-01 4.530520000000000103e-01 5.079369999999999719e-01
9.000000000000000000e+02 4.096400000000000041e-01 4.530520000000000103e-01 5.079369999999999719e-01
9.010000000000000000e+02 4.096400000000000041e-01 4.530520000000000103e-01 5.079369999999999719e-01
9.020000000000000000e+02 4.096400000000000041e-01 4.530520000000000103e-01 5.079369999999999719e-01
9.030000000000000000e+02 4.096400000000000041e-01 4.530520000000000103e-01 5.079369999999999719e-01
9.040000000000000000e+02 4.096400000000000041e-01 4.530520000000000103e-01 5.079369999999999719e-01
9.050000000000000000e+02 4.096400000000000041e-01 4.530520000000000103e-01 5.079369999999999719e-01
9.060000000000000000e+02 4.096400000000000041e-01 4.530520000000000103e-01 5.079369999999999719e-01
9.070000000000000000e+02 4.096400000000000041e-01 4.530520000000000103e-01 5.079369999999999719e-01
9.080000000000000000e+02 4.096400000000000041e-01 4.530520000000000103e-01 5.079369999999999719e-01
9.090000000000000000e+02 4.096400000000000041e-01 4.530520000000000103e-01 5.079369999999999719e-01
9.100000000000000000e+02 4.096400000000000041e-01 4.530520000000000103e-01 5.079369999999999719e-01
9.110000000000000000e+02 4.096400000000000041e-01 4.530520000000000103e-01 5.079369999999999719e-01
9.120000000000000000e+02 4.096400000000000041e-01 4.530520000000000103e-01 5.079369999999999719e-01
9.130000000000000000e+02 4.096400000000000041e-01 4.530520000000000103e-01 5.079369999999999719e-01
9.140000000000000000e+02 4.096400000000000041e-01 4.530520000000000103e-01 5.079369999999999719e-01
9.150000000000000000e+02 4.096400000000000041e-01 4.530520000000000103e-01 5.079369999999999719e-01
9.160000000000000000e+02 4.096400000000000041e-01 4.530520000000000103e-01 5.079369999999999719e-01
9.170000000000000000e+02 4.096400000000000041e-01 4.530520000000000103e-01 5.079369999999999719e-01
9.180000000000000000e+02 4.096400000000000041e-01 4.530520000000000103e-01 5.079369999999999719e-01
9.190000000000000000e+02 4.096400000000000041e-01 4.530520000000000103e-01 5.079369999999999719e-01
9.200000000000000000e+02 4.096400000000000041e-01 4.530520000000000103e-01 5.079369999999999719e-01
9.210000000000000000e+02 4.096400000000000041e-01 4.530520000000000103e-01 5.079369999999999719e-01
9.220000000000000000e+02 4.096400000000000041e-01 4.530520000000000103e-01 5.079369999999999719e-01
9.230000000000000000e+02 4.096400000000000041e-01 4.530520000000000103e-01 5.079369999999999719e-01
9.240000000000000000e+02 4.096400000000000041e-01 4.530520000000000103e-01 5.079369999999999719e-01
9.250000000000000000e+02 4.096400000000000041e-01 4.530520000000000103e-01 5.079369999999999719e-01
9.260000000000000000e+02 4.096400000000000041e-01 4.530520000000000103e-01 5.079369999999999719e-01
9.270000000000000000e+02 4.096400000000000041e-01 4.530520000000000103e-01 5.079369999999999719e-01
9.280000000000000000e+02 4.096400000000000041e-01 4.530520000000000103e-01 5.079369999999999719e-01
9.290000000000000000e+02 4.096400000000000041e-01 4.530520000000000103e-01 5.079369999999999719e-01
9.300000000000000000e+02 4.096400000000000041e-01 4.530520000000000103e-01 5.079369999999999719e-01
9.310000000000000000e+02 4.096400000000000041e-01 4.530520000000000103e-01 5.079369999999999719e-01
9.320000000000000000e+02 4.096400000000000041e-01 4.530520000000000103e-01 5.079369999999999719e-01
9.330000000000000000e+02 4.096400000000000041e-01 4.530520000000000103e-01 5.079369999999999719e-01
9.340000000000000000e+02 4.096400000000000041e-01 4.530520000000000103e-01 5.079369999999999719e-01
9.350000000000000000e+02 4.096400000000000041e-01 4.530520000000000103e-01 5.079369999999999719e-01
9.360000000000000000e+02 4.096400000000000041e-01 4.530520000000000103e-01 5.079369999999999719e-01
9.370000000000000000e+02 4.096400000000000041e-01 4.530520000000000103e-01 5.079369999999999719e-01
9.380000000000000000e+02 4.096400000000000041e-01 4.530520000000000103e-01 5.079369999999999719e-01
9.390000000000000000e+02 4.096400000000000041e-01 4.530520000000000103e-01 5.079369999999999719e-01
9.400000000000000000e+02 4.096400000000000041e-01 4.530520000000000103e-01 5.079369999999999719e-01
9.410000000000000000e+02 4.096400000000000041e-01 4.530520000000000103e-01 5.079369999999999719e-01
9.420000000000000000e+02 4.096400000000000041e-01 4.530520000000000103e-01 5.079369999999999719e-01
9.430000000000000000e+02 4.096400000000000041e-01 4.530520000000000103e-01 5.079369999999999719e-01
9.440000000000000000e+02 4.096400000000000041e-01 4.530520000000000103e-01 5.079369999999999719e-01
9.450000000000000000e+02 4.096400000000000041e-01 4.530520000000000103e-01 5.079369999999999719e-01
9.460000000000000000e+02 4.096400000000000041e-01 4.530520000000000103e-01 5.079369999999999719e-01
9.470000000000000000e+02 4.096400000000000041e-01 4.530520000000000103e-01 5.079369999999999719e-01
9.480000000000000000e+02 4.096400000000000041e-01 4.530520000000000103e-01 5.079369999999999719e-01
9.490000000000000000e+02 4.096400000000000041e-01 4.530520000000000103e-01 5.079369999999999719e-01
9.500000000000000000e+02 4.096400000000000041e-01 4.530520000000000103e-01 5.079369999999999719e-01
9.510000000000000000e+02 4.096400000000000041e-01 4.530520000000000103e-01 5.079369999999999719e-01
9.520000000000000000e+02 4.096400000000000041e-01 4.530520000000000103e-01 5.079369999999999719e-01
9.530000000000000000e+02 4.096400000000000041e-01 4.530520000000000103e-01 5.079369999999999719e-01
9.540000000000000000e+02 4.096400000000000041e-01 4.530520000000000103e-01 5.079369999999999719e-01
9.550000000000000000e+02 4.096400000000000041e-01 4.530520000000000103e-01 5.079369999999999719e-01
9.560000000000000000e+02 4.096400000000000041e-01 4.530520000000000103e-01 5.079369999999999719e-01
9.570000000000000000e+02 4.096400000000000041e-01 4.530520000000000103e-01 5.079369999999999719e-01
9.580000000000000000e+02 4.096400000000000041e-01 4.530520000000000103e-01 5.079369999999999719e-01
9.590000000000000000e+02 4.096400000000000041e-01 4.530520000000000103e-01 5.079369999999999719e-01
9.600000000000000000e+02 4.096400000000000041e-01 4.530520000000000103e-01 5.079369999999999719e-01
9.610000000000000000e+02 4.096400000000000041e-01 4.530520000000000103e-01 5.079369999999999719e-01
9.620000000000000000e+02 4.096400000000000041e-01 4.530520000000000103e-01 5.079369999999999719e-01
9.630000000000000000e+02 4.096400000000000041e-01 4.530520000000000103e-01 5.079369999999999719e-01
9.640000000000000000e+02 4.096400000000000041e-01 4.530520000000000103e-01 5.079369999999999719e-01
9.650000000000000000e+02 4.096400000000000041e-01 4.530520000000000103e-01 5.079369999999999719e-01
9.660000000000000000e+02 4.096400000000000041e-01 4.530520000000000103e-01 5.079369999999999719e-01
9.670000000000000000e+02 4.096400000000000041e-01 4.530520000000000103e-01 5.079369999999999719e-01
9.680000000000000000e+02 4.096400000000000041e-01 4.530520000000000103e-01 5.079369999999999719e-01
9.690000000000000000e+02 4.096400000000000041e-01 4.530520000000000103e-01 5.079369999999999719e-01
9.700000000000000000e+02 4.096400000000000041e-01 4.530520000000000103e-01 5.079369999999999719e-01
9.710000000000000000e+02 4.096400000000000041e-01 4.530520000000000103e-01 5.079369999999999719e-01
9.720000000000000000e+02 4.096400000000000041e-01 4.530520000000000103e-01 5.079369999999999719e-01
9.730000000000000000e+02 4.096400000000000041e-01 4.530520000000000103e-01 5.079369999999999719e-01
9.740000000000000000e+02 4.096400000000000041e-01 4.530520000000000103e-01 5.079369999999999719e-01
9.750000000000000000e+02 4.096400000000000041e-01 4.530520000000000103e-01 5.079369999999999719e-01
9.760000000000000000e+02 4.096400000000000041e-01 4.530520000000000103e-01 5.079369999999999719e-01
9.770000000000000000e+02 4.096400000000000041e-01 4.530520000000000103e-01 5.079369999999999719e-01
9.780000000000000000e+02 4.096400000000000041e-01 4.530520000000000103e-01 5.079369999999999719e-01
9.790000000000000000e+02 4.096400000000000041e-01 4.530520000000000103e-01 5.079369999999999719e-01
9.800000000000000000e+02 4.096400000000000041e-01 4.530520000000000103e-01 5.079369999999999719e-01
9.810000000000000000e+02 4.096400000000000041e-01 4.530520000000000103e-01 5.079369999999999719e-01
9.820000000000000000e+02 4.096400000000000041e-01 4.530520000000000103e-01 5.079369999999999719e-01
9.830000000000000000e+02 4.096400000000000041e-01 4.530520000000000103e-01 5.079369999999999719e-01
9.840000000000000000e+02 4.096400000000000041e-01 4.530520000000000103e-01 5.079369999999999719e-01
9.850000000000000000e+02 4.096400000000000041e-01 4.530520000000000103e-01 5.079369999999999719e-01
9.860000000000000000e+02 4.096400000000000041e-01 4.530520000000000103e-01 5.079369999999999719e-01
9.870000000000000000e+02 4.096400000000000041e-01 4.530520000000000103e-01 5.079369999999999719e-01
9.880000000000000000e+02 4.096400000000000041e-01 4.530520000000000103e-01 5.079369999999999719e-01
9.890000000000000000e+02 4.096400000000000041e-01 4.530520000000000103e-01 5.079369999999999719e-01
9.900000000000000000e+02 4.096400000000000041e-01 4.530520000000000103e-01 5.079369999999999719e-01
9.910000000000000000e+02 4.096400000000000041e-01 4.530520000000000103e-01 5.079369999999999719e-01
9.920000000000000000e+02 4.096400000000000041e-01 4.530520000000000103e-01 5.079369999999999719e-01
9.930000000000000000e+02 4.096400000000000041e-01 4.530520000000000103e-01 5.079369999999999719e-01
9.940000000000000000e+02 4.096400000000000041e-01 4.530520000000000103e-01 5.079369999999999719e-01
9.950000000000000000e+02 4.096400000000000041e-01 4.530520000000000103e-01 5.079369999999999719e-01
9.960000000000000000e+02 4.096400000000000041e-01 4.530520000000000103e-01 5.079369999999999719e-01
9.970000000000000000e+02 4.096400000000000041e-01 4.530520000000000103e-01 5.079369999999999719e-01
9.980000000000000000e+02 4.096400000000000041e-01 4.530520000000000103e-01 5.079369999999999719e-01
9.990000000000000000e+02 4.096400000000000041e-01 4.530520000000000103e-01 5.079369999999999719e-01
1.000000000000000000e+03 4.096400000000000041e-01 4.530520000000000103e-01 5.079369999999999719e-01
1.001000000000000000e+03 4.096400000000000041e-01 4.530520000000000103e-01 5.079369999999999719e-01
1.002000000000000000e+03 4.096400000000000041e-01 4.530520000000000103e-01 5.079369999999999719e-01
1.003000000000000000e+03 4.096400000000000041e-01 4.530520000000000103e-01 5.079369999999999719e-01
1.004000000000000000e+03 4.096400000000000041e-01 4.530520000000000103e-01 5.079369999999999719e-01
1.005000000000000000e+03 4.096400000000000041e-01 4.530520000000000103e-01 5.079369999999999719e-01
1.006000000000000000e+03 4.096400000000000041e-01 4.530520000000000103e-01 5.079369999999999719e-01
1.007000000000000000e+03 4.096400000000000041e-01 4.530520000000000103e-01 5.079369999999999719e-01
1.008000000000000000e+03 4.096400000000000041e-01 4.530520000000000103e-01 5.079369999999999719e-01
1.009000000000000000e+03 4.096400000000000041e-01 4.530520000000000103e-01 5.079369999999999719e-01
