1.000000000000000000e+01 -4.248400000000000093e-02 2.455000000000000151e-03 5.413899999999999962e-02
1.100000000000000000e+01 -1.603999999999999870e-02 2.889200000000000101e-02 8.093100000000000294e-02
1.200000000000000000e+01 -2.972599999999999895e-02 1.734799999999999884e-02 6.947000000000000397e-02
1.300000000000000000e+01 -4.169300000000000089e-02 6.092000000000000193e-03 5.776900000000000091e-02
1.400000000000000000e+01 -3.078699999999999840e-02 1.769899999999999946e-02 6.761999999999999955e-02
1.500000000000000000e+01 -2.214999999999999955e-02 2.783599999999999963e-02 7.732799999999999396e-02
1.600000000000000000e+01 -3.072199999999999931e-02 1.862199999999999966e-02 6.957199999999999496e-02
1.700000000000000000e+01 -2.253799999999999901e-02 2.679499999999999937e-02 7.693899999999999351e-02
1.800000000000000000e+01 8.158000000000000321e-03 5.508400000000000102e-02 1.064549999999999941e-01
1.900000000000000000e+01 2.732199999999999906e-02 7.353700000000000514e-02 1.276849999999999929e-01
2.000000000000000000e+01 3.066999999999999935e-02 7.704600000000000337e-02 1.316950000000000065e-01
2.100000000000000000e+01 3.715100000000000346e-02 8.306399999999999895e-02 1.374910000000000021e-01
2.200000000000000000e+01 2.802400000000000030e-02 7.455299999999999427e-02 1.271220000000000128e-01
2.300000000000000000e+01 4.266999999999999960e-02 8.925700000000000300e-02 1.427889999999999993e-01
2.400000000000000000e+01 4.084900000000000336e-02 8.870400000000000507e-02 1.401489999999999958e-01
2.500000000000000000e+01 2.842400000000000135e-02 7.699300000000000588e-02 1.269899999999999918e-01
2.600000000000000000e+01 5.250300000000000106e-02 1.003669999999999979e-01 1.515090000000000048e-01
2.700000000000000000e+01 6.427900000000000280e-02 1.117419999999999941e-01 1.635119999999999907e-01
2.800000000000000000e+01 7.411099999999999632e-02 1.205920000000000047e-01 1.737630000000000008e-01
2.900000000000000000e+01 6.409800000000000220e-02 1.111260000000000026e-01 1.630520000000000025e-01
3.000000000000000000e+01 8.418899999999999995e-02 1.308320000000000038e-01 1.845019999999999993e-01
3.100000000000000000e+01 7.707799999999999374e-02 1.240959999999999980e-01 1.769719999999999904e-01
3.200000000000000000e+01 6.321699999999999542e-02 1.109109999999999957e-01 1.631819999999999937e-01
3.300000000000000000e+01 8.413700000000000345e-02 1.317379999999999940e-01 1.840239999999999931e-01
3.400000000000000000e+01 8.879800000000000193e-02 1.364090000000000025e-01 1.893390000000000073e-01
3.500000000000000000e+01 9.018199999999999827e-02 1.378880000000000106e-01 1.901500000000000135e-01
3.600000000000000000e+01 9.953900000000000248e-02 1.468500000000000083e-01 2.003449999999999953e-01
3.700000000000000000e+01 1.123060000000000030e-01 1.593920000000000059e-01 2.131180000000000019e-01
3.800000000000000000e+01 1.133090000000000069e-01 1.605129999999999890e-01 2.143629999999999980e-01
3.900000000000000000e+01 1.240419999999999995e-01 1.708179999999999976e-01 2.255300000000000082e-01
4.000000000000000000e+01 1.385500000000000065e-01 1.848440000000000083e-01 2.399699999999999889e-01
4.100000000000000000e+01 1.240669999999999967e-01 1.710139999999999993e-01 2.244569999999999899e-01
4.200000000000000000e+01 1.060279999999999972e-01 1.534139999999999948e-01 2.065609999999999946e-01
4.300000000000000000e+01 1.096420000000000033e-01 1.569159999999999999e-01 2.102489999999999915e-01
4.400000000000000000e+01 9.400600000000000622e-02 1.418129999999999946e-01 1.942039999999999877e-01
4.500000000000000000e+01 1.013509999999999966e-01 1.492900000000000060e-01 2.020200000000000051e-01
4.600000000000000000e+01 1.144560000000000022e-01 1.618759999999999921e-01 2.154790000000000039e-01
4.700000000000000000e+01 1.353739999999999943e-01 1.822890000000000066e-01 2.361820000000000030e-01
4.800000000000000000e+01 1.571899999999999964e-01 2.036679999999999879e-01 2.581720000000000126e-01
4.900000000000000000e+01 1.631100000000000050e-01 2.098679999999999990e-01 2.641609999999999792e-01
5.000000000000000000e+01 1.628070000000000073e-01 2.094320000000000070e-01 2.640089999999999937e-01
5.100000000000000000e+01 1.727049999999999974e-01 2.192840000000000067e-01 2.740290000000000226e-01
5.200000000000000000e+01 1.410899999999999932e-01 1.884669999999999956e-01 2.424149999999999916e-01
5.300000000000000000e+01 1.447720000000000118e-01 1.923860000000000015e-01 2.460229999999999917e-01
5.400000000000000000e+01 1.395049999999999901e-01 1.870149999999999868e-01 2.406240000000000046e-01
5.500000000000000000e+01 1.509079999999999866e-01 1.981809999999999961e-01 2.523270000000000235e-01
5.600000000000000000e+01 1.668320000000000081e-01 2.135469999999999868e-01 2.683530000000000082e-01
5.700000000000000000e+01 1.822419999999999873e-01 2.290030000000000121e-01 2.835989999999999900e-01
5.800000000000000000e+01 1.752809999999999924e-01 2.222429999999999961e-01 2.766859999999999875e-01
5.900000000000000000e+01 1.815779999999999894e-01 2.286400000000000099e-01 2.830779999999999963e-01
6.000000000000000000e+01 2.029060000000000030e-01 2.497350000000000125e-01 3.045559999999999934e-01
6.100000000000000000e+01 1.950850000000000084e-01 2.421470000000000011e-01 2.968689999999999940e-01
6.200000000000000000e+01 2.140910000000000035e-01 2.607389999999999985e-01 3.159100000000000241e-01
6.300000000000000000e+01 2.133200000000000096e-01 2.599629999999999996e-01 3.150700000000000167e-01
6.400000000000000000e+01 1.959279999999999911e-01 2.430360000000000020e-01 2.977259999999999907e-01
6.500000000000000000e+01 2.048570000000000113e-01 2.516189999999999816e-01 3.066780000000000062e-01
6.600000000000000000e+01 2.192429999999999934e-01 2.657729999999999815e-01 3.210950000000000193e-01
6.700000000000000000e+01 2.187409999999999910e-01 2.655199999999999783e-01 3.204380000000000006e-01
6.800000000000000000e+01 2.253360000000000085e-01 2.720290000000000208e-01 3.270159999999999734e-01
6.900000000000000000e+01 2.213380000000000070e-01 2.681459999999999955e-01 3.230199999999999738e-01
7.000000000000000000e+01 2.309180000000000121e-01 2.775859999999999994e-01 3.326970000000000205e-01
7.100000000000000000e+01 2.294329999999999981e-01 2.763849999999999918e-01 3.310420000000000029e-01
7.200000000000000000e+01 2.275909999999999878e-01 2.745989999999999820e-01 3.291580000000000061e-01
7.300000000000000000e+01 2.296719999999999873e-01 2.764460000000000250e-01 3.313639999999999919e-01
7.400000000000000000e+01 2.441919999999999924e-01 2.907770000000000077e-01 3.459229999999999805e-01
7.500000000000000000e+01 2.602430000000000021e-01 3.066349999999999909e-01 3.620849999999999902e-01
7.600000000000000000e+01 2.778300000000000214e-01 3.239210000000000145e-01 3.796010000000000217e-01
7.700000000000000000e+01 2.665299999999999891e-01 3.128500000000000170e-01 3.682840000000000003e-01
7.800000000000000000e+01 2.686620000000000119e-01 3.151570000000000205e-01 3.704069999999999863e-01
7.900000000000000000e+01 2.702490000000000170e-01 3.166439999999999810e-01 3.719890000000000141e-01
8.000000000000000000e+01 2.685469999999999802e-01 3.151019999999999932e-01 3.700570000000000248e-01
8.100000000000000000e+01 2.764550000000000063e-01 3.231299999999999728e-01 3.778440000000000132e-01
8.200000000000000000e+01 2.759630000000000138e-01 3.225100000000000189e-01 3.775049999999999795e-01
8.300000000000000000e+01 2.866380000000000039e-01 3.328590000000000160e-01 3.881660000000000110e-01
8.400000000000000000e+01 2.857489999999999752e-01 3.320489999999999831e-01 3.873170000000000224e-01
8.500000000000000000e+01 2.706870000000000109e-01 3.171760000000000135e-01 3.723090000000000011e-01
8.600000000000000000e+01 2.763209999999999833e-01 3.226879999999999749e-01 3.780519999999999992e-01
8.700000000000000000e+01 2.883140000000000147e-01 3.347350000000000048e-01 3.898510000000000031e-01
8.800000000000000000e+01 2.928769999999999984e-01 3.393160000000000065e-01 3.942720000000000113e-01
8.900000000000000000e+01 2.969160000000000132e-01 3.432640000000000136e-01 3.982450000000000156e-01
9.000000000000000000e+01 3.219690000000000052e-01 3.681220000000000048e-01 4.232000000000000206e-01
9.100000000000000000e+01 3.121030000000000193e-01 3.584680000000000089e-01 4.133089999999999820e-01
9.200000000000000000e+01 3.274090000000000056e-01 3.736860000000000182e-01 4.285169999999999813e-01
9.300000000000000000e+01 3.293570000000000109e-01 3.755029999999999757e-01 4.305700000000000083e-01
9.400000000000000000e+01 3.216350000000000042e-01 3.678770000000000095e-01 4.227909999999999724e-01
9.500000000000000000e+01 3.265689999999999982e-01 3.725919999999999788e-01 4.277690000000000103e-01
9.600000000000000000e+01 3.214529999999999887e-01 3.675089999999999746e-01 4.226949999999999874e-01
9.700000000000000000e+01 3.236499999999999932e-01 3.697960000000000136e-01 4.247460000000000124e-01
9.800000000000000000e+01 3.261390000000000122e-01 3.723569999999999935e-01 4.272420000000000107e-01
9.900000000000000000e+01 3.303869999999999862e-01 3.766510000000000136e-01 4.314029999999999809e-01
1.000000000000000000e+02 3.348780000000000090e-01 3.811769999999999881e-01 4.357340000000000102e-01
1.010000000000000000e+02 3.325580000000000203e-01 3.789060000000000206e-01 4.335149999999999837e-01
1.020000000000000000e+02 3.393499999999999850e-01 3.856330000000000036e-01 4.402719999999999967e-01
1.030000000000000000e+02 3.439949999999999952e-01 3.902999999999999803e-01 4.448239999999999972e-01
1.040000000000000000e+02 3.476639999999999731e-01 3.938690000000000246e-01 4.485100000000000198e-01
1.050000000000000000e+02 3.388410000000000033e-01 3.851299999999999724e-01 4.398039999999999727e-01
1.060000000000000000e+02 3.530630000000000157e-01 3.992470000000000185e-01 4.538619999999999877e-01
1.070000000000000000e+02 3.504369999999999985e-01 3.967499999999999916e-01 4.511729999999999907e-01
1.080000000000000000e+02 3.429119999999999946e-01 3.892860000000000209e-01 4.436800000000000188e-01
1.090000000000000000e+02 3.525090000000000168e-01 3.987010000000000276e-01 4.533039999999999847e-01
1.100000000000000000e+02 3.547440000000000038e-01 4.010679999999999801e-01 4.554039999999999755e-01
1.110000000000000000e+02 3.418499999999999872e-01 3.883670000000000178e-01 4.425549999999999762e-01
1.120000000000000000e+02 3.474880000000000191e-01 3.938499999999999779e-01 4.482729999999999770e-01
1.130000000000000000e+02 3.604289999999999994e-01 4.066130000000000022e-01 4.612299999999999733e-01
1.140000000000000000e+02 3.636199999999999988e-01 4.098280000000000256e-01 4.642939999999999845e-01
1.150000000000000000e+02 3.454169999999999741e-01 3.917120000000000046e-01 4.462499999999999800e-01
1.160000000000000000e+02 3.601469999999999949e-01 4.063829999999999942e-01 4.608619999999999939e-01
1.170000000000000000e+02 3.655309999999999948e-01 4.117540000000000089e-01 4.662069999999999825e-01
1.180000000000000000e+02 3.731260000000000132e-01 4.193790000000000018e-01 4.737210000000000032e-01
1.190000000000000000e+02 3.740620000000000056e-01 4.204459999999999864e-01 4.745400000000000174e-01
1.200000000000000000e+02 3.918940000000000201e-01 4.382329999999999837e-01 4.920390000000000041e-01
1.210000000000000000e+02 3.895410000000000261e-01 4.358369999999999744e-01 4.897020000000000262e-01
1.220000000000000000e+02 3.982820000000000249e-01 4.444879999999999942e-01 4.984469999999999734e-01
1.230000000000000000e+02 3.960929999999999729e-01 4.423509999999999942e-01 4.962340000000000084e-01
1.240000000000000000e+02 3.951339999999999852e-01 4.413360000000000061e-01 4.953299999999999925e-01
1.250000000000000000e+02 3.943159999999999998e-01 4.405620000000000092e-01 4.944689999999999919e-01
1.260000000000000000e+02 4.049030000000000129e-01 4.510700000000000265e-01 5.050019999999999509e-01
1.270000000000000000e+02 4.080539999999999723e-01 4.542120000000000046e-01 5.081020000000000536e-01
1.280000000000000000e+02 3.964920000000000111e-01 4.428759999999999919e-01 4.964970000000000216e-01
1.290000000000000000e+02 3.953590000000000160e-01 4.418150000000000133e-01 4.953259999999999885e-01
1.300000000000000000e+02 3.967089999999999783e-01 4.431169999999999831e-01 4.967300000000000049e-01
1.310000000000000000e+02 4.039099999999999913e-01 4.502260000000000151e-01 5.039190000000000058e-01
1.320000000000000000e+02 3.979219999999999979e-01 4.442440000000000278e-01 4.979219999999999757e-01
1.330000000000000000e+02 3.997430000000000150e-01 4.460589999999999833e-01 4.997219999999999995e-01
1.340000000000000000e+02 4.158209999999999962e-01 4.620020000000000238e-01 5.157199999999999562e-01
1.350000000000000000e+02 4.122000000000000108e-01 4.583479999999999777e-01 5.121909999999999519e-01
1.360000000000000000e+02 4.144700000000000051e-01 4.606700000000000239e-01 5.143659999999999899e-01
1.370000000000000000e+02 4.202640000000000264e-01 4.665290000000000270e-01 5.200169999999999515e-01
1.380000000000000000e+02 4.142669999999999964e-01 4.606350000000000167e-01 5.140019999999999589e-01
1.390000000000000000e+02 4.143769999999999953e-01 4.607629999999999781e-01 5.141099999999999559e-01
1.400000000000000000e+02 4.184499999999999886e-01 4.648189999999999822e-01 5.181440000000000490e-01
1.410000000000000000e+02 4.102549999999999808e-01 4.567539999999999933e-01 5.099439999999999529e-01
1.420000000000000000e+02 4.181799999999999962e-01 4.645940000000000070e-01 5.178279999999999550e-01
1.430000000000000000e+02 4.368449999999999833e-01 4.830780000000000074e-01 5.364100000000000534e-01
1.440000000000000000e+02 4.332989999999999897e-01 4.795659999999999923e-01 5.328570000000000251e-01
1.450000000000000000e+02 4.510399999999999965e-01 4.972480000000000233e-01 5.504210000000000491e-01
1.460000000000000000e+02 4.589900000000000091e-01 5.051259999999999639e-01 5.583029999999999937e-01
1.470000000000000000e+02 4.465959999999999930e-01 4.928620000000000223e-01 5.459220000000000184e-01
1.480000000000000000e+02 4.574650000000000105e-01 5.036969999999999503e-01 5.566590000000000149e-01
1.490000000000000000e+02 4.625569999999999959e-01 5.086910000000000043e-01 5.617860000000000076e-01
1.500000000000000000e+02 4.651970000000000272e-01 5.113349999999999840e-01 5.643270000000000231e-01
1.510000000000000000e+02 4.623519999999999852e-01 5.084940000000000015e-01 5.615050000000000319e-01
1.520000000000000000e+02 4.490239999999999787e-01 4.951960000000000250e-01 5.483989999999999698e-01
1.530000000000000000e+02 4.462860000000000160e-01 4.924310000000000076e-01 5.457189999999999541e-01
1.540000000000000000e+02 4.475799999999999779e-01 4.936749999999999750e-01 5.470249999999999835e-01
1.550000000000000000e+02 4.428079999999999794e-01 4.889439999999999897e-01 5.423069999999999835e-01
1.560000000000000000e+02 4.368839999999999946e-01 4.831050000000000066e-01 5.363809999999999967e-01
1.570000000000000000e+02 4.458860000000000046e-01 4.920930000000000026e-01 5.452240000000000419e-01
1.580000000000000000e+02 4.440669999999999895e-01 4.903170000000000028e-01 5.434069999999999734e-01
1.590000000000000000e+02 4.356220000000000092e-01 4.819979999999999820e-01 5.349770000000000358e-01
1.600000000000000000e+02 4.530199999999999783e-01 4.993079999999999741e-01 5.522209999999999619e-01
1.610000000000000000e+02 4.588659999999999961e-01 5.050879999999999814e-01 5.580549999999999677e-01
1.620000000000000000e+02 4.679110000000000213e-01 5.140730000000000022e-01 5.670239999999999725e-01
1.630000000000000000e+02 4.694200000000000039e-01 5.156079999999999552e-01 5.684860000000000468e-01
1.640000000000000000e+02 4.765179999999999971e-01 5.226509999999999767e-01 5.755510000000000348e-01
1.650000000000000000e+02 4.760829999999999784e-01 5.222360000000000335e-01 5.750669999999999948e-01
1.660000000000000000e+02 4.783020000000000049e-01 5.244480000000000253e-01 5.772490000000000121e-01
1.670000000000000000e+02 4.884899999999999798e-01 5.345769999999999689e-01 5.873479999999999812e-01
1.680000000000000000e+02 4.822179999999999800e-01 5.283419999999999783e-01 5.811150000000000482e-01
1.690000000000000000e+02 4.755220000000000002e-01 5.217230000000000478e-01 5.744050000000000544e-01
1.700000000000000000e+02 4.774530000000000163e-01 5.236269999999999536e-01 5.763399999999999634e-01
1.710000000000000000e+02 4.785570000000000102e-01 5.247140000000000137e-01 5.774650000000000061e-01
1.720000000000000000e+02 4.794990000000000085e-01 5.256319999999999881e-01 5.784259999999999957e-01
1.730000000000000000e+02 4.848129999999999939e-01 5.309009999999999563e-01 5.837010000000000254e-01
1.740000000000000000e+02 4.869160000000000155e-01 5.329720000000000013e-01 5.858109999999999706e-01
1.750000000000000000e+02 4.812389999999999723e-01 5.273480000000000389e-01 5.801469999999999683e-01
1.760000000000000000e+02 4.858350000000000168e-01 5.319409999999999972e-01 5.846689999999999943e-01
1.770000000000000000e+02 4.805119999999999947e-01 5.266539999999999555e-01 5.793620000000000436e-01
1.780000000000000000e+02 4.864229999999999943e-01 5.325100000000000389e-01 5.852549999999999697e-01
1.790000000000000000e+02 4.935559999999999947e-01 5.395980000000000221e-01 5.923209999999999864e-01
1.800000000000000000e+02 4.951630000000000198e-01 5.411880000000000024e-01 5.939159999999999995e-01
1.810000000000000000e+02 4.975100000000000078e-01 5.435229999999999784e-01 5.962640000000000162e-01
1.820000000000000000e+02 5.002999999999999670e-01 5.462879999999999958e-01 5.990379999999999594e-01
1.830000000000000000e+02 4.975379999999999803e-01 5.435470000000000024e-01 5.962800000000000322e-01
1.840000000000000000e+02 4.916269999999999807e-01 5.376649999999999485e-01 5.904030000000000111e-01
1.850000000000000000e+02 4.923500000000000099e-01 5.383829999999999449e-01 5.911089999999999955e-01
1.860000000000000000e+02 4.942679999999999851e-01 5.402940000000000520e-01 5.930090000000000083e-01
1.870000000000000000e+02 4.988969999999999794e-01 5.448749999999999982e-01 5.976080000000000281e-01
1.880000000000000000e+02 4.949529999999999763e-01 5.409490000000000132e-01 5.936810000000000143e-01
1.890000000000000000e+02 4.952210000000000223e-01 5.412339999999999929e-01 5.939360000000000195e-01
1.900000000000000000e+02 5.064330000000000220e-01 5.523559999999999581e-01 6.051020000000000287e-01
1.910000000000000000e+02 5.047509999999999497e-01 5.506429999999999936e-01 6.034239999999999604e-01
1.920000000000000000e+02 5.062830000000000386e-01 5.521139999999999937e-01 6.049489999999999590e-01
1.930000000000000000e+02 5.085399999999999920e-01 5.543350000000000222e-01 6.071670000000000122e-01
1.940000000000000000e+02 5.011060000000000514e-01 5.469119999999999537e-01 5.997139999999999693e-01
1.950000000000000000e+02 4.926369999999999916e-01 5.384989999999999499e-01 5.912619999999999543e-01
1.960000000000000000e+02 4.917630000000000057e-01 5.376319999999999988e-01 5.904120000000000479e-01
1.970000000000000000e+02 4.853930000000000189e-01 5.312320000000000375e-01 5.840530000000000443e-01
1.980000000000000000e+02 4.814269999999999938e-01 5.272000000000000020e-01 5.800600000000000200e-01
1.990000000000000000e+02 4.753580000000000028e-01 5.210759999999999836e-01 5.739859999999999962e-01
2.000000000000000000e+02 4.827719999999999789e-01 5.283470000000000111e-01 5.813660000000000494e-01
2.010000000000000000e+02 4.836969999999999881e-01 5.292559999999999487e-01 5.822960000000000358e-01
2.020000000000000000e+02 4.747469999999999746e-01 5.203820000000000112e-01 5.733489999999999975e-01
2.030000000000000000e+02 4.776880000000000015e-01 5.232430000000000136e-01 5.763000000000000345e-01
2.040000000000000000e+02 4.774660000000000015e-01 5.229110000000000147e-01 5.760340000000000460e-01
2.050000000000000000e+02 4.630500000000000171e-01 5.084119999999999751e-01 5.616320000000000201e-01
2.060000000000000000e+02 4.574670000000000125e-01 5.028150000000000119e-01 5.560300000000000242e-01
2.070000000000000000e+02 4.528289999999999815e-01 4.981360000000000232e-01 5.513770000000000060e-01
2.080000000000000000e+02 4.510029999999999872e-01 4.962880000000000069e-01 5.495349999999999957e-01
2.090000000000000000e+02 4.348679999999999768e-01 4.801639999999999797e-01 5.334689999999999710e-01
2.100000000000000000e+02 4.268959999999999977e-01 4.721449999999999814e-01 5.254950000000000454e-01
2.110000000000000000e+02 4.268750000000000044e-01 4.720889999999999809e-01 5.254280000000000062e-01
2.120000000000000000e+02 4.348130000000000051e-01 4.799359999999999737e-01 5.333670000000000355e-01
2.130000000000000000e+02 4.418270000000000253e-01 4.868549999999999822e-01 5.403550000000000297e-01
2.140000000000000000e+02 4.341619999999999924e-01 4.792109999999999981e-01 5.326750000000000096e-01
2.150000000000000000e+02 4.170159999999999978e-01 4.620079999999999742e-01 5.155319999999999903e-01
2.160000000000000000e+02 4.161850000000000271e-01 4.611399999999999944e-01 5.147100000000000009e-01
2.170000000000000000e+02 4.070550000000000002e-01 4.519589999999999996e-01 5.055910000000000126e-01
2.180000000000000000e+02 3.992330000000000045e-01 4.440629999999999855e-01 4.977759999999999962e-01
2.190000000000000000e+02 4.066629999999999967e-01 4.514549999999999952e-01 5.051999999999999824e-01
2.200000000000000000e+02 4.133729999999999905e-01 4.581509999999999749e-01 5.118759999999999977e-01
2.210000000000000000e+02 4.115980000000000194e-01 4.562860000000000249e-01 5.100959999999999939e-01
2.220000000000000000e+02 4.074980000000000269e-01 4.521259999999999724e-01 5.059949999999999726e-01
2.230000000000000000e+02 4.001970000000000249e-01 4.448520000000000252e-01 4.986999999999999766e-01
2.240000000000000000e+02 3.889270000000000227e-01 4.336389999999999967e-01 4.874459999999999904e-01
2.250000000000000000e+02 3.840990000000000237e-01 4.286789999999999767e-01 4.825809999999999822e-01
2.260000000000000000e+02 3.891660000000000119e-01 4.337320000000000064e-01 4.876449999999999951e-01
2.270000000000000000e+02 3.821309999999999985e-01 4.267839999999999967e-01 4.806329999999999769e-01
2.280000000000000000e+02 3.800700000000000189e-01 4.245809999999999862e-01 4.785550000000000082e-01
2.290000000000000000e+02 3.825649999999999884e-01 4.271179999999999977e-01 4.810530000000000084e-01
2.300000000000000000e+02 3.901830000000000020e-01 4.346470000000000056e-01 4.886650000000000160e-01
2.310000000000000000e+02 3.864969999999999795e-01 4.309040000000000092e-01 4.849919999999999787e-01
2.320000000000000000e+02 3.804400000000000004e-01 4.248359999999999914e-01 4.789349999999999996e-01
2.330000000000000000e+02 3.676740000000000008e-01 4.120519999999999738e-01 4.661839999999999873e-01
2.340000000000000000e+02 3.716240000000000099e-01 4.159840000000000204e-01 4.701060000000000239e-01
2.350000000000000000e+02 3.723589999999999955e-01 4.167159999999999753e-01 4.708379999999999788e-01
2.360000000000000000e+02 3.693480000000000096e-01 4.137440000000000007e-01 4.678249999999999909e-01
2.370000000000000000e+02 3.661030000000000117e-01 4.105039999999999800e-01 4.645880000000000010e-01
2.380000000000000000e+02 3.810359999999999858e-01 4.253549999999999831e-01 4.794959999999999778e-01
2.390000000000000000e+02 3.864079999999999737e-01 4.307019999999999738e-01 4.848810000000000064e-01
2.400000000000000000e+02 3.828110000000000124e-01 4.271150000000000224e-01 4.812949999999999728e-01
2.410000000000000000e+02 3.663080000000000225e-01 4.105920000000000125e-01 4.648260000000000169e-01
2.420000000000000000e+02 3.721880000000000188e-01 4.164660000000000029e-01 4.706859999999999933e-01
2.430000000000000000e+02 3.726849999999999885e-01 4.169720000000000093e-01 4.711810000000000165e-01
2.440000000000000000e+02 3.683919999999999972e-01 4.127000000000000113e-01 4.668939999999999757e-01
2.450000000000000000e+02 3.709020000000000095e-01 4.152410000000000267e-01 4.693760000000000154e-01
2.460000000000000000e+02 3.715149999999999841e-01 4.157989999999999742e-01 4.699840000000000129e-01
2.470000000000000000e+02 3.685640000000000027e-01 4.127620000000000178e-01 4.670230000000000214e-01
2.480000000000000000e+02 3.652799999999999936e-01 4.094809999999999839e-01 4.637530000000000263e-01
2.490000000000000000e+02 3.634580000000000033e-01 4.077069999999999861e-01 4.619579999999999798e-01
2.500000000000000000e+02 3.636099999999999888e-01 4.078490000000000171e-01 4.621080000000000187e-01
2.510000000000000000e+02 3.775510000000000255e-01 4.218040000000000123e-01 4.760210000000000274e-01
2.520000000000000000e+02 3.782019999999999826e-01 4.224069999999999769e-01 4.766650000000000054e-01
2.530000000000000000e+02 3.648179999999999756e-01 4.090489999999999959e-01 4.633070000000000244e-01
2.540000000000000000e+02 3.680599999999999983e-01 4.123399999999999843e-01 4.665279999999999982e-01
2.550000000000000000e+02 3.759930000000000216e-01 4.202139999999999764e-01 4.744249999999999856e-01
2.560000000000000000e+02 3.696960000000000246e-01 4.138890000000000069e-01 4.681580000000000186e-01
2.570000000000000000e+02 3.714910000000000156e-01 4.156770000000000187e-01 4.699639999999999929e-01
2.580000000000000000e+02 3.658279999999999865e-01 4.100369999999999848e-01 4.642990000000000173e-01
2.590000000000000000e+02 3.720970000000000111e-01 4.162350000000000216e-01 4.705619999999999803e-01
2.600000000000000000e+02 3.699299999999999811e-01 4.141150000000000109e-01 4.684139999999999970e-01
2.610000000000000000e+02 3.687079999999999802e-01 4.128780000000000228e-01 4.671730000000000049e-01
2.620000000000000000e+02 3.631690000000000196e-01 4.073680000000000079e-01 4.616469999999999740e-01
2.630000000000000000e+02 3.673960000000000004e-01 4.115929999999999866e-01 4.658610000000000251e-01
2.640000000000000000e+02 3.669310000000000072e-01 4.110920000000000130e-01 4.653740000000000099e-01
2.650000000000000000e+02 3.653159999999999741e-01 4.094659999999999966e-01 4.637580000000000036e-01
2.660000000000000000e+02 3.667679999999999829e-01 4.108609999999999762e-01 4.652149999999999896e-01
2.670000000000000000e+02 3.636559999999999793e-01 4.077319999999999833e-01 4.621279999999999832e-01
2.680000000000000000e+02 3.750129999999999852e-01 4.191050000000000053e-01 4.734619999999999940e-01
2.690000000000000000e+02 3.721280000000000143e-01 4.162449999999999761e-01 4.705869999999999775e-01
2.700000000000000000e+02 3.685129999999999795e-01 4.126219999999999888e-01 4.669630000000000170e-01
2.710000000000000000e+02 3.773639999999999772e-01 4.214689999999999825e-01 4.758109999999999840e-01
2.720000000000000000e+02 3.798039999999999750e-01 4.239149999999999863e-01 4.782330000000000192e-01
2.730000000000000000e+02 3.779339999999999922e-01 4.220550000000000135e-01 4.763539999999999996e-01
2.740000000000000000e+02 3.681940000000000213e-01 4.123269999999999991e-01 4.666199999999999792e-01
2.750000000000000000e+02 3.678830000000000156e-01 4.119369999999999976e-01 4.663120000000000043e-01
2.760000000000000000e+02 3.735120000000000107e-01 4.175180000000000002e-01 4.719269999999999854e-01
2.770000000000000000e+02 3.738330000000000264e-01 4.179100000000000037e-01 4.722779999999999756e-01
2.780000000000000000e+02 3.720789999999999931e-01 4.161920000000000064e-01 4.705250000000000266e-01
2.790000000000000000e+02 3.720809999999999951e-01 4.162080000000000224e-01 4.705219999999999958e-01
2.800000000000000000e+02 3.787269999999999803e-01 4.228210000000000024e-01 4.771509999999999918e-01
2.810000000000000000e+02 3.776550000000000185e-01 4.216989999999999905e-01 4.760809999999999764e-01
2.820000000000000000e+02 3.737340000000000106e-01 4.177620000000000222e-01 4.721469999999999834e-01
2.830000000000000000e+02 3.728739999999999832e-01 4.169559999999999933e-01 4.712790000000000035e-01
2.840000000000000000e+02 3.779890000000000194e-01 4.220349999999999935e-01 4.763979999999999881e-01
2.850000000000000000e+02 3.781149999999999789e-01 4.221320000000000072e-01 4.765249999999999764e-01
2.860000000000000000e+02 3.720319999999999738e-01 4.160639999999999894e-01 4.704459999999999753e-01
2.870000000000000000e+02 3.701110000000000233e-01 4.141599999999999726e-01 4.685320000000000040e-01
2.880000000000000000e+02 3.767739999999999978e-01 4.207839999999999914e-01 4.751790000000000180e-01
2.890000000000000000e+02 3.734020000000000117e-01 4.174100000000000033e-01 4.718060000000000032e-01
2.900000000000000000e+02 3.745700000000000141e-01 4.185570000000000124e-01 4.729740000000000055e-01
2.910000000000000000e+02 3.794339999999999935e-01 4.234539999999999971e-01 4.778330000000000077e-01
2.920000000000000000e+02 3.701599999999999890e-01 4.142140000000000266e-01 4.685699999999999865e-01
2.930000000000000000e+02 3.719660000000000188e-01 4.160010000000000097e-01 4.703709999999999836e-01
2.940000000000000000e+02 3.676209999999999756e-01 4.116569999999999951e-01 4.660440000000000138e-01
2.950000000000000000e+02 3.743259999999999921e-01 4.183819999999999761e-01 4.727480000000000016e-01
2.960000000000000000e+02 3.764029999999999876e-01 4.204640000000000044e-01 4.748330000000000051e-01
2.970000000000000000e+02 3.811200000000000143e-01 4.251679999999999904e-01 4.795369999999999910e-01
2.980000000000000000e+02 3.791550000000000198e-01 4.232049999999999979e-01 4.775519999999999765e-01
2.990000000000000000e+02 3.759129999999999971e-01 4.199169999999999847e-01 4.743149999999999866e-01
3.000000000000000000e+02 3.793159999999999865e-01 4.232850000000000223e-01 4.777069999999999927e-01
3.010000000000000000e+02 3.734950000000000214e-01 4.175110000000000210e-01 4.718999999999999861e-01
3.020000000000000000e+02 3.652170000000000138e-01 4.092040000000000122e-01 4.636190000000000033e-01
3.030000000000000000e+02 3.690660000000000052e-01 4.130630000000000135e-01 4.674719999999999986e-01
3.040000000000000000e+02 3.704040000000000110e-01 4.143760000000000221e-01 4.688100000000000045e-01
3.050000000000000000e+02 3.734649999999999914e-01 4.174579999999999957e-01 4.718649999999999789e-01
3.060000000000000000e+02 3.790160000000000196e-01 4.229829999999999979e-01 4.774030000000000218e-01
3.070000000000000000e+02 3.741990000000000038e-01 4.181810000000000249e-01 4.725889999999999813e-01
3.080000000000000000e+02 3.755820000000000269e-01 4.195760000000000045e-01 4.739740000000000064e-01
3.090000000000000000e+02 3.782949999999999924e-01 4.222819999999999907e-01 4.766770000000000174e-01
3.100000000000000000e+02 3.734569999999999834e-01 4.173970000000000180e-01 4.718539999999999957e-01
3.110000000000000000e+02 3.689009999999999789e-01 4.128560000000000008e-01 4.673019999999999952e-01
3.120000000000000000e+02 3.701160000000000005e-01 4.140920000000000156e-01 4.685059999999999780e-01
3.130000000000000000e+02 3.735499999999999932e-01 4.175220000000000042e-01 4.719309999999999894e-01
3.140000000000000000e+02 3.728509999999999880e-01 4.168120000000000158e-01 4.712419999999999942e-01
3.150000000000000000e+02 3.819629999999999970e-01 4.258990000000000276e-01 4.803549999999999764e-01
3.160000000000000000e+02 3.790399999999999880e-01 4.229789999999999939e-01 4.774120000000000030e-01
3.170000000000000000e+02 3.836629999999999763e-01 4.276090000000000169e-01 4.820400000000000240e-01
3.180000000000000000e+02 3.797619999999999885e-01 4.236989999999999923e-01 4.781400000000000095e-01
3.190000000000000000e+02 3.809409999999999741e-01 4.248290000000000122e-01 4.793129999999999891e-01
3.200000000000000000e+02 3.776680000000000037e-01 4.215920000000000223e-01 4.760519999999999752e-01
3.210000000000000000e+02 3.832760000000000056e-01 4.272029999999999994e-01 4.816469999999999918e-01
3.220000000000000000e+02 3.741120000000000001e-01 4.180240000000000067e-01 4.724840000000000151e-01
3.230000000000000000e+02 3.761249999999999871e-01 4.200590000000000157e-01 4.745059999999999834e-01
3.240000000000000000e+02 3.820930000000000160e-01 4.260129999999999750e-01 4.804809999999999914e-01
3.250000000000000000e+02 3.871959999999999846e-01 4.310820000000000207e-01 4.855689999999999729e-01
3.260000000000000000e+02 3.829099999999999726e-01 4.267710000000000115e-01 4.812739999999999796e-01
3.270000000000000000e+02 3.791959999999999775e-01 4.231039999999999801e-01 4.775730000000000253e-01
3.280000000000000000e+02 3.782019999999999826e-01 4.221199999999999952e-01 4.765840000000000076e-01
3.290000000000000000e+02 3.814600000000000213e-01 4.253439999999999999e-01 4.798319999999999808e-01
3.300000000000000000e+02 3.856140000000000123e-01 4.294990000000000197e-01 4.839860000000000273e-01
3.310000000000000000e+02 3.729649999999999910e-01 4.169019999999999948e-01 4.713510000000000200e-01
3.320000000000000000e+02 3.713389999999999747e-01 4.152529999999999832e-01 4.697200000000000264e-01
3.330000000000000000e+02 3.792099999999999915e-01 4.231159999999999921e-01 4.775880000000000125e-01
3.340000000000000000e+02 3.855979999999999963e-01 4.294899999999999829e-01 4.839669999999999805e-01
3.350000000000000000e+02 3.790769999999999973e-01 4.229430000000000134e-01 4.774379999999999735e-01
3.360000000000000000e+02 3.800270000000000037e-01 4.239180000000000170e-01 4.783890000000000087e-01
3.370000000000000000e+02 3.744310000000000138e-01 4.183419999999999916e-01 4.727979999999999960e-01
3.380000000000000000e+02 3.804520000000000124e-01 4.243199999999999750e-01 4.788080000000000114e-01
3.390000000000000000e+02 3.815239999999999743e-01 4.254009999999999736e-01 4.798810000000000020e-01
3.400000000000000000e+02 3.809810000000000141e-01 4.248879999999999879e-01 4.793459999999999943e-01
3.410000000000000000e+02 3.773090000000000055e-01 4.212040000000000228e-01 4.756770000000000165e-01
3.420000000000000000e+02 3.821999999999999842e-01 4.260769999999999835e-01 4.805749999999999744e-01
3.430000000000000000e+02 3.872760000000000091e-01 4.311400000000000232e-01 4.856389999999999874e-01
3.440000000000000000e+02 3.869810000000000194e-01 4.307909999999999795e-01 4.853399999999999936e-01
3.450000000000000000e+02 3.842960000000000265e-01 4.281249999999999778e-01 4.826520000000000254e-01
3.460000000000000000e+02 3.820189999999999975e-01 4.258950000000000236e-01 4.803830000000000044e-01
3.470000000000000000e+02 3.784549999999999859e-01 4.223190000000000000e-01 4.768100000000000116e-01
3.480000000000000000e+02 3.889880000000000004e-01 4.328170000000000073e-01 4.873390000000000222e-01
3.490000000000000000e+02 3.818840000000000012e-01 4.257299999999999973e-01 4.802330000000000210e-01
3.500000000000000000e+02 3.830109999999999904e-01 4.268910000000000204e-01 4.813689999999999913e-01
3.510000000000000000e+02 3.779890000000000194e-01 4.218459999999999988e-01 4.763479999999999936e-01
3.520000000000000000e+02 3.859549999999999925e-01 4.298060000000000214e-01 4.843089999999999895e-01
3.530000000000000000e+02 3.879440000000000111e-01 4.317810000000000259e-01 4.863049999999999873e-01
3.540000000000000000e+02 3.875259999999999816e-01 4.313529999999999864e-01 4.858899999999999886e-01
3.550000000000000000e+02 3.796450000000000102e-01 4.234809999999999963e-01 4.779999999999999805e-01
3.560000000000000000e+02 3.779250000000000109e-01 4.217929999999999735e-01 4.762839999999999852e-01
3.570000000000000000e+02 3.851160000000000139e-01 4.289490000000000247e-01 4.834700000000000109e-01
3.580000000000000000e+02 3.825390000000000179e-01 4.263589999999999880e-01 4.808910000000000129e-01
3.590000000000000000e+02 3.833230000000000248e-01 4.271679999999999922e-01 4.816699999999999871e-01
3.600000000000000000e+02 3.836789999999999923e-01 4.275289999999999924e-01 4.820309999999999873e-01
3.610000000000000000e+02 3.802229999999999777e-01 4.240570000000000173e-01 4.785739999999999994e-01
3.620000000000000000e+02 3.851249999999999951e-01 4.289490000000000247e-01 4.834700000000000109e-01
3.630000000000000000e+02 3.885290000000000132e-01 4.323389999999999733e-01 4.868770000000000042e-01
3.640000000000000000e+02 3.842619999999999925e-01 4.280780000000000141e-01 4.826110000000000122e-01
3.650000000000000000e+02 3.778839999999999977e-01 4.217179999999999818e-01 4.762359999999999927e-01
3.660000000000000000e+02 3.812070000000000181e-01 4.250220000000000109e-01 4.795539999999999803e-01
3.670000000000000000e+02 3.851570000000000271e-01 4.289839999999999764e-01 4.835090000000000221e-01
3.680000000000000000e+02 3.881229999999999958e-01 4.319529999999999759e-01 4.864680000000000115e-01
3.690000000000000000e+02 3.803489999999999926e-01 4.241650000000000142e-01 4.787000000000000144e-01
3.700000000000000000e+02 3.819290000000000185e-01 4.257210000000000161e-01 4.802759999999999807e-01
3.710000000000000000e+02 3.805899999999999839e-01 4.243830000000000102e-01 4.789320000000000244e-01
3.720000000000000000e+02 3.919349999999999778e-01 4.357110000000000150e-01 4.902739999999999876e-01
3.730000000000000000e+02 3.901510000000000256e-01 4.339279999999999804e-01 4.884930000000000105e-01
3.740000000000000000e+02 3.805600000000000094e-01 4.243640000000000190e-01 4.789080000000000004e-01
3.750000000000000000e+02 3.791729999999999823e-01 4.229800000000000226e-01 4.775139999999999940e-01
3.760000000000000000e+02 3.856640000000000068e-01 4.294760000000000244e-01 4.840050000000000185e-01
3.770000000000000000e+02 3.840819999999999790e-01 4.278569999999999873e-01 4.824200000000000155e-01
3.780000000000000000e+02 3.815700000000000203e-01 4.253540000000000099e-01 4.799160000000000093e-01
3.790000000000000000e+02 3.808630000000000071e-01 4.246260000000000034e-01 4.792029999999999901e-01
3.800000000000000000e+02 3.809480000000000088e-01 4.247250000000000192e-01 4.792830000000000146e-01
3.810000000000000000e+02 3.866089999999999804e-01 4.303839999999999888e-01 4.849450000000000149e-01
3.820000000000000000e+02 3.890569999999999862e-01 4.328460000000000085e-01 4.874009999999999732e-01
3.830000000000000000e+02 3.861299999999999732e-01 4.299370000000000136e-01 4.844740000000000157e-01
3.840000000000000000e+02 3.839750000000000107e-01 4.278140000000000276e-01 4.823209999999999997e-01
3.850000000000000000e+02 3.865899999999999892e-01 4.303989999999999760e-01 4.849310000000000009e-01
3.860000000000000000e+02 3.838260000000000005e-01 4.276289999999999814e-01 4.821710000000000163e-01
3.870000000000000000e+02 3.800859999999999794e-01 4.238779999999999770e-01 4.784320000000000239e-01
3.880000000000000000e+02 3.811289999999999956e-01 4.248990000000000267e-01 4.794729999999999825e-01
3.890000000000000000e+02 3.833759999999999946e-01 4.271480000000000277e-01 4.817199999999999815e-01
3.900000000000000000e+02 3.846060000000000034e-01 4.283770000000000078e-01 4.829430000000000112e-01
3.910000000000000000e+02 3.873610000000000109e-01 4.311289999999999845e-01 4.857000000000000206e-01
3.920000000000000000e+02 3.840080000000000160e-01 4.277790000000000203e-01 4.823529999999999762e-01
3.930000000000000000e+02 3.803610000000000047e-01 4.241380000000000150e-01 4.787009999999999876e-01
3.940000000000000000e+02 3.799109999999999987e-01 4.236969999999999903e-01 4.782540000000000124e-01
3.950000000000000000e+02 3.841040000000000010e-01 4.278899999999999926e-01 4.824430000000000107e-01
3.960000000000000000e+02 3.813320000000000043e-01 4.250979999999999759e-01 4.796739999999999893e-01
3.970000000000000000e+02 3.832709999999999728e-01 4.270349999999999979e-01 4.816139999999999866e-01
3.980000000000000000e+02 3.875560000000000116e-01 4.313159999999999772e-01 4.858879999999999866e-01
3.990000000000000000e+02 3.894420000000000104e-01 4.331690000000000262e-01 4.877719999999999834e-01
4.000000000000000000e+02 3.876060000000000061e-01 4.313299999999999912e-01 4.859379999999999811e-01
4.010000000000000000e+02 3.849879999999999969e-01 4.287099999999999800e-01 4.833109999999999906e-01
4.020000000000000000e+02 3.872559999999999891e-01 4.310140000000000082e-01 4.855860000000000176e-01
4.030000000000000000e+02 3.852119999999999989e-01 4.289870000000000072e-01 4.835479999999999778e-01
4.040000000000000000e+02 3.836899999999999755e-01 4.274649999999999839e-01 4.820249999999999813e-01
4.050000000000000000e+02 3.846109999999999807e-01 4.283569999999999878e-01 4.829379999999999784e-01
4.060000000000000000e+02 3.852229999999999821e-01 4.289760000000000240e-01 4.835499999999999798e-01
4.070000000000000000e+02 3.855790000000000051e-01 4.293290000000000162e-01 4.839049999999999740e-01
4.080000000000000000e+02 3.861640000000000073e-01 4.298969999999999736e-01 4.844910000000000050e-01
4.090000000000000000e+02 3.862450000000000050e-01 4.299839999999999773e-01 4.845709999999999740e-01
4.100000000000000000e+02 3.881749999999999923e-01 4.318980000000000041e-01 4.865039999999999920e-01
4.110000000000000000e+02 3.936549999999999772e-01 4.373819999999999930e-01 4.919839999999999769e-01
4.120000000000000000e+02 3.882650000000000268e-01 4.319959999999999911e-01 4.865869999999999918e-01
4.130000000000000000e+02 3.838889999999999803e-01 4.276300000000000101e-01 4.822130000000000027e-01
4.140000000000000000e+02 3.856180000000000163e-01 4.293449999999999767e-01 4.839379999999999793e-01
4.150000000000000000e+02 3.889009999999999967e-01 4.326450000000000018e-01 4.872250000000000192e-01
4.160000000000000000e+02 3.824850000000000194e-01 4.262179999999999858e-01 4.808080000000000132e-01
4.170000000000000000e+02 3.859000000000000208e-01 4.296240000000000059e-01 4.842279999999999918e-01
4.180000000000000000e+02 3.889599999999999724e-01 4.326889999999999903e-01 4.872790000000000177e-01
4.190000000000000000e+02 3.879400000000000071e-01 4.316559999999999842e-01 4.862569999999999948e-01
4.200000000000000000e+02 3.880879999999999885e-01 4.317869999999999764e-01 4.864040000000000030e-01
4.210000000000000000e+02 3.884059999999999735e-01 4.321229999999999793e-01 4.867259999999999920e-01
4.220000000000000000e+02 3.884819999999999940e-01 4.321999999999999731e-01 4.868020000000000125e-01
4.230000000000000000e+02 3.836390000000000078e-01 4.273419999999999996e-01 4.819680000000000075e-01
4.240000000000000000e+02 3.835080000000000156e-01 4.272119999999999806e-01 4.818339999999999845e-01
4.250000000000000000e+02 3.872149999999999759e-01 4.309259999999999757e-01 4.855369999999999964e-01
4.260000000000000000e+02 3.878519999999999746e-01 4.315720000000000112e-01 4.861750000000000238e-01
4.270000000000000000e+02 3.919619999999999771e-01 4.356849999999999890e-01 4.902889999999999748e-01
4.280000000000000000e+02 3.904719999999999858e-01 4.341820000000000124e-01 4.887929999999999775e-01
4.290000000000000000e+02 3.902039999999999953e-01 4.339109999999999912e-01 4.885180000000000078e-01
4.300000000000000000e+02 3.903860000000000108e-01 4.341039999999999899e-01 4.887009999999999965e-01
4.310000000000000000e+02 3.859899999999999998e-01 4.296960000000000224e-01 4.842989999999999795e-01
4.320000000000000000e+02 3.862780000000000102e-01 4.299939999999999873e-01 4.845990000000000020e-01
4.330000000000000000e+02 3.867200000000000082e-01 4.304549999999999765e-01 4.850400000000000267e-01
4.340000000000000000e+02 3.854079999999999728e-01 4.291249999999999787e-01 4.837290000000000201e-01
4.350000000000000000e+02 3.831430000000000113e-01 4.268339999999999912e-01 4.814649999999999763e-01
4.360000000000000000e+02 3.861140000000000128e-01 4.298120000000000274e-01 4.844260000000000232e-01
4.370000000000000000e+02 3.899989999999999846e-01 4.337019999999999764e-01 4.883199999999999763e-01
4.380000000000000000e+02 3.923010000000000108e-01 4.359870000000000134e-01 4.906159999999999966e-01
4.390000000000000000e+02 3.882260000000000155e-01 4.319089999999999874e-01 4.865419999999999745e-01
4.400000000000000000e+02 3.868159999999999932e-01 4.305030000000000245e-01 4.851349999999999829e-01
4.410000000000000000e+02 3.889040000000000274e-01 4.325890000000000013e-01 4.872290000000000232e-01
4.420000000000000000e+02 3.862659999999999982e-01 4.299629999999999841e-01 4.845849999999999880e-01
4.430000000000000000e+02 3.852160000000000029e-01 4.289049999999999807e-01 4.835320000000000173e-01
4.440000000000000000e+02 3.875509999999999788e-01 4.312320000000000042e-01 4.858709999999999973e-01
4.450000000000000000e+02 3.896700000000000164e-01 4.333699999999999775e-01 4.879890000000000061e-01
4.460000000000000000e+02 3.884790000000000187e-01 4.321349999999999913e-01 4.867920000000000025e-01
4.470000000000000000e+02 3.927359999999999740e-01 4.364020000000000121e-01 4.910539999999999905e-01
4.480000000000000000e+02 3.884540000000000215e-01 4.321249999999999813e-01 4.867679999999999785e-01
4.490000000000000000e+02 3.896310000000000051e-01 4.333000000000000185e-01 4.879490000000000216e-01
4.500000000000000000e+02 3.877820000000000156e-01 4.314609999999999834e-01 4.860979999999999746e-01
4.510000000000000000e+02 3.843670000000000142e-01 4.280610000000000248e-01 4.826819999999999999e-01
4.520000000000000000e+02 3.832749999999999768e-01 4.269700000000000162e-01 4.815949999999999953e-01
4.530000000000000000e+02 3.865239999999999787e-01 4.302179999999999893e-01 4.848419999999999952e-01
4.540000000000000000e+02 3.878730000000000233e-01 4.315519999999999912e-01 4.861869999999999803e-01
4.550000000000000000e+02 3.901009999999999756e-01 4.337759999999999949e-01 4.884189999999999920e-01
4.560000000000000000e+02 3.913320000000000132e-01 4.350060000000000038e-01 4.896409999999999929e-01
4.570000000000000000e+02 3.916919999999999846e-01 4.353569999999999940e-01 4.900030000000000219e-01
4.580000000000000000e+02 3.948510000000000075e-01 4.385240000000000249e-01 4.931619999999999893e-01
4.590000000000000000e+02 3.932149999999999812e-01 4.368960000000000066e-01 4.915320000000000245e-01
4.600000000000000000e+02 3.867869999999999919e-01 4.304689999999999905e-01 4.851039999999999797e-01
4.610000000000000000e+02 3.845729999999999982e-01 4.282529999999999948e-01 4.828890000000000127e-01
4.620000000000000000e+02 3.878460000000000241e-01 4.315229999999999899e-01 4.861619999999999830e-01
4.630000000000000000e+02 3.909039999999999737e-01 4.345919999999999783e-01 4.892190000000000150e-01
4.640000000000000000e+02 3.913820000000000077e-01 4.350559999999999983e-01 4.896949999999999914e-01
4.650000000000000000e+02 3.911430000000000184e-01 4.348029999999999951e-01 4.894600000000000062e-01
4.660000000000000000e+02 3.928749999999999742e-01 4.365370000000000084e-01 4.911829999999999807e-01
4.670000000000000000e+02 3.920759999999999801e-01 4.357349999999999834e-01 4.903859999999999886e-01
4.680000000000000000e+02 3.900000000000000133e-01 4.336530000000000107e-01 4.883089999999999931e-01
4.690000000000000000e+02 3.913900000000000157e-01 4.350580000000000003e-01 4.897050000000000014e-01
4.700000000000000000e+02 3.845740000000000269e-01 4.282440000000000135e-01 4.828970000000000207e-01
4.710000000000000000e+02 3.881200000000000205e-01 4.317940000000000111e-01 4.864390000000000103e-01
4.720000000000000000e+02 3.901499999999999968e-01 4.338369999999999727e-01 4.884680000000000133e-01
4.730000000000000000e+02 3.883530000000000038e-01 4.320180000000000131e-01 4.866710000000000202e-01
4.740000000000000000e+02 3.875009999999999843e-01 4.311630000000000185e-01 4.858100000000000196e-01
4.750000000000000000e+02 3.890390000000000237e-01 4.326929999999999943e-01 4.873469999999999747e-01
4.760000000000000000e+02 3.870020000000000127e-01 4.306329999999999880e-01 4.853160000000000251e-01
4.770000000000000000e+02 3.890759999999999774e-01 4.327190000000000203e-01 4.873859999999999859e-01
4.780000000000000000e+02 3.936649999999999872e-01 4.373250000000000193e-01 4.919789999999999996e-01
4.790000000000000000e+02 3.906540000000000012e-01 4.343020000000000214e-01 4.889669999999999850e-01
4.800000000000000000e+02 3.899909999999999766e-01 4.336450000000000027e-01 4.882980000000000098e-01
4.810000000000000000e+02 3.884529999999999927e-01 4.321169999999999733e-01 4.867639999999999745e-01
4.820000000000000000e+02 3.886109999999999842e-01 4.322699999999999876e-01 4.869189999999999907e-01
4.830000000000000000e+02 3.861370000000000080e-01 4.297779999999999934e-01 4.844459999999999877e-01
4.840000000000000000e+02 3.870129999999999959e-01 4.306450000000000000e-01 4.853190000000000004e-01
4.850000000000000000e+02 3.884949999999999792e-01 4.321260000000000101e-01 4.868020000000000125e-01
4.860000000000000000e+02 3.874520000000000186e-01 4.310820000000000207e-01 4.857589999999999963e-01
4.870000000000000000e+02 3.882599999999999940e-01 4.319009999999999794e-01 4.865630000000000233e-01
4.880000000000000000e+02 3.888229999999999742e-01 4.324760000000000271e-01 4.871320000000000094e-01
4.890000000000000000e+02 3.890140000000000264e-01 4.326720000000000010e-01 4.873270000000000102e-01
4.900000000000000000e+02 3.878059999999999841e-01 4.314660000000000162e-01 4.861170000000000213e-01
4.910000000000000000e+02 3.881029999999999758e-01 4.317489999999999939e-01 4.864109999999999823e-01
4.920000000000000000e+02 3.889429999999999832e-01 4.325720000000000121e-01 4.872489999999999877e-01
4.930000000000000000e+02 3.907809999999999895e-01 4.344180000000000264e-01 4.890840000000000187e-01
4.940000000000000000e+02 3.898610000000000131e-01 4.334890000000000132e-01 4.881599999999999828e-01
4.950000000000000000e+02 3.882160000000000055e-01 4.318429999999999769e-01 4.865180000000000060e-01
4.960000000000000000e+02 3.939540000000000264e-01 4.375839999999999730e-01 4.922560000000000269e-01
4.970000000000000000e+02 3.904880000000000018e-01 4.341209999999999791e-01 4.887900000000000023e-01
4.980000000000000000e+02 3.925799999999999845e-01 4.362119999999999886e-01 4.908830000000000138e-01
4.990000000000000000e+02 3.911439999999999917e-01 4.347759999999999958e-01 4.894439999999999902e-01
5.000000000000000000e+02 3.916959999999999886e-01 4.353159999999999807e-01 4.900019999999999931e-01
5.010000000000000000e+02 3.881919999999999815e-01 4.318270000000000164e-01 4.864959999999999840e-01
5.020000000000000000e+02 3.917550000000000199e-01 4.353859999999999952e-01 4.900570000000000204e-01
5.030000000000000000e+02 3.918710000000000249e-01 4.354959999999999942e-01 4.901710000000000234e-01
5.040000000000000000e+02 3.907689999999999775e-01 4.343839999999999923e-01 4.890660000000000007e-01
5.050000000000000000e+02 3.916930000000000134e-01 4.353179999999999827e-01 4.899919999999999831e-01
5.060000000000000000e+02 3.945440000000000058e-01 4.381789999999999852e-01 4.928460000000000063e-01
5.070000000000000000e+02 3.947030000000000260e-01 4.383400000000000074e-01 4.930149999999999810e-01
5.080000000000000000e+02 3.931669999999999887e-01 4.368020000000000236e-01 4.914740000000000220e-01
5.090000000000000000e+02 3.906999999999999917e-01 4.343250000000000166e-01 4.889990000000000170e-01
5.100000000000000000e+02 3.914659999999999807e-01 4.350749999999999895e-01 4.897639999999999771e-01
5.110000000000000000e+02 3.907769999999999855e-01 4.343839999999999923e-01 4.890729999999999800e-01
5.120000000000000000e+02 3.908050000000000135e-01 4.344319999999999848e-01 4.891050000000000120e-01
5.130000000000000000e+02 3.907709999999999795e-01 4.344029999999999836e-01 4.890720000000000067e-01
5.140000000000000000e+02 3.918769999999999754e-01 4.355129999999999835e-01 4.901760000000000006e-01
5.150000000000000000e+02 3.932789999999999897e-01 4.369199999999999751e-01 4.915840000000000209e-01
5.160000000000000000e+02 3.907660000000000022e-01 4.343980000000000063e-01 4.890700000000000047e-01
5.170000000000000000e+02 3.904090000000000060e-01 4.340410000000000101e-01 4.887150000000000105e-01
5.180000000000000000e+02 3.908710000000000240e-01 4.344890000000000141e-01 4.891789999999999750e-01
5.190000000000000000e+02 3.892410000000000037e-01 4.328629999999999978e-01 4.875499999999999834e-01
5.200000000000000000e+02 3.906800000000000272e-01 4.342929999999999846e-01 4.889800000000000257e-01
5.210000000000000000e+02 3.880310000000000148e-01 4.316409999999999969e-01 4.863379999999999925e-01
5.220000000000000000e+02 3.887209999999999832e-01 4.323259999999999881e-01 4.870280000000000165e-01
5.230000000000000000e+02 3.911009999999999764e-01 4.347090000000000121e-01 4.893989999999999729e-01
5.240000000000000000e+02 3.951020000000000088e-01 4.387110000000000176e-01 4.934049999999999825e-01
5.250000000000000000e+02 3.924509999999999943e-01 4.360680000000000112e-01 4.907500000000000195e-01
5.260000000000000000e+02 3.917359999999999731e-01 4.353319999999999967e-01 4.900360000000000271e-01
5.270000000000000000e+02 3.945420000000000038e-01 4.381430000000000047e-01 4.928400000000000003e-01
5.280000000000000000e+02 3.914309999999999734e-01 4.350299999999999723e-01 4.897299999999999986e-01
5.290000000000000000e+02 3.933349999999999902e-01 4.369410000000000238e-01 4.916320000000000134e-01
5.300000000000000000e+02 3.927620000000000000e-01 4.363580000000000236e-01 4.910579999999999945e-01
5.310000000000000000e+02 3.937620000000000009e-01 4.373750000000000138e-01 4.920599999999999974e-01
5.320000000000000000e+02 3.942919999999999758e-01 4.378960000000000075e-01 4.925880000000000258e-01
5.330000000000000000e+02 3.961939999999999906e-01 4.397900000000000142e-01 4.944959999999999911e-01
5.340000000000000000e+02 3.925799999999999845e-01 4.361809999999999854e-01 4.908750000000000058e-01
5.350000000000000000e+02 3.928389999999999938e-01 4.364350000000000174e-01 4.911309999999999842e-01
5.360000000000000000e+02 3.924489999999999923e-01 4.360580000000000012e-01 4.907460000000000155e-01
5.370000000000000000e+02 3.936350000000000127e-01 4.372369999999999868e-01 4.919330000000000092e-01
5.380000000000000000e+02 3.925549999999999873e-01 4.361709999999999754e-01 4.908489999999999798e-01
5.390000000000000000e+02 3.923099999999999921e-01 4.359160000000000257e-01 4.906050000000000133e-01
5.400000000000000000e+02 3.912769999999999859e-01 4.348790000000000155e-01 4.895729999999999804e-01
5.410000000000000000e+02 3.943119999999999958e-01 4.379239999999999799e-01 4.926079999999999903e-01
5.420000000000000000e+02 3.932700000000000085e-01 4.368759999999999866e-01 4.915680000000000049e-01
5.430000000000000000e+02 3.919179999999999886e-01 4.355200000000000182e-01 4.902190000000000158e-01
5.440000000000000000e+02 3.944779999999999953e-01 4.380729999999999902e-01 4.927730000000000166e-01
5.450000000000000000e+02 3.977519999999999945e-01 4.413529999999999953e-01 4.960450000000000137e-01
5.460000000000000000e+02 3.970600000000000240e-01 4.406590000000000229e-01 4.953549999999999898e-01
5.470000000000000000e+02 3.964329999999999798e-01 4.400220000000000242e-01 4.947340000000000071e-01
5.480000000000000000e+02 3.939230000000000231e-01 4.375209999999999932e-01 4.922230000000000216e-01
5.490000000000000000e+02 3.941580000000000084e-01 4.377550000000000052e-01 4.924540000000000028e-01
5.500000000000000000e+02 3.947060000000000013e-01 4.383050000000000002e-01 4.930080000000000018e-01
5.510000000000000000e+02 3.960609999999999964e-01 4.396479999999999833e-01 4.943620000000000236e-01
5.520000000000000000e+02 3.944900000000000073e-01 4.380740000000000189e-01 4.927869999999999751e-01
5.530000000000000000e+02 3.959690000000000154e-01 4.395490000000000230e-01 4.942679999999999851e-01
5.540000000000000000e+02 3.936549999999999772e-01 4.372389999999999888e-01 4.919499999999999984e-01
5.550000000000000000e+02 3.950629999999999975e-01 4.386550000000000171e-01 4.933609999999999940e-01
5.560000000000000000e+02 3.924050000000000038e-01 4.359810000000000074e-01 4.906949999999999923e-01
5.570000000000000000e+02 3.935870000000000202e-01 4.371700000000000030e-01 4.918850000000000167e-01
5.580000000000000000e+02 3.924940000000000095e-01 4.360850000000000004e-01 4.907940000000000080e-01
5.590000000000000000e+02 3.896899999999999809e-01 4.332730000000000192e-01 4.879899999999999793e-01
5.600000000000000000e+02 3.932880000000000265e-01 4.368750000000000133e-01 4.915889999999999982e-01
5.610000000000000000e+02 3.943220000000000058e-01 4.379140000000000255e-01 4.926220000000000043e-01
5.620000000000000000e+02 3.936000000000000054e-01 4.371889999999999943e-01 4.919000000000000039e-01
5.630000000000000000e+02 3.941540000000000044e-01 4.377389999999999892e-01 4.924479999999999968e-01
5.640000000000000000e+02 3.933729999999999727e-01 4.369399999999999951e-01 4.916749999999999732e-01
5.650000000000000000e+02 3.952209999999999890e-01 4.388000000000000234e-01 4.935209999999999875e-01
5.660000000000000000e+02 3.943030000000000146e-01 4.378799999999999915e-01 4.925979999999999803e-01
5.670000000000000000e+02 3.940069999999999961e-01 4.375870000000000037e-01 4.923089999999999966e-01
5.680000000000000000e+02 3.955290000000000195e-01 4.391160000000000063e-01 4.938330000000000219e-01
5.690000000000000000e+02 3.944940000000000113e-01 4.380800000000000249e-01 4.927969999999999851e-01
5.700000000000000000e+02 3.902930000000000010e-01 4.338910000000000267e-01 4.885959999999999748e-01
5.710000000000000000e+02 3.946529999999999760e-01 4.382249999999999757e-01 4.929569999999999785e-01
5.720000000000000000e+02 3.937439999999999829e-01 4.373059999999999725e-01 4.920399999999999774e-01
5.730000000000000000e+02 3.911410000000000164e-01 4.347170000000000201e-01 4.894399999999999862e-01
5.740000000000000000e+02 3.921520000000000006e-01 4.357130000000000170e-01 4.904479999999999951e-01
5.750000000000000000e+02 3.943439999999999723e-01 4.378859999999999975e-01 4.926369999999999916e-01
5.760000000000000000e+02 3.953340000000000187e-01 4.388989999999999836e-01 4.936369999999999925e-01
5.770000000000000000e+02 3.941859999999999808e-01 4.377559999999999785e-01 4.924919999999999853e-01
5.780000000000000000e+02 3.955339999999999967e-01 4.391109999999999736e-01 4.938359999999999972e-01
5.790000000000000000e+02 3.938369999999999926e-01 4.374040000000000150e-01 4.921360000000000179e-01
5.800000000000000000e+02 3.925230000000000108e-01 4.360890000000000044e-01 4.908179999999999765e-01
5.810000000000000000e+02 3.941390000000000171e-01 4.377039999999999820e-01 4.924379999999999868e-01
5.820000000000000000e+02 3.916990000000000194e-01 4.352639999999999842e-01 4.899939999999999851e-01
5.830000000000000000e+02 3.940489999999999826e-01 4.376090000000000257e-01 4.923449999999999771e-01
5.840000000000000000e+02 3.951850000000000085e-01 4.387409999999999921e-01 4.934760000000000257e-01
5.850000000000000000e+02 3.929440000000000155e-01 4.365029999999999744e-01 4.912369999999999792e-01
5.860000000000000000e+02 3.930190000000000072e-01 4.365809999999999969e-01 4.913100000000000245e-01
5.870000000000000000e+02 3.921709999999999918e-01 4.357329999999999814e-01 4.904660000000000131e-01
5.880000000000000000e+02 3.934039999999999759e-01 4.369759999999999756e-01 4.917050000000000032e-01
5.890000000000000000e+02 3.951140000000000208e-01 4.386900000000000244e-01 4.934120000000000172e-01
5.900000000000000000e+02 3.958679999999999977e-01 4.394339999999999913e-01 4.941679999999999962e-01
5.910000000000000000e+02 3.938559999999999839e-01 4.374170000000000003e-01 4.921479999999999744e-01
5.920000000000000000e+02 3.924949999999999828e-01 4.360629999999999784e-01 4.907850000000000268e-01
5.930000000000000000e+02 3.924440000000000150e-01 4.360100000000000087e-01 4.907409999999999828e-01
5.940000000000000000e+02 3.940480000000000094e-01 4.376070000000000237e-01 4.923420000000000019e-01
5.950000000000000000e+02 3.935730000000000062e-01 4.371430000000000038e-01 4.918719999999999759e-01
5.960000000000000000e+02 3.943829999999999836e-01 4.379339999999999899e-01 4.926730000000000276e-01
5.970000000000000000e+02 3.927840000000000220e-01 4.363529999999999909e-01 4.910760000000000125e-01
5.980000000000000000e+02 3.930420000000000025e-01 4.366019999999999901e-01 4.913390000000000257e-01
5.990000000000000000e+02 3.945750000000000091e-01 4.381280000000000174e-01 4.928699999999999748e-01
6.000000000000000000e+02 3.928180000000000005e-01 4.363859999999999961e-01 4.911159999999999970e-01
6.010000000000000000e+02 3.969530000000000003e-01 4.405249999999999999e-01 4.952489999999999948e-01
6.020000000000000000e+02 3.981859999999999844e-01 4.417539999999999800e-01 4.964749999999999996e-01
6.030000000000000000e+02 3.969520000000000270e-01 4.405149999999999899e-01 4.952460000000000195e-01
6.040000000000000000e+02 3.958800000000000097e-01 4.394359999999999933e-01 4.941809999999999814e-01
6.050000000000000000e+02 3.981669999999999932e-01 4.417269999999999808e-01 4.964580000000000104e-01
6.060000000000000000e+02 3.969900000000000095e-01 4.405510000000000259e-01 4.952860000000000040e-01
6.070000000000000000e+02 3.940429999999999766e-01 4.376010000000000177e-01 4.923359999999999959e-01
6.080000000000000000e+02 3.926259999999999750e-01 4.361889999999999934e-01 4.909279999999999755e-01
6.090000000000000000e+02 3.941540000000000044e-01 4.377070000000000127e-01 4.924470000000000236e-01
6.100000000000000000e+02 3.932089999999999752e-01 4.367679999999999896e-01 4.915100000000000025e-01
6.110000000000000000e+02 3.942649999999999766e-01 4.378210000000000157e-01 4.925640000000000018e-01
6.120000000000000000e+02 3.948130000000000250e-01 4.383799999999999919e-01 4.931189999999999740e-01
6.130000000000000000e+02 3.970839999999999925e-01 4.406419999999999781e-01 4.953790000000000138e-01
6.140000000000000000e+02 3.976689999999999947e-01 4.412289999999999823e-01 4.959720000000000240e-01
6.150000000000000000e+02 3.956410000000000204e-01 4.391959999999999753e-01 4.939399999999999902e-01
6.160000000000000000e+02 3.957459999999999867e-01 4.392940000000000178e-01 4.940490000000000159e-01
6.170000000000000000e+02 3.922539999999999916e-01 4.358150000000000079e-01 4.905519999999999881e-01
6.180000000000000000e+02 3.946839999999999793e-01 4.382389999999999897e-01 4.929830000000000045e-01
6.190000000000000000e+02 3.963249999999999829e-01 4.398770000000000180e-01 4.946209999999999773e-01
6.200000000000000000e+02 3.970279999999999920e-01 4.405789999999999984e-01 4.953239999999999865e-01
6.210000000000000000e+02 3.963530000000000109e-01 4.399029999999999885e-01 4.946590000000000154e-01
6.220000000000000000e+02 3.946760000000000268e-01 4.382199999999999984e-01 4.929780000000000273e-01
6.230000000000000000e+02 3.929889999999999772e-01 4.365519999999999956e-01 4.912969999999999837e-01
6.240000000000000000e+02 3.949329999999999785e-01 4.384830000000000116e-01 4.932389999999999830e-01
6.250000000000000000e+02 3.947680000000000078e-01 4.383150000000000102e-01 4.930769999999999875e-01
6.260000000000000000e+02 3.972109999999999808e-01 4.407559999999999811e-01 4.955109999999999792e-01
6.270000000000000000e+02 3.994340000000000113e-01 4.429739999999999789e-01 4.977320000000000078e-01
6.280000000000000000e+02 3.973700000000000010e-01 4.409100000000000241e-01 4.956690000000000262e-01
6.290000000000000000e+02 3.965440000000000076e-01 4.400749999999999940e-01 4.948449999999999793e-01
6.300000000000000000e+02 3.981739999999999724e-01 4.417189999999999728e-01 4.964660000000000184e-01
6.310000000000000000e+02 3.982669999999999821e-01 4.418199999999999905e-01 4.965620000000000034e-01
6.320000000000000000e+02 3.981219999999999759e-01 4.416680000000000050e-01 4.964199999999999724e-01
6.330000000000000000e+02 3.995219999999999883e-01 4.430629999999999846e-01 4.978239999999999887e-01
6.340000000000000000e+02 3.980429999999999802e-01 4.415930000000000133e-01 4.963409999999999767e-01
6.350000000000000000e+02 3.989849999999999786e-01 4.425259999999999749e-01 4.972849999999999770e-01
6.360000000000000000e+02 3.988430000000000031e-01 4.423849999999999727e-01 4.971439999999999748e-01
6.370000000000000000e+02 3.980250000000000177e-01 4.415700000000000180e-01 4.963210000000000122e-01
6.380000000000000000e+02 3.991049999999999875e-01 4.426530000000000187e-01 4.974000000000000088e-01
6.390000000000000000e+02 4.003669999999999729e-01 4.439150000000000040e-01 4.986659999999999981e-01
6.400000000000000000e+02 3.976190000000000002e-01 4.411579999999999946e-01 4.959149999999999947e-01
6.410000000000000000e+02 3.971689999999999943e-01 4.407070000000000154e-01 4.954649999999999888e-01
6.420000000000000000e+02 3.966939999999999911e-01 4.402380000000000182e-01 4.949950000000000183e-01
6.430000000000000000e+02 3.930449999999999777e-01 4.365840000000000276e-01 4.913370000000000237e-01
6.440000000000000000e+02 3.969730000000000203e-01 4.405189999999999939e-01 4.952699999999999880e-01
6.450000000000000000e+02 3.957089999999999774e-01 4.392510000000000026e-01 4.940149999999999819e-01
6.460000000000000000e+02 3.968760000000000066e-01 4.404239999999999822e-01 4.951749999999999763e-01
6.470000000000000000e+02 3.976319999999999855e-01 4.411760000000000126e-01 4.959279999999999800e-01
6.480000000000000000e+02 3.986230000000000051e-01 4.421619999999999995e-01 4.969149999999999956e-01
6.490000000000000000e+02 3.961669999999999914e-01 4.396979999999999777e-01 4.944669999999999899e-01
6.500000000000000000e+02 3.964019999999999766e-01 4.399429999999999730e-01 4.947030000000000038e-01
6.510000000000000000e+02 3.969940000000000135e-01 4.405310000000000059e-01 4.952969999999999873e-01
6.520000000000000000e+02 3.981049999999999867e-01 4.416390000000000038e-01 4.964089999999999892e-01
6.530000000000000000e+02 3.970150000000000068e-01 4.405560000000000032e-01 4.953170000000000073e-01
6.540000000000000000e+02 3.956310000000000104e-01 4.391630000000000256e-01 4.939339999999999842e-01
6.550000000000000000e+02 3.955739999999999812e-01 4.391070000000000251e-01 4.938770000000000104e-01
6.560000000000000000e+02 3.945379999999999998e-01 4.380660000000000109e-01 4.928379999999999983e-01
6.570000000000000000e+02 3.945310000000000206e-01 4.380589999999999762e-01 4.928270000000000151e-01
6.580000000000000000e+02 3.973889999999999922e-01 4.409199999999999786e-01 4.956860000000000155e-01
6.590000000000000000e+02 3.994960000000000178e-01 4.430310000000000081e-01 4.977960000000000163e-01
6.600000000000000000e+02 4.005319999999999991e-01 4.440680000000000183e-01 4.988230000000000164e-01
6.610000000000000000e+02 3.986359999999999904e-01 4.421720000000000095e-01 4.969310000000000116e-01
6.620000000000000000e+02 3.984280000000000044e-01 4.419620000000000215e-01 4.967269999999999741e-01
6.630000000000000000e+02 3.975520000000000165e-01 4.410859999999999781e-01 4.958529999999999882e-01
6.640000000000000000e+02 3.967789999999999928e-01 4.403139999999999832e-01 4.950729999999999853e-01
6.650000000000000000e+02 3.976709999999999967e-01 4.412090000000000178e-01 4.959669999999999912e-01
6.660000000000000000e+02 3.964529999999999998e-01 4.399879999999999902e-01 4.947559999999999736e-01
6.670000000000000000e+02 3.964360000000000106e-01 4.399609999999999910e-01 4.947340000000000071e-01
6.680000000000000000e+02 3.988920000000000243e-01 4.424219999999999819e-01 4.971860000000000168e-01
6.690000000000000000e+02 3.988349999999999951e-01 4.423710000000000142e-01 4.971289999999999876e-01
6.700000000000000000e+02 3.989800000000000013e-01 4.425120000000000164e-01 4.972719999999999918e-01
6.710000000000000000e+02 3.996790000000000065e-01 4.432150000000000256e-01 4.979779999999999762e-01
6.720000000000000000e+02 3.960270000000000179e-01 4.395649999999999835e-01 4.943299999999999916e-01
6.730000000000000000e+02 3.988840000000000163e-01 4.424159999999999759e-01 4.971820000000000128e-01
6.740000000000000000e+02 3.983050000000000201e-01 4.418309999999999738e-01 4.966050000000000186e-01
6.750000000000000000e+02 3.967140000000000111e-01 4.402420000000000222e-01 4.950100000000000056e-01
6.760000000000000000e+02 3.978389999999999982e-01 4.413639999999999786e-01 4.961389999999999967e-01
6.770000000000000000e+02 3.956259999999999777e-01 4.391559999999999908e-01 4.939299999999999802e-01
6.780000000000000000e+02 3.969130000000000158e-01 4.404399999999999982e-01 4.952139999999999875e-01
6.790000000000000000e+02 3.955409999999999759e-01 4.390660000000000118e-01 4.938500000000000112e-01
6.800000000000000000e+02 3.967990000000000128e-01 4.403239999999999932e-01 4.950999999999999845e-01
6.810000000000000000e+02 3.973690000000000278e-01 4.408969999999999834e-01 4.956729999999999747e-01
6.820000000000000000e+02 3.972010000000000263e-01 4.407240000000000046e-01 4.955049999999999732e-01
6.830000000000000000e+02 3.975219999999999865e-01 4.410359999999999836e-01 4.958230000000000137e-01
6.840000000000000000e+02 3.978990000000000027e-01 4.414250000000000118e-01 4.961969999999999992e-01
6.850000000000000000e+02 3.989590000000000081e-01 4.424779999999999824e-01 4.972599999999999798e-01
6.860000000000000000e+02 3.998340000000000227e-01 4.433570000000000011e-01 4.981380000000000252e-01
6.870000000000000000e+02 3.991430000000000256e-01 4.426669999999999772e-01 4.974489999999999745e-01
6.880000000000000000e+02 3.982749999999999901e-01 4.417989999999999973e-01 4.965789999999999926e-01
6.890000000000000000e+02 4.007060000000000066e-01 4.442209999999999770e-01 4.990049999999999764e-01
6.900000000000000000e+02 3.994159999999999933e-01 4.429390000000000271e-01 4.977199999999999958e-01
6.910000000000000000e+02 3.994889999999999830e-01 4.430089999999999861e-01 4.977920000000000122e-01
6.920000000000000000e+02 4.004730000000000234e-01 4.439949999999999730e-01 4.987719999999999931e-01
6.930000000000000000e+02 4.004130000000000189e-01 4.439330000000000220e-01 4.987170000000000214e-01
6.940000000000000000e+02 3.989730000000000221e-01 4.424870000000000192e-01 4.972679999999999878e-01
6.950000000000000000e+02 3.992359999999999798e-01 4.427499999999999769e-01 4.975339999999999763e-01
6.960000000000000000e+02 3.984579999999999789e-01 4.419730000000000047e-01 4.967530000000000001e-01
6.970000000000000000e+02 3.982299999999999729e-01 4.417479999999999740e-01 4.965289999999999981e-01
6.980000000000000000e+02 4.006190000000000029e-01 4.441120000000000068e-01 4.989190000000000014e-01
6.990000000000000000e+02 4.025279999999999969e-01 4.460140000000000216e-01 5.008350000000000302e-01
7.000000000000000000e+02 4.015690000000000093e-01 4.450470000000000259e-01 4.998699999999999810e-01
7.010000000000000000e+02 3.995810000000000195e-01 4.430450000000000221e-01 4.978799999999999892e-01
7.020000000000000000e+02 4.023590000000000222e-01 4.458210000000000228e-01 5.006580000000000474e-01
7.030000000000000000e+02 4.037240000000000273e-01 4.471720000000000139e-01 5.020259999999999723e-01
7.040000000000000000e+02 4.056799999999999851e-01 4.491180000000000172e-01 5.039780000000000371e-01
7.050000000000000000e+02 4.079539999999999833e-01 4.513809999999999767e-01 5.062489999999999490e-01
7.060000000000000000e+02 4.094539999999999846e-01 4.528730000000000255e-01 5.077439999999999731e-01
7.070000000000000000e+02 4.089949999999999974e-01 4.524070000000000036e-01 5.072879999999999612e-01
7.080000000000000000e+02 4.096890000000000254e-01 4.531049999999999800e-01 5.079860000000000486e-01
7.090000000000000000e+02 4.098029999999999728e-01 4.532140000000000057e-01 5.080989999999999673e-01
7.100000000000000000e+02 4.084639999999999938e-01 4.518650000000000166e-01 5.067599999999999882e-01
7.110000000000000000e+02 4.083410000000000095e-01 4.517479999999999829e-01 5.066370000000000040e-01
7.120000000000000000e+02 4.092339999999999867e-01 4.526439999999999908e-01 5.075309999999999544e-01
7.130000000000000000e+02 4.089389999999999969e-01 4.523469999999999991e-01 5.072360000000000202e-01
7.140000000000000000e+02 4.089369999999999949e-01 4.523429999999999951e-01 5.072320000000000162e-01
7.150000000000000000e+02 4.090759999999999952e-01 4.524850000000000261e-01 5.073739999999999917e-01
7.160000000000000000e+02 4.095369999999999844e-01 4.529480000000000173e-01 5.078340000000000076e-01
7.170000000000000000e+02 4.096210000000000129e-01 4.530339999999999923e-01 5.079190000000000094e-01
7.180000000000000000e+02 4.096400000000000041e-01 4.530520000000000103e-01 5.079369999999999719e-01
7.190000000000000000e+02 4.096400000000000041e-01 4.530520000000000103e-01 5.079369999999999719e-01
7.200000000000000000e+02 4.096400000000000041e-01 4.530520000000000103e-01 5.079369999999999719e-01
7.210000000000000000e+02 4.096400000000000041e-01 4.530520000000000103e-01 5.079369999999999719e-01
7.220000000000000000e+02 4.096400000000000041e-01 4.530520000000000103e-01 5.079369999999999719e-01
7.230000000000000000e+02 4.096400000000000041e-01 4.530520000000000103e-01 5.079369999999999719e-01
7.240000000000000000e+02 4.096400000000000041e-01 4.530520000000000103e-01 5.079369999999999719e-01
7.250000000000000000e+02 4.096400000000000041e-01 4.530520000000000103e-01 5.079369999999999719e-01
7.260000000000000000e+02 4.096400000000000041e-01 4.530520000000000103e-01 5.079369999999999719e-01
7.270000000000000000e+02 4.096400000000000041e-01 4.530520000000000103e-01 5.079369999999999719e-01
7.280000000000000000e+02 4.096400000000000041e-01 4.530520000000000103e-01 5.079369999999999719e-01
7.290000000000000000e+02 4.096400000000000041e-01 4.530520000000000103e-01 5.079369999999999719e-01
7.300000000000000000e+02 4.096400000000000041e-01 4.530520000000000103e-01 5.079369999999999719e-01
7.310000000000000000e+02 4.096400000000000041e-01 4.530520000000000103e-01 5.079369999999999719e-01
7.320000000000000000e+02 4.096400000000000041e-01 4.530520000000000103e-01 5.079369999999999719e-01
7.330000000000000000e+02 4.096400000000000041e-01 4.530520000000000103e-01 5.079369999999999719e-01
7.340000000000000000e+02 4.096400000000000041e-01 4.530520000000000103e-01 5.079369999999999719e-01
7.350000000000000000e+02 4.096400000000000041e-01 4.530520000000000103e-01 5.079369999999999719e-01
7.360000000000000000e+02 4.096400000000000041e-01 4.530520000000000103e-01 5.079369999999999719e-01
7.370000000000000000e+02 4.096400000000000041e-01 4.530520000000000103e-01 5.079369999999999719e-01
7.380000000000000000e+02 4.096400000000000041e-01 4.530520000000000103e-01 5.079369999999999719e-01
7.390000000000000000e+02 4.096400000000000041e-01 4.530520000000000103e-01 5.079369999999999719e-01
7.400000000000000000e+02 4.096400000000000041e-01 4.530520000000000103e-01 5.079369999999999719e-01
7.410000000000000000e+02 4.096400000000000041e-01 4.530520000000000103e-01 5.079369999999999719e-01
7.420000000000000000e+02 4.096400000000000041e-01 4.530520000000000103e-01 5.079369999999999719e-01
7.430000000000000000e+02 4.096400000000000041e-01 4.530520000000000103e-01 5.079369999999999719e-01
7.440000000000000000e+02 4.096400000000000041e-01 4.530520000000000103e-01 5.079369999999999719e-01
7.450000000000000000e+02 4.096400000000000041e-01 4.530520000000000103e-01 5.079369999999999719e-01
7.460000000000000000e+02 4.096400000000000041e-01 4.530520000000000103e-01 5.079369999999999719e-01
7.470000000000000000e+02 4.096400000000000041e-01 4.530520000000000103e-01 5.079369999999999719e-01
7.480000000000000000e+02 4.096400000000000041e-01 4.530520000000000103e-01 5.079369999999999719e-01
7.490000000000000000e+02 4.096400000000000041e-01 4.530520000000000103e-01 5.079369999999999719e-01
7.500000000000000000e+02 4.096400000000000041e-01 4.530520000000000103e-01 5.079369999999999719e-01
7.510000000000000000e+02 4.096400000000000041e-01 4.530520000000000103e-01 5.079369999999999719e-01
7.520000000000000000e+02 4.096400000000000041e-01 4.530520000000000103e-01 5.079369999999999719e-01
7.530000000000000000e+02 4.096400000000000041e-01 4.530520000000000103e-01 5.079369999999999719e-01
7.540000000000000000e+02 4.096400000000000041e-01 4.530520000000000103e-01 5.079369999999999719e-01
7.550000000000000000e+02 4.096400000000000041e-01 4.530520000000000103e-01 5.079369999999999719e-01
7.560000000000000000e+02 4.096400000000000041e-01 4.530520000000000103e-01 5.079369999999999719e-01
7.570000000000000000e+02 4.096400000000000041e-01 4.530520000000000103e-01 5.079369999999999719e-01
7.580000000000000000e+02 4.096400000000000041e-01 4.530520000000000103e-01 5.079369999999999719e-01
7.590000000000000000e+02 4.096400000000000041e-01 4.530520000000000103e-01 5.079369999999999719e-01
7.600000000000000000e+02 4.096400000000000041e-01 4.530520000000000103e-01 5.079369999999999719e-01
7.610000000000000000e+02 4.096400000000000041e-01 4.530520000000000103e-01 5.079369999999999719e-01
7.620000000000000000e+02 4.096400000000000041e-01 4.530520000000000103e-01 5.079369999999999719e-01
7.630000000000000000e+02 4.096400000000000041e-01 4.530520000000000103e-01 5.079369999999999719e-01
7.640000000000000000e+02 4.096400000000000041e-01 4.530520000000000103e-01 5.079369999999999719e-01
7.650000000000000000e+02 4.096400000000000041e-01 4.530520000000000103e-01 5.079369999999999719e-01
7.660000000000000000e+02 4.096400000000000041e-01 4.530520000000000103e-01 5.079369999999999719e-01
7.670000000000000000e+02 4.096400000000000041e-01 4.530520000000000103e-01 5.079369999999999719e-01
7.680000000000000000e+02 4.096400000000000041e-01 4.530520000000000103e-01 5.079369999999999719e-01
7.690000000000000000e+02 4.096400000000000041e-01 4.530520000000000103e-01 5.079369999999999719e-01
7.700000000000000000e+02 4.096400000000000041e-01 4.530520000000000103e-01 5.079369999999999719e-01
7.710000000000000000e+02 4.096400000000000041e-01 4.530520000000000103e-01 5.079369999999999719e-01
7.720000000000000000e+02 4.096400000000000041e-01 4.530520000000000103e-01 5.079369999999999719e-01
7.730000000000000000e+02 4.096400000000000041e-01 4.530520000000000103e-01 5.079369999999999719e-01
7.740000000000000000e+02 4.096400000000000041e-01 4.530520000000000103e-01 5.079369999999999719e-01
7.750000000000000000e+02 4.096400000000000041e-01 4.530520000000000103e-01 5.079369999999999719e-01
7.760000000000000000e+02 4.096400000000000041e-01 4.530520000000000103e-01 5.079369999999999719e-01
7.770000000000000000e+02 4.096400000000000041e-01 4.530520000000000103e-01 5.079369999999999719e-01
7.780000000000000000e+02 4.096400000000000041e-01 4.530520000000000103e-01 5.079369999999999719e-01
7.790000000000000000e+02 4.096400000000000041e-01 4.530520000000000103e-01 5.079369999999999719e-01
7.800000000000000000e+02 4.096400000000000041e-01 4.530520000000000103e-01 5.079369999999999719e-01
7.810000000000000000e+02 4.096400000000000041e-01 4.530520000000000103e-01 5.079369999999999719e-01
7.820000000000000000e+02 4.096400000000000041e-01 4.530520000000000103e-01 5.079369999999999719e-01
7.830000000000000000e+02 4.096400000000000041e-01 4.530520000000000103e-01 5.079369999999999719e-01
7.840000000000000000e+02 4.096400000000000041e-01 4.530520000000000103e-01 5.079369999999999719e-01
7.850000000000000000e+02 4.096400000000000041e-01 4.530520000000000103e-01 5.079369999999999719e-01
7.860000000000000000e+02 4.096400000000000041e-01 4.530520000000000103e-01 5.079369999999999719e-01
7.870000000000000000e+02 4.096400000000000041e-01 4.530520000000000103e-01 5.079369999999999719e-01
7.880000000000000000e+02 4.096400000000000041e-01 4.530520000000000103e-01 5.079369999999999719e-01
7.890000000000000000e+02 4.096400000000000041e-01 4.530520000000000103e-01 5.079369999999999719e-01
7.900000000000000000e+02 4.096400000000000041e-01 4.530520000000000103e-01 5.079369999999999719e-01
7.910000000000000000e+02 4.096400000000000041e-01 4.530520000000000103e-01 5.079369999999999719e-01
7.920000000000000000e+02 4.096400000000000041e-01 4.530520000000000103e-01 5.079369999999999719e-01
7.930000000000000000e+02 4.096400000000000041e-01 4.530520000000000103e-01 5.079369999999999719e-01
7.940000000000000000e+02 4.096400000000000041e-01 4.530520000000000103e-01 5.079369999999999719e-01
7.950000000000000000e+02 4.096400000000000041e-01 4.530520000000000103e-01 5.079369999999999719e-01
7.960000000000000000e+02 4.096400000000000041e-01 4.530520000000000103e-01 5.079369999999999719e-01
7.970000000000000000e+02 4.096400000000000041e-01 4.530520000000000103e-01 5.079369999999999719e-01
7.980000000000000000e+02 4.096400000000000041e-01 4.530520000000000103e-01 5.079369999999999719e-01
7.990000000000000000e+02 4.096400000000000041e-01 4.530520000000000103e-01 5.079369999999999719e-01
8.000000000000000000e+02 4.096400000000000041e-01 4.530520000000000103e-01 5.079369999999999719e-01
8.010000000000000000e+02 4.096400000000000041e-01 4.530520000000000103e-01 5.079369999999999719e-01
8.020000000000000000e+02 4.096400000000000041e-01 4.530520000000000103e-01 5.079369999999999719e-01
8.030000000000000000e+02 4.096400000000000041e-01 4.530520000000000103e-01 5.079369999999999719e-01
8.040000000000000000e+02 4.096400000000000041e-01 4.530520000000000103e-01 5.079369999999999719e-01
8.050000000000000000e+02 4.096400000000000041e-01 4.530520000000000103e-01 5.079369999999999719e-01
8.060000000000000000e+02 4.096400000000000041e-01 4.530520000000000103e-01 5.079369999999999719e-01
8.070000000000000000e+02 4.096400000000000041e-01 4.530520000000000103e-01 5.079369999999999719e-01
8.080000000000000000e+02 4.096400000000000041e-01 4.530520000000000103e-01 5.079369999999999719e-01
8.090000000000000000e+02 4.096400000000000041e-01 4.530520000000000103e-01 5.079369999999999719e-01
8.100000000000000000e+02 4.096400000000000041e-01 4.530520000000000103e-01 5.079369999999999719e-01
8.110000000000000000e+02 4.096400000000000041e-01 4.530520000000000103e-01 5.079369999999999719e-01
8.120000000000000000e+02 4.096400000000000041e-01 4.530520000000000103e-01 5.079369999999999719e-01
8.130000000000000000e+02 4.096400000000000041e-01 4.530520000000000103e-01 5.079369999999999719e-01
8.140000000000000000e+02 4.096400000000000041e-01 4.530520000000000103e-01 5.079369999999999719e-01
8.150000000000000000e+02 4.096400000000000041e-01 4.530520000000000103e-01 5.079369999999999719e-01
8.160000000000000000e+02 4.096400000000000041e-01 4.530520000000000103e-01 5.079369999999999719e-01
8.170000000000000000e+02 4.096400000000000041e-01 4.530520000000000103e-01 5.079369999999999719e-01
8.180000000000000000e+02 4.096400000000000041e-01 4.530520000000000103e-01 5.079369999999999719e-01
8.190000000000000000e+02 4.096400000000000041e-01 4.530520000000000103e-01 5.079369999999999719e-01
8.200000000000000000e+02 4.096400000000000041e-01 4.530520000000000103e-01 5.079369999999999719e-01
8.210000000000000000e+02 4.096400000000000041e-01 4.530520000000000103e-01 5.079369999999999719e-01
8.220000000000000000e+02 4.096400000000000041e-01 4.530520000000000103e-01 5.079369999999999719e-01
8.230000000000000000e+02 4.096400000000000041e-01 4.530520000000000103e-01 5.079369999999999719e-01
8.240000000000000000e+02 4.096400000000000041e-01 4.530520000000000103e-01 5.079369999999999719e-01
8.250000000000000000e+02 4.096400000000000041e-01 4.530520000000000103e-01 5.079369999999999719e-01
8.260000000000000000e+02 4.096400000000000041e-01 4.530520000000000103e-01 5.079369999999999719e-01
8.270000000000000000e+02 4.096400000000000041e-01 4.530520000000000103e-01 5.079369999999999719e-01
8.280000000000000000e+02 4.096400000000000041e-01 4.530520000000000103e-01 5.079369999999999719e-01
8.290000000000000000e+02 4.096400000000000041e-01 4.530520000000000103e-01 5.079369999999999719e-01
8.300000000000000000e+02 4.096400000000000041e-01 4.530520000000000103e-01 5.079369999999999719e-01
8.310000000000000000e+02 4.096400000000000041e-01 4.530520000000000103e-01 5.079369999999999719e-01
8.320000000000000000e+02 4.096400000000000041e-01 4.530520000000000103e-01 5.079369999999999719e-01
8.330000000000000000e+02 4.096400000000000041e-01 4.530520000000000103e-01 5.079369999999999719e-01
8.340000000000000000e+02 4.096400000000000041e-01 4.530520000000000103e-01 5.079369999999999719e-01
8.350000000000000000e+02 4.096400000000000041e-01 4.530520000000000103e-01 5.079369999999999719e-01
8.360000000000000000e+02 4.096400000000000041e-01 4.530520000000000103e-01 5.079369999999999719e-01
8.370000000000000000e+02 4.096400000000000041e-01 4.530520000000000103e-01 5.079369999999999719e-01
8.380000000000000000e+02 4.096400000000000041e-01 4.530520000000000103e-01 5.079369999999999719e-01
8.390000000000000000e+02 4.096400000000000041e-01 4.530520000000000103e-01 5.079369999999999719e-01
8.400000000000000000e+02 4.096400000000000041e-01 4.530520000000000103e-01 5.079369999999999719e-01
8.410000000000000000e+02 4.096400000000000041e-01 4.530520000000000103e-01 5.079369999999999719e-01
8.420000000000000000e+02 4.096400000000000041e-01 4.530520000000000103e-01 5.079369999999999719e-01
8.430000000000000000e+02 4.096400000000000041e-01 4.530520000000000103e-01 5.079369999999999719e-01
8.440000000000000000e+02 4.096400000000000041e-01 4.530520000000000103e-01 5.079369999999999719e-01
8.450000000000000000e+02 4.096400000000000041e-01 4.530520000000000103e-01 5.079369999999999719e-01
8.460000000000000000e+02 4.096400000000000041e-01 4.530520000000000103e-01 5.079369999999999719e-01
8.470000000000000000e+02 4.096400000000000041e-01 4.530520000000000103e-01 5.079369999999999719e-01
8.480000000000000000e+02 4.096400000000000041e-01 4.530520000000000103e-01 5.079369999999999719e-01
8.490000000000000000e+02 4.096400000000000041e-01 4.530520000000000103e-01 5.079369999999999719e-01
8.500000000000000000e+02 4.096400000000000041e-01 4.530520000000000103e-01 5.079369999999999719e-01
8.510000000000000000e+02 4.096400000000000041e-01 4.530520000000000103e-01 5.079369999999999719e-01
8.520000000000000000e+02 4.096400000000000041e-01 4.530520000000000103e-01 5.079369999999999719e-01
8.530000000000000000e+02 4.096400000000000041e-01 4.530520000000000103e-01 5.079369999999999719e-01
8.540000000000000000e+02 4.096400000000000041e-01 4.530520000000000103e-01 5.079369999999999719e-01
8.550000000000000000e+02 4.096400000000000041e-01 4.530520000000000103e-01 5.079369999999999719e-01
8.560000000000000000e+02 4.096400000000000041e-01 4.530520000000000103e-01 5.079369999999999719e-01
8.570000000000000000e+02 4.096400000000000041e-01 4.530520000000000103e-01 5.079369999999999719e-01
8.580000000000000000e+02 4.096400000000000041e-01 4.530520000000000103e-01 5.079369999999999719e-01
8.590000000000000000e+02 4.096400000000000041e-01 4.530520000000000103e-01 5.079369999999999719e-01
8.600000000000000000e+02 4.096400000000000041e-01 4.530520000000000103e-01 5.079369999999999719e-01
8.610000000000000000e+02 4.096400000000000041e-01 4.530520000000000103e-01 5.079369999999999719e-01
8.620000000000000000e+02 4.096400000000000041e-01 4.530520000000000103e-01 5.079369999999999719e-01
8.630000000000000000e+02 4.096400000000000041e-01 4.530520000000000103e-01 5.079369999999999719e-01
8.640000000000000000e+02 4.096400000000000041e-01 4.530520000000000103e-01 5.079369999999999719e-01
8.650000000000000000e+02 4.096400000000000041e-01 4.530520000000000103e-01 5.079369999999999719e-01
8.660000000000000000e+02 4.096400000000000041e-01 4.530520000000000103e-01 5.079369999999999719e-01
8.670000000000000000e+02 4.096400000000000041e-01 4.530520000000000103e-01 5.079369999999999719e-01
8.680000000000000000e+02 4.096400000000000041e-01 4.530520000000000103e-01 5.079369999999999719e-01
8.690000000000000000e+02 4.096400000000000041e-01 4.530520000000000103e-01 5.079369999999999719e-01
8.700000000000000000e+02 4.096400000000000041e-01 4.530520000000000103e-01 5.079369999999999719e-01
8.710000000000000000e+02 4.096400000000000041e-01 4.530520000000000103e-01 5.079369999999999719e-01
8.720000000000000000e+02 4.096400000000000041e-01 4.530520000000000103e-01 5.079369999999999719e-01
8.730000000000000000e+02 4.096400000000000041e-01 4.530520000000000103e-01 5.079369999999999719e-01
8.740000000000000000e+02 4.096400000000000041e-01 4.530520000000000103e-01 5.079369999999999719e-01
8.750000000000000000e+02 4.096400000000000041e-01 4.530520000000000103e-01 5.079369999999999719e-01
8.760000000000000000e+02 4.096400000000000041e-01 4.530520000000000103e-01 5.079369999999999719e-01
8.770000000000000000e+02 4.096400000000000041e-01 4.530520000000000103e-01 5.079369999999999719e-01
8.780000000000000000e+02 4.096400000000000041e-01 4.530520000000000103e-01 5.079369999999999719e-01
8.790000000000000000e+02 4.096400000000000041e-01 4.530520000000000103e-01 5.079369999999999719e-01
8.800000000000000000e+02 4.096400000000000041e-01 4.530520000000000103e-01 5.079369999999999719e-01
8.810000000000000000e+02 4.096400000000000041e-01 4.530520000000000103e-01 5.079369999999999719e-01
8.820000000000000000e+02 4.096400000000000041e-01 4.530520000000000103e-01 5.079369999999999719e-01
8.830000000000000000e+02 4.096400000000000041e-01 4.530520000000000103e-01 5.079369999999999719e-01
8.840000000000000000e+02 4.096400000000000041e-01 4.530520000000000103e-01 5.079369999999999719e-01
8.850000000000000000e+02 4.096400000000000041e-01 4.530520000000000103e-01 5.079369999999999719e-01
8.860000000000000000e+02 4.096400000000000041e-01 4.530520000000000103e-01 5.079369999999999719e-01
8.870000000000000000e+02 4.096400000000000041e-01 4.530520000000000103e-01 5.079369999999999719e-01
8.880000000000000000e+02 4.096400000000000041e-01 4.530520000000000103e-01 5.079369999999999719e-01
8.890000000000000000e+02 4.096400000000000041e-01 4.530520000000000103e-01 5.079369999999999719e-01
8.900000000000000000e+02 4.096400000000000041e-01 4.530520000000000103e-01 5.079369999999999719e-01
8.910000000000000000e+02 4.096400000000000041e-01 4.530520000000000103e-01 5.079369999999999719e-01
8.920000000000000000e+02 4.096400000000000041e-01 4.530520000000000103e-01 5.079369999999999719e-01
8.930000000000000000e+02 4.096400000000000041e-01 4.530520000000000103e-01 5.079369999999999719e-01
8.940000000000000000e+02 4.096400000000000041e-01 4.530520000000000103e-01 5.079369999999999719e-01
8.950000000000000000e+02 4.096400000000000041e-01 4.530520000000000103e-01 5.079369999999999719e-01
8.960000000000000000e+02 4.096400000000000041e-01 4.530520000000000103e-01 5.079369999999999719e-01
8.970000000000000000e+02 4.096400000000000041e-01 4.530520000000000103e-01 5.079369999999999719e-01
8.980000000000000000e+02 4.096400000000000041e-01 4.530520000000000103e-01 5.079369999999999719e-01
8.990000000000000000e+02 4.096400000000000041e-01 4.530520000000000103e-01 5.079369999999999719e-01
9.000000000000000000e+02 4.096400000000000041e-01 4.530520000000000103e-01 5.079369999999999719e-01
9.010000000000000000e+02 4.096400000000000041e-01 4.530520000000000103e-01 5.079369999999999719e-01
9.020000000000000000e+02 4.096400000000000041e-01 4.530520000000000103e-01 5.079369999999999719e-01
9.030000000000000000e+02 4.096400000000000041e-01 4.530520000000000103e-01 5.079369999999999719e-01
9.040000000000000000e+02 4.096400000000000041e-01 4.530520000000000103e-01 5.079369999999999719e-01
9.050000000000000000e+02 4.096400000000000041e-01 4.530520000000000103e-01 5.079369999999999719e-01
9.060000000000000000e+02 4.096400000000000041e-01 4.530520000000000103e-01 5.079369999999999719e-01
9.070000000000000000e+02 4.096400000000000041e-01 4.530520000000000103e-01 5.079369999999999719e-01
9.080000000000000000e+02 4.096400000000000041e-01 4.530520000000000103e-01 5.079369999999999719e-01
9.090000000000000000e+02 4.096400000000000041e-01 4.530520000000000103e-01 5.079369999999999719e-01
9.100000000000000000e+02 4.096400000000000041e-01 4.530520000000000103e-01 5.079369999999999719e-01
9.110000000000000000e+02 4.096400000000000041e-01 4.530520000000000103e-01 5.079369999999999719e-01
9.120000000000000000e+02 4.096400000000000041e-01 4.530520000000000103e-01 5.079369999999999719e-01
9.130000000000000000e+02 4.096400000000000041e-01 4.530520000000000103e-01 5.079369999999999719e-01
9.140000000000000000e+02 4.096400000000000041e-01 4.530520000000000103e-01 5.079369999999999719e-01
9.150000000000000000e+02 4.096400000000000041e-01 4.530520000000000103e-01 5.079369999999999719e-01
9.160000000000000000e+02 4.096400000000000041e-01 4.530520000000000103e-01 5.079369999999999719e-01
9.170000000000000000e+02 4.096400000000000041e-01 4.530520000000000103e-01 5.079369999999999719e-01
9.180000000000000000e+02 4.096400000000000041e-01 4.530520000000000103e-01 5.079369999999999719e-01
9.190000000000000000e+02 4.096400000000000041e-01 4.530520000000000103e-01 5.079369999999999719e-01
9.200000000000000000e+02 4.096400000000000041e-01 4.530520000000000103e-01 5.079369999999999719e-01
9.210000000000000000e+02 4.096400000000000041e-01 4.530520000000000103e-01 5.079369999999999719e-01
9.220000000000000000e+02 4.096400000000000041e-01 4.530520000000000103e-01 5.079369999999999719e-01
9.230000000000000000e+02 4.096400000000000041e-01 4.530520000000000103e-01 5.079369999999999719e-01
9.240000000000000000e+02 4.096400000000000041e-01 4.530520000000000103e-01 5.079369999999999719e-01
9.250000000000000000e+02 4.096400000000000041e-01 4.530520000000000103e-01 5.079369999999999719e-01
9.260000000000000000e+02 4.096400000000000041e-01 4.530520000000000103e-01 5.079369999999999719e-01
9.270000000000000000e+02 4.096400000000000041e-01 4.530520000000000103e-01 5.079369999999999719e-01
9.280000000000000000e+02 4.096400000000000041e-01 4.530520000000000103e-01 5.079369999999999719e-01
9.290000000000000000e+02 4.096400000000000041e-01 4.530520000000000103e-01 5.079369999999999719e-01
9.300000000000000000e+02 4.096400000000000041e-01 4.530520000000000103e-01 5.079369999999999719e-01
9.310000000000000000e+02 4.096400000000000041e-01 4.530520000000000103e-01 5.079369999999999719e-01
9.320000000000000000e+02 4.096400000000000041e-01 4.530520000000000103e-01 5.079369999999999719e-01
9.330000000000000000e+02 4.096400000000000041e-01 4.530520000000000103e-01 5.079369999999999719e-01
9.340000000000000000e+02 4.096400000000000041e-01 4.530520000000000103e-01 5.079369999999999719e-01
9.350000000000000000e+02 4.096400000000000041e-01 4.530520000000000103e-01 5.079369999999999719e-01
9.360000000000000000e+02 4.096400000000000041e-01 4.530520000000000103e-01 5.079369999999999719e-01
9.370000000000000000e+02 4.096400000000000041e-01 4.530520000000000103e-01 5.079369999999999719e-01
9.380000000000000000e+02 4.096400000000000041e-01 4.530520000000000103e-01 5.079369999999999719e-01
9.390000000000000000e+02 4.096400000000000041e-01 4.530520000000000103e-01 5.079369999999999719e-01
9.400000000000000000e+02 4.096400000000000041e-01 4.530520000000000103e-01 5.079369999999999719e-01
9.410000000000000000e+02 4.096400000000000041e-01 4.530520000000000103e-01 5.079369999999999719e-01
9.420000000000000000e+02 4.096400000000000041e-01 4.530520000000000103e-01 5.079369999999999719e-01
9.430000000000000000e+02 4.096400000000000041e-01 4.530520000000000103e-01 5.079369999999999719e-01
9.440000000000000000e+02 4.096400000000000041e-01 4.530520000000000103e-01 5.079369999999999719e-01
9.450000000000000000e+02 4.096400000000000041e-01 4.530520000000000103e-01 5.079369999999999719e-01
9.460000000000000000e+02 4.096400000000000041e-01 4.530520000000000103e-01 5.079369999999999719e-01
9.470000000000000000e+02 4.096400000000000041e-01 4.530520000000000103e-01 5.079369999999999719e-01
9.480000000000000000e+02 4.096400000000000041e-01 4.530520000000000103e-01 5.079369999999999719e-01
9.490000000000000000e+02 4.096400000000000041e-01 4.530520000000000103e-01 5.079369999999999719e-01
9.500000000000000000e+02 4.096400000000000041e-01 4.530520000000000103e-01 5.079369999999999719e-01
9.510000000000000000e+02 4.096400000000000041e-01 4.530520000000000103e-01 5.079369999999999719e-01
9.520000000000000000e+02 4.096400000000000041e-01 4.530520000000000103e-01 5.079369999999999719e-01
9.530000000000000000e+02 4.096400000000000041e-01 4.530520000000000103e-01 5.079369999999999719e-01
9.540000000000000000e+02 4.096400000000000041e-01 4.530520000000000103e-01 5.079369999999999719e-01
9.550000000000000000e+02 4.096400000000000041e-01 4.530520000000000103e-01 5.079369999999999719e-01
9.560000000000000000e+02 4.096400000000000041e-01 4.530520000000000103e-01 5.079369999999999719e-01
9.570000000000000000e+02 4.096400000000000041e-01 4.530520000000000103e-01 5.079369999999999719e-01
9.580000000000000000e+02 4.096400000000000041e-01 4.530520000000000103e-01 5.079369999999999719e-01
9.590000000000000000e+02 4.096400000000000041e-01 4.530520000000000103e-01 5.079369999999999719e-01
9.600000000000000000e+02 4.096400000000000041e-01 4.530520000000000103e-01 5.079369999999999719e-01
9.610000000000000000e+02 4.096400000000000041e-01 4.530520000000000103e-01 5.079369999999999719e-01
9.620000000000000000e+02 4.096400000000000041e-01 4.530520000000000103e-01 5.079369999999999719e-01
9.630000000000000000e+02 4.096400000000000041e-01 4.530520000000000103e-01 5.079369999999999719e-01
9.640000000000000000e+02 4.096400000000000041e-01 4.530520000000000103e-01 5.079369999999999719e-01
9.650000000000000000e+02 4.096400000000000041e-01 4.530520000000000103e-01 5.079369999999999719e-01
9.660000000000000000e+02 4.096400000000000041e-01 4.530520000000000103e-01 5.079369999999999719e-01
9.670000000000000000e+02 4.096400000000000041e-01 4.530520000000000103e-01 5.079369999999999719e-01
9.680000000000000000e+02 4.096400000000000041e-01 4.530520000000000103e-01 5.079369999999999719e-01
9.690000000000000000e+02 4.096400000000000041e-01 4.530520000000000103e-01 5.079369999999999719e-01
9.700000000000000000e+02 4.096400000000000041e-01 4.530520000000000103e-01 5.079369999999999719e-01
9.710000000000000000e+02 4.096400000000000041e-01 4.530520000000000103e-01 5.079369999999999719e-01
9.720000000000000000e+02 4.096400000000000041e-01 4.530520000000000103e-01 5.079369999999999719e-01
9.730000000000000000e+02 4.096400000000000041e-01 4.530520000000000103e-01 5.079369999999999719e-01
9.740000000000000000e+02 4.096400000000000041e-01 4.530520000000000103e-01 5.079369999999999719e-01
9.750000000000000000e+02 4.096400000000000041e-01 4.530520000000000103e-01 5.079369999999999719e-01
9.760000000000000000e+02 4.096400000000000041e-01 4.530520000000000103e-01 5.079369999999999719e-01
9.770000000000000000e+02 4.096400000000000041e-01 4.530520000000000103e-01 5.079369999999999719e-01
9.780000000000000000e+02 4.096400000000000041e-01 4.530520000000000103e-01 5.079369999999999719e-01
9.790000000000000000e+02 4.096400000000000041e-01 4.530520000000000103e-01 5.079369999999999719e-01
9.800000000000000000e+02 4.096400000000000041e-01 4.530520000000000103e-01 5.079369999999999719e-01
9.810000000000000000e+02 4.096400000000000041e-01 4.530520000000000103e-01 5.079369999999999719e-01
9.820000000000000000e+02 4.096400000000000041e-01 4.530520000000000103e-01 5.079369999999999719e-01
9.830000000000000000e+02 4.096400000000000041e-01 4.530520000000000103e-01 5.079369999999999719e-01
9.840000000000000000e+02 4.096400000000000041e-01 4.530520000000000103e-01 5.079369999999999719e-01
9.850000000000000000e+02 4.096400000000000041e-01 4.530520000000000103e-01 5.079369999999999719e-01
9.860000000000000000e+02 4.096400000000000041e-01 4.530520000000000103e-01 5.079369999999999719e-01
9.870000000000000000e+02 4.096400000000000041e-01 4.530520000000000103e-01 5.079369999999999719e-01
9.880000000000000000e+02 4.096400000000000041e-01 4.530520000000000103e-01 5.079369999999999719e-01
9.890000000000000000e+02 4.096400000000000041e-01 4.530520000000000103e-01 5.079369999999999719e-01
9.900000000000000000e+02 4.096400000000000041e-01 4.530520000000000103e-01 5.079369999999999719e-01
9.910000000000000000e+02 4.096400000000000041e-01 4.530520000000000103e-01 5.079369999999999719e-01
9.920000000000000000e+02 4.096400000000000041e-01 4.530520000000000103e-01 5.079369999999999719e-01
9.930000000000000000e+02 4.096400000000000041e-01 4.530520000000000103e-01 5.079369999999999719e-01
9.940000000000000000e+02 4.096400000000000041e-01 4.530520000000000103e-01 5.079369999999999719e-01
9.950000000000000000e+02 4.096400000000000041e-01 4.530520000000000103e-01 5.079369999999999719e-01
9.960000000000000000e+02 4.096400000000000041e-01 4.530520000000000103e-01 5.079369999999999719e-01
9.970000000000000000e+02 4.096400000000000041e-01 4.530520000000000103e-01 5.079369999999999719e-01
9.980000000000000000e+02 4.096400000000000041e-01 4.530520000000000103e-01 5.079369999999999719e-01
9.990000000000000000e+02 4.096400000000000041e-01 4.530520000000000103e-01 5.079369999999999719e-01
1.000000000000000000e+03 4.096400000000000041e-01 4.530520000000000103e-01 5.079369999999999719e-01
1.001000000000000000e+03 4.096400000000000041e-01 4.530520000000000103e-01 5.079369999999999719e-01
1.002000000000000000e+03 4.096400000000000041e-01 4.530520000000000103e-01 5.079369999999999719e-01
1.003000000000000000e+03 4.096400000000000041e-01 4.530520000000000103e-01 5.079369999999999719e-01
1.004000000000000000e+03 4.096400000000000041e-01 4.530520000000000103e-01 5.079369999999999719e-01
1.005000000000000000e+03 4.096400000000000041e-01 4.530520000000000103e-01 5.079369999999999719e-01
1.006000000000000000e+03 4.096400000000000041e-01 4.530520000000000103e-01 5.079369999999999719e-01
1.007000000000000000e+03 4.096400000000000041e-01 4.530520000000000103e-01 5.079369999999999719e-01
1.008000000000000000e+03 4.096400000000000041e-01 4.530520000000000103e-01 5.079369999999999719e-01
1.009000000000000000e+03 4.096400000000000041e-01 4.530520000000000103e-01 5.079369999999999719e-01
