1.000000000000000000e+01 -4.698499999999999899e-02 -2.046000000000000076e-03 4.963800000000000157e-02
1.100000000000000000e+01 -4.244499999999999662e-02 2.487000000000000061e-03 5.452599999999999808e-02
1.200000000000000000e+01 -4.374499999999999916e-02 3.328999999999999928e-03 5.545100000000000029e-02
1.300000000000000000e+01 -4.540099999999999691e-02 2.383999999999999835e-03 5.405999999999999694e-02
1.400000000000000000e+01 -4.092900000000000010e-02 7.557000000000000349e-03 5.747800000000000131e-02
1.500000000000000000e+01 -3.635499999999999843e-02 1.363100000000000075e-02 6.312299999999999855e-02
1.600000000000000000e+01 -3.585100000000000092e-02 1.349299999999999979e-02 6.444199999999999928e-02
1.700000000000000000e+01 -3.147300000000000098e-02 1.786000000000000087e-02 6.800399999999999501e-02
1.800000000000000000e+01 -1.914700000000000082e-02 2.777999999999999914e-02 7.915099999999999913e-02
1.900000000000000000e+01 -1.466100000000000042e-02 3.155299999999999772e-02 8.570200000000000040e-02
2.000000000000000000e+01 -1.196599999999999921e-02 3.441000000000000308e-02 8.905899999999999928e-02
2.100000000000000000e+01 -5.558999999999999705e-03 4.035500000000000198e-02 9.478100000000000414e-02
2.200000000000000000e+01 -2.073999999999999889e-03 4.445500000000000146e-02 9.702399999999999913e-02
2.300000000000000000e+01 2.861999999999999961e-03 4.944899999999999990e-02 1.029810000000000031e-01
2.400000000000000000e+01 4.514999999999999916e-03 5.236999999999999988e-02 1.038150000000000045e-01
2.500000000000000000e+01 6.184000000000000261e-03 5.475200000000000206e-02 1.047499999999999959e-01
2.600000000000000000e+01 1.082100000000000076e-02 5.868500000000000105e-02 1.098269999999999941e-01
2.700000000000000000e+01 1.447400000000000075e-02 6.193699999999999900e-02 1.137060000000000015e-01
2.800000000000000000e+01 1.918999999999999873e-02 6.567099999999999327e-02 1.188410000000000022e-01
2.900000000000000000e+01 2.202399999999999844e-02 6.905200000000000227e-02 1.209780000000000022e-01
3.000000000000000000e+01 2.915500000000000036e-02 7.579700000000000326e-02 1.294679999999999997e-01
3.100000000000000000e+01 3.107999999999999999e-02 7.809699999999999975e-02 1.309730000000000061e-01
3.200000000000000000e+01 2.991600000000000162e-02 7.760999999999999843e-02 1.298809999999999965e-01
3.300000000000000000e+01 3.335899999999999976e-02 8.096000000000000418e-02 1.332460000000000033e-01
3.400000000000000000e+01 3.700500000000000317e-02 8.461499999999999577e-02 1.375460000000000016e-01
3.500000000000000000e+01 3.982299999999999729e-02 8.752899999999999570e-02 1.397909999999999986e-01
3.600000000000000000e+01 4.535000000000000142e-02 9.266199999999999437e-02 1.461560000000000081e-01
3.700000000000000000e+01 4.948899999999999827e-02 9.657499999999999418e-02 1.503009999999999902e-01
3.800000000000000000e+01 5.280900000000000177e-02 1.000140000000000057e-01 1.538640000000000008e-01
3.900000000000000000e+01 5.636499999999999844e-02 1.031419999999999976e-01 1.578539999999999943e-01
4.000000000000000000e+01 6.097799999999999748e-02 1.072720000000000062e-01 1.623970000000000136e-01
4.100000000000000000e+01 6.466299999999999826e-02 1.116100000000000009e-01 1.650520000000000043e-01
4.200000000000000000e+01 6.629599999999999382e-02 1.136820000000000053e-01 1.668280000000000041e-01
4.300000000000000000e+01 6.886599999999999666e-02 1.161390000000000061e-01 1.694720000000000115e-01
4.400000000000000000e+01 6.958200000000000496e-02 1.173899999999999944e-01 1.697799999999999865e-01
4.500000000000000000e+01 7.103700000000000292e-02 1.189759999999999984e-01 1.717059999999999975e-01
4.600000000000000000e+01 7.565099999999999603e-02 1.230720000000000008e-01 1.766739999999999977e-01
4.700000000000000000e+01 8.023500000000000076e-02 1.271500000000000130e-01 1.810430000000000095e-01
4.800000000000000000e+01 8.393899999999999972e-02 1.304170000000000051e-01 1.849220000000000030e-01
4.900000000000000000e+01 8.750600000000000045e-02 1.342639999999999945e-01 1.885570000000000024e-01
5.000000000000000000e+01 9.104099999999999693e-02 1.376660000000000106e-01 1.922429999999999972e-01
5.100000000000000000e+01 9.507400000000000573e-02 1.416530000000000011e-01 1.963979999999999893e-01
5.200000000000000000e+01 9.663199999999999568e-02 1.440079999999999971e-01 1.979559999999999931e-01
5.300000000000000000e+01 9.756900000000000295e-02 1.451840000000000075e-01 1.988209999999999977e-01
5.400000000000000000e+01 9.915699999999999514e-02 1.466669999999999918e-01 2.002760000000000096e-01
5.500000000000000000e+01 1.035009999999999958e-01 1.507729999999999904e-01 2.049189999999999900e-01
5.600000000000000000e+01 1.073459999999999970e-01 1.540610000000000035e-01 2.088669999999999971e-01
5.700000000000000000e+01 1.123220000000000052e-01 1.590830000000000022e-01 2.136790000000000078e-01
5.800000000000000000e+01 1.139830000000000010e-01 1.609450000000000047e-01 2.153879999999999961e-01
5.900000000000000000e+01 1.155520000000000019e-01 1.626140000000000085e-01 2.170509999999999939e-01
6.000000000000000000e+01 1.198560000000000042e-01 1.666860000000000008e-01 2.215070000000000094e-01
6.100000000000000000e+01 1.220519999999999938e-01 1.691139999999999866e-01 2.238360000000000072e-01
6.200000000000000000e+01 1.256899999999999962e-01 1.723379999999999912e-01 2.275089999999999890e-01
6.300000000000000000e+01 1.287609999999999866e-01 1.754030000000000034e-01 2.305109999999999937e-01
6.400000000000000000e+01 1.301940000000000042e-01 1.773009999999999864e-01 2.319910000000000028e-01
6.500000000000000000e+01 1.345010000000000094e-01 1.812630000000000075e-01 2.363220000000000043e-01
6.600000000000000000e+01 1.378639999999999866e-01 1.843930000000000013e-01 2.397160000000000124e-01
6.700000000000000000e+01 1.397559999999999913e-01 1.865350000000000064e-01 2.414530000000000010e-01
6.800000000000000000e+01 1.422569999999999946e-01 1.889500000000000068e-01 2.439369999999999872e-01
6.900000000000000000e+01 1.446300000000000086e-01 1.914369999999999961e-01 2.463120000000000032e-01
7.000000000000000000e+01 1.470289999999999930e-01 1.936970000000000081e-01 2.488080000000000014e-01
7.100000000000000000e+01 1.498200000000000087e-01 1.967720000000000025e-01 2.514290000000000136e-01
7.200000000000000000e+01 1.522380000000000122e-01 1.992460000000000064e-01 2.538050000000000028e-01
7.300000000000000000e+01 1.555050000000000043e-01 2.022789999999999866e-01 2.571970000000000089e-01
7.400000000000000000e+01 1.586819999999999897e-01 2.052660000000000040e-01 2.604119999999999768e-01
7.500000000000000000e+01 1.620439999999999936e-01 2.084360000000000102e-01 2.638860000000000094e-01
7.600000000000000000e+01 1.650669999999999915e-01 2.111580000000000124e-01 2.668380000000000196e-01
7.700000000000000000e+01 1.670669999999999933e-01 2.133879999999999943e-01 2.688220000000000054e-01
7.800000000000000000e+01 1.695899999999999908e-01 2.160839999999999983e-01 2.713340000000000196e-01
7.900000000000000000e+01 1.720150000000000012e-01 2.184099999999999930e-01 2.737550000000000261e-01
8.000000000000000000e+01 1.744410000000000127e-01 2.209959999999999980e-01 2.759510000000000018e-01
8.100000000000000000e+01 1.778859999999999886e-01 2.245610000000000106e-01 2.792740000000000222e-01
8.200000000000000000e+01 1.797229999999999939e-01 2.262709999999999999e-01 2.812649999999999872e-01
8.300000000000000000e+01 1.833059999999999967e-01 2.295270000000000088e-01 2.848339999999999761e-01
8.400000000000000000e+01 1.859619999999999884e-01 2.322619999999999962e-01 2.875289999999999790e-01
8.500000000000000000e+01 1.873410000000000075e-01 2.338290000000000091e-01 2.889630000000000254e-01
8.600000000000000000e+01 1.894859999999999878e-01 2.358540000000000081e-01 2.912179999999999769e-01
8.700000000000000000e+01 1.924510000000000109e-01 2.388710000000000000e-01 2.939880000000000271e-01
8.800000000000000000e+01 1.947409999999999974e-01 2.411810000000000065e-01 2.961360000000000103e-01
8.900000000000000000e+01 1.967800000000000105e-01 2.431280000000000108e-01 2.981079999999999841e-01
9.000000000000000000e+01 2.002440000000000053e-01 2.463960000000000039e-01 3.014740000000000197e-01
9.100000000000000000e+01 2.021640000000000104e-01 2.485300000000000009e-01 3.033710000000000018e-01
9.200000000000000000e+01 2.053929999999999922e-01 2.516709999999999781e-01 3.065019999999999967e-01
9.300000000000000000e+01 2.083710000000000007e-01 2.545160000000000200e-01 3.095840000000000258e-01
9.400000000000000000e+01 2.109240000000000004e-01 2.571660000000000057e-01 3.120800000000000241e-01
9.500000000000000000e+01 2.136319999999999886e-01 2.596550000000000247e-01 3.148320000000000007e-01
9.600000000000000000e+01 2.154280000000000084e-01 2.614850000000000230e-01 3.166709999999999803e-01
9.700000000000000000e+01 2.179169999999999996e-01 2.640620000000000189e-01 3.190120000000000178e-01
9.800000000000000000e+01 2.198940000000000061e-01 2.661120000000000152e-01 3.209969999999999768e-01
9.900000000000000000e+01 2.220979999999999899e-01 2.683619999999999894e-01 3.231140000000000123e-01
1.000000000000000000e+02 2.244970000000000021e-01 2.707950000000000079e-01 3.253530000000000033e-01
1.010000000000000000e+02 2.267149999999999999e-01 2.730630000000000002e-01 3.276720000000000188e-01
1.020000000000000000e+02 2.296459999999999890e-01 2.759289999999999798e-01 3.305679999999999730e-01
1.030000000000000000e+02 2.320979999999999988e-01 2.784030000000000116e-01 3.329269999999999730e-01
1.040000000000000000e+02 2.344630000000000047e-01 2.806679999999999731e-01 3.353090000000000237e-01
1.050000000000000000e+02 2.366179999999999950e-01 2.829070000000000196e-01 3.375810000000000199e-01
1.060000000000000000e+02 2.393019999999999869e-01 2.854860000000000175e-01 3.401009999999999867e-01
1.070000000000000000e+02 2.416369999999999907e-01 2.879490000000000105e-01 3.423729999999999829e-01
1.080000000000000000e+02 2.436349999999999905e-01 2.900099999999999900e-01 3.444039999999999879e-01
1.090000000000000000e+02 2.463059999999999972e-01 2.924979999999999802e-01 3.471009999999999929e-01
1.100000000000000000e+02 2.483799999999999897e-01 2.947049999999999947e-01 3.490400000000000169e-01
1.110000000000000000e+02 2.501519999999999855e-01 2.966699999999999893e-01 3.508580000000000032e-01
1.120000000000000000e+02 2.521100000000000008e-01 2.984720000000000151e-01 3.528950000000000142e-01
1.130000000000000000e+02 2.548340000000000050e-01 3.010180000000000078e-01 3.556349999999999789e-01
1.140000000000000000e+02 2.570760000000000267e-01 3.032839999999999980e-01 3.577500000000000124e-01
1.150000000000000000e+02 2.587700000000000000e-01 3.050649999999999751e-01 3.596019999999999772e-01
1.160000000000000000e+02 2.612439999999999762e-01 3.074799999999999756e-01 3.619589999999999752e-01
1.170000000000000000e+02 2.637160000000000060e-01 3.099399999999999933e-01 3.643930000000000224e-01
1.180000000000000000e+02 2.655710000000000015e-01 3.118239999999999901e-01 3.661659999999999915e-01
1.190000000000000000e+02 2.671970000000000178e-01 3.135820000000000274e-01 3.676760000000000028e-01
1.200000000000000000e+02 2.696890000000000120e-01 3.160279999999999756e-01 3.698339999999999961e-01
1.210000000000000000e+02 2.721750000000000003e-01 3.184710000000000041e-01 3.723360000000000003e-01
1.220000000000000000e+02 2.745239999999999903e-01 3.207300000000000151e-01 3.746889999999999943e-01
1.230000000000000000e+02 2.763849999999999918e-01 3.226430000000000131e-01 3.765260000000000273e-01
1.240000000000000000e+02 2.787780000000000258e-01 3.249790000000000179e-01 3.789730000000000043e-01
1.250000000000000000e+02 2.813789999999999902e-01 3.276249999999999996e-01 3.815319999999999823e-01
1.260000000000000000e+02 2.837609999999999855e-01 3.299279999999999990e-01 3.838610000000000078e-01
1.270000000000000000e+02 2.856130000000000058e-01 3.317709999999999826e-01 3.856609999999999761e-01
1.280000000000000000e+02 2.875179999999999958e-01 3.339030000000000054e-01 3.875230000000000063e-01
1.290000000000000000e+02 2.892680000000000251e-01 3.357249999999999956e-01 3.892349999999999977e-01
1.300000000000000000e+02 2.910190000000000277e-01 3.374269999999999770e-01 3.910399999999999987e-01
1.310000000000000000e+02 2.934069999999999734e-01 3.397229999999999972e-01 3.934159999999999879e-01
1.320000000000000000e+02 2.953020000000000089e-01 3.416239999999999832e-01 3.953019999999999867e-01
1.330000000000000000e+02 2.971559999999999757e-01 3.434719999999999995e-01 3.971350000000000158e-01
1.340000000000000000e+02 2.995900000000000230e-01 3.457709999999999950e-01 3.994889999999999830e-01
1.350000000000000000e+02 3.012420000000000098e-01 3.473910000000000053e-01 4.012330000000000063e-01
1.360000000000000000e+02 3.032099999999999795e-01 3.494099999999999984e-01 4.031060000000000199e-01
1.370000000000000000e+02 3.053850000000000176e-01 3.516500000000000181e-01 4.051379999999999981e-01
1.380000000000000000e+02 3.071220000000000061e-01 3.534900000000000264e-01 4.068570000000000242e-01
1.390000000000000000e+02 3.088469999999999827e-01 3.552330000000000210e-01 4.085810000000000275e-01
1.400000000000000000e+02 3.106180000000000052e-01 3.569869999999999988e-01 4.103120000000000100e-01
1.410000000000000000e+02 3.121360000000000245e-01 3.586349999999999816e-01 4.118249999999999966e-01
1.420000000000000000e+02 3.136410000000000031e-01 3.600539999999999852e-01 4.132890000000000175e-01
1.430000000000000000e+02 3.162909999999999888e-01 3.625240000000000129e-01 4.158560000000000034e-01
1.440000000000000000e+02 3.181459999999999844e-01 3.644129999999999869e-01 4.177040000000000197e-01
1.450000000000000000e+02 3.205529999999999768e-01 3.667619999999999769e-01 4.199350000000000027e-01
1.460000000000000000e+02 3.224500000000000144e-01 3.685860000000000247e-01 4.217629999999999990e-01
1.470000000000000000e+02 3.238699999999999912e-01 3.701349999999999918e-01 4.231949999999999878e-01
1.480000000000000000e+02 3.260600000000000165e-01 3.722929999999999851e-01 4.252549999999999941e-01
1.490000000000000000e+02 3.278539999999999788e-01 3.739879999999999871e-01 4.270829999999999904e-01
1.500000000000000000e+02 3.299599999999999755e-01 3.760979999999999879e-01 4.290900000000000269e-01
1.510000000000000000e+02 3.318999999999999728e-01 3.780419999999999892e-01 4.310519999999999907e-01
1.520000000000000000e+02 3.334710000000000174e-01 3.796430000000000082e-01 4.328460000000000085e-01
1.530000000000000000e+02 3.350879999999999970e-01 3.812329999999999885e-01 4.345200000000000173e-01
1.540000000000000000e+02 3.366730000000000000e-01 3.827679999999999971e-01 4.361180000000000057e-01
1.550000000000000000e+02 3.382450000000000179e-01 3.843799999999999994e-01 4.377429999999999932e-01
1.560000000000000000e+02 3.394579999999999820e-01 3.856780000000000208e-01 4.389549999999999841e-01
1.570000000000000000e+02 3.412160000000000193e-01 3.874230000000000174e-01 4.405540000000000012e-01
1.580000000000000000e+02 3.425500000000000211e-01 3.887990000000000057e-01 4.418889999999999763e-01
1.590000000000000000e+02 3.435570000000000013e-01 3.899320000000000008e-01 4.429109999999999991e-01
1.600000000000000000e+02 3.452100000000000168e-01 3.914980000000000127e-01 4.444119999999999737e-01
1.610000000000000000e+02 3.470759999999999956e-01 3.932979999999999809e-01 4.462650000000000228e-01
1.620000000000000000e+02 3.490360000000000129e-01 3.951979999999999937e-01 4.481490000000000196e-01
1.630000000000000000e+02 3.506369999999999765e-01 3.968240000000000101e-01 4.497019999999999906e-01
1.640000000000000000e+02 3.520780000000000021e-01 3.982109999999999816e-01 4.511109999999999842e-01
1.650000000000000000e+02 3.533510000000000262e-01 3.995049999999999990e-01 4.523349999999999871e-01
1.660000000000000000e+02 3.548549999999999760e-01 4.010009999999999963e-01 4.538019999999999832e-01
1.670000000000000000e+02 3.566509999999999958e-01 4.027379999999999849e-01 4.555089999999999972e-01
1.680000000000000000e+02 3.580949999999999966e-01 4.042200000000000237e-01 4.569920000000000093e-01
1.690000000000000000e+02 3.592639999999999723e-01 4.054650000000000198e-01 4.581470000000000264e-01
1.700000000000000000e+02 3.606860000000000066e-01 4.068599999999999994e-01 4.595730000000000093e-01
1.710000000000000000e+02 3.619189999999999907e-01 4.080759999999999943e-01 4.608269999999999866e-01
1.720000000000000000e+02 3.635039999999999938e-01 4.096369999999999734e-01 4.624309999999999810e-01
1.730000000000000000e+02 3.649979999999999891e-01 4.110860000000000070e-01 4.638860000000000205e-01
1.740000000000000000e+02 3.664189999999999947e-01 4.124760000000000093e-01 4.653149999999999786e-01
1.750000000000000000e+02 3.674169999999999936e-01 4.135260000000000047e-01 4.663249999999999895e-01
1.760000000000000000e+02 3.688859999999999917e-01 4.149920000000000275e-01 4.677200000000000246e-01
1.770000000000000000e+02 3.698960000000000026e-01 4.160380000000000189e-01 4.687470000000000248e-01
1.780000000000000000e+02 3.711809999999999832e-01 4.172679999999999723e-01 4.700130000000000141e-01
1.790000000000000000e+02 3.724990000000000245e-01 4.185409999999999964e-01 4.712640000000000162e-01
1.800000000000000000e+02 3.740029999999999744e-01 4.200280000000000125e-01 4.727560000000000096e-01
1.810000000000000000e+02 3.752349999999999852e-01 4.212480000000000113e-01 4.739889999999999937e-01
1.820000000000000000e+02 3.768310000000000271e-01 4.228190000000000004e-01 4.755690000000000195e-01
1.830000000000000000e+02 3.780629999999999824e-01 4.240720000000000045e-01 4.768049999999999788e-01
1.840000000000000000e+02 3.791240000000000165e-01 4.251619999999999844e-01 4.778999999999999915e-01
1.850000000000000000e+02 3.802989999999999982e-01 4.263319999999999887e-01 4.790579999999999838e-01
1.860000000000000000e+02 3.813880000000000048e-01 4.274140000000000161e-01 4.801300000000000012e-01
1.870000000000000000e+02 3.826419999999999821e-01 4.286200000000000010e-01 4.813529999999999753e-01
1.880000000000000000e+02 3.836789999999999923e-01 4.296749999999999736e-01 4.824069999999999747e-01
1.890000000000000000e+02 3.847269999999999857e-01 4.307400000000000118e-01 4.834419999999999829e-01
1.900000000000000000e+02 3.861999999999999877e-01 4.321229999999999793e-01 4.848700000000000232e-01
1.910000000000000000e+02 3.874839999999999951e-01 4.333759999999999835e-01 4.861570000000000058e-01
1.920000000000000000e+02 3.886919999999999820e-01 4.345240000000000213e-01 4.873589999999999867e-01
1.930000000000000000e+02 3.898269999999999791e-01 4.356209999999999805e-01 4.884530000000000260e-01
1.940000000000000000e+02 3.907579999999999942e-01 4.365649999999999809e-01 4.893660000000000232e-01
1.950000000000000000e+02 3.917140000000000066e-01 4.375749999999999917e-01 4.903379999999999961e-01
1.960000000000000000e+02 3.925770000000000093e-01 4.384469999999999756e-01 4.912259999999999960e-01
1.970000000000000000e+02 3.934520000000000239e-01 4.392909999999999870e-01 4.921119999999999939e-01
1.980000000000000000e+02 3.942869999999999986e-01 4.400600000000000067e-01 4.929200000000000248e-01
1.990000000000000000e+02 3.950449999999999795e-01 4.407630000000000159e-01 4.936729999999999730e-01
2.000000000000000000e+02 3.961709999999999954e-01 4.417460000000000275e-01 4.947639999999999816e-01
2.010000000000000000e+02 3.971680000000000210e-01 4.427269999999999817e-01 4.957670000000000132e-01
2.020000000000000000e+02 3.979949999999999877e-01 4.436300000000000243e-01 4.965959999999999819e-01
2.030000000000000000e+02 3.988340000000000218e-01 4.443889999999999785e-01 4.974459999999999993e-01
2.040000000000000000e+02 3.995310000000000250e-01 4.449770000000000114e-01 4.980999999999999872e-01
2.050000000000000000e+02 3.997950000000000115e-01 4.451570000000000249e-01 4.983770000000000144e-01
2.060000000000000000e+02 4.003189999999999804e-01 4.456669999999999798e-01 4.988819999999999921e-01
2.070000000000000000e+02 4.010420000000000096e-01 4.463489999999999958e-01 4.995899999999999785e-01
2.080000000000000000e+02 4.018490000000000117e-01 4.471339999999999759e-01 5.003809999999999647e-01
2.090000000000000000e+02 4.023019999999999929e-01 4.475990000000000246e-01 5.009029999999999871e-01
2.100000000000000000e+02 4.026839999999999864e-01 4.479339999999999988e-01 5.012839999999999518e-01
2.110000000000000000e+02 4.031770000000000076e-01 4.483909999999999840e-01 5.017300000000000093e-01
2.120000000000000000e+02 4.037040000000000073e-01 4.488260000000000027e-01 5.022569999999999535e-01
2.130000000000000000e+02 4.043240000000000167e-01 4.493519999999999737e-01 5.028519999999999657e-01
2.140000000000000000e+02 4.046690000000000009e-01 4.497180000000000066e-01 5.031820000000000181e-01
2.150000000000000000e+02 4.048169999999999824e-01 4.498090000000000144e-01 5.033339999999999481e-01
2.160000000000000000e+02 4.054309999999999858e-01 4.503860000000000086e-01 5.039559999999999595e-01
2.170000000000000000e+02 4.055960000000000121e-01 4.505000000000000115e-01 5.041320000000000245e-01
2.180000000000000000e+02 4.058100000000000041e-01 4.506399999999999850e-01 5.043530000000000513e-01
2.190000000000000000e+02 4.062810000000000032e-01 4.510739999999999750e-01 5.048190000000000177e-01
2.200000000000000000e+02 4.068849999999999967e-01 4.516629999999999812e-01 5.053879999999999484e-01
2.210000000000000000e+02 4.072069999999999856e-01 4.518940000000000179e-01 5.057049999999999601e-01
2.220000000000000000e+02 4.073410000000000086e-01 4.519690000000000096e-01 5.058380000000000098e-01
2.230000000000000000e+02 4.074150000000000271e-01 4.520689999999999986e-01 5.059169999999999501e-01
2.240000000000000000e+02 4.075150000000000161e-01 4.522260000000000169e-01 5.060339999999999838e-01
2.250000000000000000e+02 4.077620000000000133e-01 4.523420000000000218e-01 5.062440000000000273e-01
2.260000000000000000e+02 4.080599999999999783e-01 4.526270000000000016e-01 5.065399999999999903e-01
2.270000000000000000e+02 4.079619999999999913e-01 4.526149999999999896e-01 5.064629999999999965e-01
2.280000000000000000e+02 4.081509999999999860e-01 4.526620000000000088e-01 5.066349999999999465e-01
2.290000000000000000e+02 4.084349999999999925e-01 4.529880000000000018e-01 5.069230000000000125e-01
2.300000000000000000e+02 4.088589999999999725e-01 4.533240000000000047e-01 5.073419999999999597e-01
2.310000000000000000e+02 4.089769999999999794e-01 4.533829999999999805e-01 5.074710000000000054e-01
2.320000000000000000e+02 4.090409999999999879e-01 4.534380000000000077e-01 5.075370000000000159e-01
2.330000000000000000e+02 4.089630000000000210e-01 4.533400000000000207e-01 5.074720000000000342e-01
2.340000000000000000e+02 4.091230000000000144e-01 4.534830000000000250e-01 5.076060000000000016e-01
2.350000000000000000e+02 4.091420000000000057e-01 4.534989999999999855e-01 5.076209999999999889e-01
2.360000000000000000e+02 4.090809999999999724e-01 4.534770000000000190e-01 5.075570000000000359e-01
2.370000000000000000e+02 4.091799999999999882e-01 4.535799999999999832e-01 5.076650000000000329e-01
2.380000000000000000e+02 4.096159999999999801e-01 4.539360000000000062e-01 5.080770000000000008e-01
2.390000000000000000e+02 4.097830000000000084e-01 4.540770000000000084e-01 5.082560000000000411e-01
2.400000000000000000e+02 4.097859999999999836e-01 4.540899999999999936e-01 5.082699999999999996e-01
2.410000000000000000e+02 4.096500000000000141e-01 4.539340000000000042e-01 5.081679999999999531e-01
2.420000000000000000e+02 4.097999999999999976e-01 4.540790000000000104e-01 5.082980000000000276e-01
2.430000000000000000e+02 4.097210000000000019e-01 4.540080000000000227e-01 5.082160000000000011e-01
2.440000000000000000e+02 4.098049999999999748e-01 4.541129999999999889e-01 5.083060000000000356e-01
2.450000000000000000e+02 4.099180000000000046e-01 4.542570000000000219e-01 5.083929999999999838e-01
2.460000000000000000e+02 4.101020000000000221e-01 4.543860000000000121e-01 5.085709999999999953e-01
2.470000000000000000e+02 4.101210000000000133e-01 4.543189999999999729e-01 5.085800000000000320e-01
2.480000000000000000e+02 4.100260000000000016e-01 4.542280000000000206e-01 5.084999999999999520e-01
2.490000000000000000e+02 4.099829999999999863e-01 4.542309999999999959e-01 5.084819999999999895e-01
2.500000000000000000e+02 4.100099999999999856e-01 4.542490000000000139e-01 5.085079999999999600e-01
2.510000000000000000e+02 4.102399999999999936e-01 4.544929999999999803e-01 5.087099999999999955e-01
2.520000000000000000e+02 4.103040000000000020e-01 4.545089999999999963e-01 5.087669999999999693e-01
2.530000000000000000e+02 4.099510000000000098e-01 4.541819999999999746e-01 5.084400000000000031e-01
2.540000000000000000e+02 4.101279999999999926e-01 4.544090000000000074e-01 5.085960000000000480e-01
2.550000000000000000e+02 4.103720000000000145e-01 4.545930000000000248e-01 5.088040000000000340e-01
2.560000000000000000e+02 4.103149999999999853e-01 4.545069999999999943e-01 5.087770000000000348e-01
2.570000000000000000e+02 4.104010000000000158e-01 4.545870000000000188e-01 5.088749999999999662e-01
2.580000000000000000e+02 4.102160000000000251e-01 4.544250000000000234e-01 5.086870000000000003e-01
2.590000000000000000e+02 4.104010000000000158e-01 4.545390000000000263e-01 5.088669999999999582e-01
2.600000000000000000e+02 4.104160000000000030e-01 4.546020000000000061e-01 5.089000000000000190e-01
2.610000000000000000e+02 4.103849999999999998e-01 4.545549999999999868e-01 5.088500000000000245e-01
2.620000000000000000e+02 4.102680000000000216e-01 4.544670000000000099e-01 5.087469999999999493e-01
2.630000000000000000e+02 4.104410000000000003e-01 4.546379999999999866e-01 5.089059999999999695e-01
2.640000000000000000e+02 4.103640000000000065e-01 4.545250000000000123e-01 5.088059999999999805e-01
2.650000000000000000e+02 4.103069999999999773e-01 4.544579999999999731e-01 5.087490000000000068e-01
2.660000000000000000e+02 4.104110000000000258e-01 4.545029999999999903e-01 5.088570000000000038e-01
2.670000000000000000e+02 4.103350000000000053e-01 4.544110000000000094e-01 5.088070000000000093e-01
2.680000000000000000e+02 4.104309999999999903e-01 4.545230000000000103e-01 5.088799999999999990e-01
2.690000000000000000e+02 4.103060000000000040e-01 4.544230000000000214e-01 5.087650000000000228e-01
2.700000000000000000e+02 4.103010000000000268e-01 4.544099999999999806e-01 5.087509999999999533e-01
2.710000000000000000e+02 4.105400000000000160e-01 4.546450000000000213e-01 5.089869999999999672e-01
2.720000000000000000e+02 4.106029999999999958e-01 4.547140000000000071e-01 5.090310000000000112e-01
2.730000000000000000e+02 4.106259999999999910e-01 4.547470000000000123e-01 5.090459999999999985e-01
2.740000000000000000e+02 4.103879999999999750e-01 4.545219999999999816e-01 5.088150000000000173e-01
2.750000000000000000e+02 4.103660000000000085e-01 4.544199999999999906e-01 5.087939999999999685e-01
2.760000000000000000e+02 4.104579999999999895e-01 4.544630000000000059e-01 5.088719999999999910e-01
2.770000000000000000e+02 4.104639999999999955e-01 4.545420000000000016e-01 5.089089999999999447e-01
2.780000000000000000e+02 4.105320000000000080e-01 4.546439999999999926e-01 5.089770000000000127e-01
2.790000000000000000e+02 4.105240000000000000e-01 4.546510000000000273e-01 5.089650000000000007e-01
2.800000000000000000e+02 4.106960000000000055e-01 4.547900000000000276e-01 5.091210000000000457e-01
2.810000000000000000e+02 4.106719999999999815e-01 4.547149999999999803e-01 5.090980000000000505e-01
2.820000000000000000e+02 4.105340000000000100e-01 4.545620000000000216e-01 5.089470000000000383e-01
2.830000000000000000e+02 4.105099999999999860e-01 4.545919999999999961e-01 5.089150000000000063e-01
2.840000000000000000e+02 4.105389999999999873e-01 4.545850000000000168e-01 5.089479999999999560e-01
2.850000000000000000e+02 4.106489999999999863e-01 4.546669999999999878e-01 5.090590000000000392e-01
2.860000000000000000e+02 4.105840000000000045e-01 4.546160000000000201e-01 5.089970000000000327e-01
2.870000000000000000e+02 4.104570000000000163e-01 4.545060000000000211e-01 5.088789999999999702e-01
2.880000000000000000e+02 4.106380000000000030e-01 4.546479999999999966e-01 5.090430000000000232e-01
2.890000000000000000e+02 4.105670000000000153e-01 4.545750000000000068e-01 5.089709999999999512e-01
2.900000000000000000e+02 4.107009999999999827e-01 4.546879999999999811e-01 5.091050000000000297e-01
2.910000000000000000e+02 4.107100000000000195e-01 4.547289999999999943e-01 5.091080000000000050e-01
2.920000000000000000e+02 4.105559999999999765e-01 4.546100000000000141e-01 5.089660000000000295e-01
2.930000000000000000e+02 4.105550000000000033e-01 4.545910000000000228e-01 5.089609999999999967e-01
2.940000000000000000e+02 4.104309999999999903e-01 4.544670000000000099e-01 5.088540000000000285e-01
2.950000000000000000e+02 4.105860000000000065e-01 4.546430000000000193e-01 5.090090000000000447e-01
2.960000000000000000e+02 4.105469999999999953e-01 4.546069999999999833e-01 5.089770000000000127e-01
2.970000000000000000e+02 4.106639999999999735e-01 4.547120000000000051e-01 5.090810000000000057e-01
2.980000000000000000e+02 4.107430000000000248e-01 4.547930000000000028e-01 5.091400000000000370e-01
2.990000000000000000e+02 4.106870000000000243e-01 4.546910000000000118e-01 5.090890000000000137e-01
3.000000000000000000e+02 4.107199999999999740e-01 4.546899999999999831e-01 5.091120000000000090e-01
3.010000000000000000e+02 4.105650000000000133e-01 4.545810000000000128e-01 5.089700000000000335e-01
3.020000000000000000e+02 4.104360000000000230e-01 4.544219999999999926e-01 5.088380000000000125e-01
3.030000000000000000e+02 4.104519999999999835e-01 4.544489999999999919e-01 5.088580000000000325e-01
3.040000000000000000e+02 4.105369999999999853e-01 4.545089999999999963e-01 5.089420000000000055e-01
3.050000000000000000e+02 4.105909999999999838e-01 4.545839999999999881e-01 5.089909999999999712e-01
3.060000000000000000e+02 4.106879999999999975e-01 4.546549999999999758e-01 5.090750000000000552e-01
3.070000000000000000e+02 4.106090000000000018e-01 4.545910000000000228e-01 5.089989999999999792e-01
3.080000000000000000e+02 4.106079999999999730e-01 4.546020000000000061e-01 5.090000000000000080e-01
3.090000000000000000e+02 4.105460000000000220e-01 4.545330000000000203e-01 5.089280000000000470e-01
3.100000000000000000e+02 4.104780000000000095e-01 4.544179999999999886e-01 5.088749999999999662e-01
3.110000000000000000e+02 4.103950000000000098e-01 4.543499999999999761e-01 5.087960000000000260e-01
3.120000000000000000e+02 4.103720000000000145e-01 4.543479999999999741e-01 5.087620000000000475e-01
3.130000000000000000e+02 4.104289999999999883e-01 4.544019999999999726e-01 5.088099999999999845e-01
3.140000000000000000e+02 4.104160000000000030e-01 4.543760000000000021e-01 5.088059999999999805e-01
3.150000000000000000e+02 4.105420000000000180e-01 4.544779999999999931e-01 5.089339999999999975e-01
3.160000000000000000e+02 4.105960000000000165e-01 4.545350000000000223e-01 5.089679999999999760e-01
3.170000000000000000e+02 4.105719999999999925e-01 4.545179999999999776e-01 5.089479999999999560e-01
3.180000000000000000e+02 4.104900000000000215e-01 4.544279999999999986e-01 5.088679999999999870e-01
3.190000000000000000e+02 4.105460000000000220e-01 4.544329999999999758e-01 5.089179999999999815e-01
3.200000000000000000e+02 4.104729999999999768e-01 4.543960000000000221e-01 5.088559999999999750e-01
3.210000000000000000e+02 4.104740000000000055e-01 4.544000000000000261e-01 5.088439999999999630e-01
3.220000000000000000e+02 4.103350000000000053e-01 4.542470000000000119e-01 5.087070000000000203e-01
3.230000000000000000e+02 4.104439999999999755e-01 4.543780000000000041e-01 5.088260000000000005e-01
3.240000000000000000e+02 4.106159999999999810e-01 4.545350000000000223e-01 5.090029999999999832e-01
3.250000000000000000e+02 4.107100000000000195e-01 4.545960000000000001e-01 5.090820000000000345e-01
3.260000000000000000e+02 4.105739999999999945e-01 4.544349999999999778e-01 5.089390000000000303e-01
3.270000000000000000e+02 4.104800000000000115e-01 4.543889999999999874e-01 5.088570000000000038e-01
3.280000000000000000e+02 4.104639999999999955e-01 4.543809999999999794e-01 5.088449999999999918e-01
3.290000000000000000e+02 4.104970000000000008e-01 4.543820000000000081e-01 5.088690000000000158e-01
3.300000000000000000e+02 4.104800000000000115e-01 4.543639999999999901e-01 5.088519999999999710e-01
3.310000000000000000e+02 4.102819999999999800e-01 4.542189999999999839e-01 5.086690000000000378e-01
3.320000000000000000e+02 4.103080000000000060e-01 4.542220000000000146e-01 5.086889999999999468e-01
3.330000000000000000e+02 4.104789999999999828e-01 4.543849999999999834e-01 5.088570000000000038e-01
3.340000000000000000e+02 4.106940000000000035e-01 4.545859999999999901e-01 5.090630000000000432e-01
3.350000000000000000e+02 4.105170000000000208e-01 4.543829999999999814e-01 5.088780000000000525e-01
3.360000000000000000e+02 4.104340000000000210e-01 4.543240000000000056e-01 5.087960000000000260e-01
3.370000000000000000e+02 4.103640000000000065e-01 4.542740000000000111e-01 5.087300000000000155e-01
3.380000000000000000e+02 4.104949999999999988e-01 4.543619999999999881e-01 5.088500000000000245e-01
3.390000000000000000e+02 4.104709999999999748e-01 4.543490000000000029e-01 5.088289999999999758e-01
3.400000000000000000e+02 4.104099999999999970e-01 4.543179999999999996e-01 5.087749999999999773e-01
3.410000000000000000e+02 4.103450000000000153e-01 4.542399999999999771e-01 5.087129999999999708e-01
3.420000000000000000e+02 4.104619999999999935e-01 4.543389999999999929e-01 5.088369999999999838e-01
3.430000000000000000e+02 4.106739999999999835e-01 4.545379999999999976e-01 5.090369999999999617e-01
3.440000000000000000e+02 4.105739999999999945e-01 4.543840000000000101e-01 5.089329999999999687e-01
3.450000000000000000e+02 4.105110000000000148e-01 4.543400000000000216e-01 5.088669999999999582e-01
3.460000000000000000e+02 4.104129999999999723e-01 4.542900000000000271e-01 5.087770000000000348e-01
3.470000000000000000e+02 4.103930000000000078e-01 4.542570000000000219e-01 5.087479999999999780e-01
3.480000000000000000e+02 4.105590000000000073e-01 4.543880000000000141e-01 5.089099999999999735e-01
3.490000000000000000e+02 4.104059999999999930e-01 4.542519999999999891e-01 5.087549999999999573e-01
3.500000000000000000e+02 4.103910000000000058e-01 4.542720000000000091e-01 5.087490000000000068e-01
3.510000000000000000e+02 4.104019999999999890e-01 4.542590000000000239e-01 5.087610000000000188e-01
3.520000000000000000e+02 4.106079999999999730e-01 4.544590000000000019e-01 5.089620000000000255e-01
3.530000000000000000e+02 4.106299999999999950e-01 4.544670000000000099e-01 5.089909999999999712e-01
3.540000000000000000e+02 4.105429999999999913e-01 4.543699999999999961e-01 5.089069999999999983e-01
3.550000000000000000e+02 4.103950000000000098e-01 4.542309999999999959e-01 5.087509999999999533e-01
3.560000000000000000e+02 4.103789999999999938e-01 4.542470000000000119e-01 5.087380000000000235e-01
3.570000000000000000e+02 4.104869999999999908e-01 4.543200000000000016e-01 5.088409999999999878e-01
3.580000000000000000e+02 4.104099999999999970e-01 4.542309999999999959e-01 5.087620000000000475e-01
3.590000000000000000e+02 4.104209999999999803e-01 4.542660000000000031e-01 5.087679999999999980e-01
3.600000000000000000e+02 4.104030000000000178e-01 4.542530000000000179e-01 5.087549999999999573e-01
3.610000000000000000e+02 4.104400000000000270e-01 4.542740000000000111e-01 5.087909999999999933e-01
3.620000000000000000e+02 4.105849999999999778e-01 4.544090000000000074e-01 5.089299999999999935e-01
3.630000000000000000e+02 4.105509999999999993e-01 4.543610000000000149e-01 5.088989999999999903e-01
3.640000000000000000e+02 4.104030000000000178e-01 4.542189999999999839e-01 5.087519999999999820e-01
3.650000000000000000e+02 4.103390000000000093e-01 4.541729999999999934e-01 5.086910000000000043e-01
3.660000000000000000e+02 4.104090000000000238e-01 4.542240000000000166e-01 5.087559999999999860e-01
3.670000000000000000e+02 4.104749999999999788e-01 4.543010000000000104e-01 5.088260000000000005e-01
3.680000000000000000e+02 4.104990000000000028e-01 4.543289999999999829e-01 5.088449999999999918e-01
3.690000000000000000e+02 4.103609999999999758e-01 4.541769999999999974e-01 5.087129999999999708e-01
3.700000000000000000e+02 4.104079999999999950e-01 4.541999999999999926e-01 5.087549999999999573e-01
3.710000000000000000e+02 4.104880000000000195e-01 4.542809999999999904e-01 5.088289999999999758e-01
3.720000000000000000e+02 4.105679999999999885e-01 4.543440000000000256e-01 5.089069999999999983e-01
3.730000000000000000e+02 4.105159999999999920e-01 4.542930000000000024e-01 5.088580000000000325e-01
3.740000000000000000e+02 4.103780000000000205e-01 4.541830000000000034e-01 5.087260000000000115e-01
3.750000000000000000e+02 4.103089999999999793e-01 4.541160000000000196e-01 5.086509999999999643e-01
3.760000000000000000e+02 4.103689999999999838e-01 4.541799999999999726e-01 5.087089999999999668e-01
3.770000000000000000e+02 4.103789999999999938e-01 4.541529999999999734e-01 5.087159999999999460e-01
3.780000000000000000e+02 4.103459999999999885e-01 4.541299999999999781e-01 5.086920000000000330e-01
3.790000000000000000e+02 4.103260000000000240e-01 4.540890000000000204e-01 5.086659999999999515e-01
3.800000000000000000e+02 4.103970000000000118e-01 4.541740000000000221e-01 5.087319999999999620e-01
3.810000000000000000e+02 4.104510000000000103e-01 4.542260000000000186e-01 5.087869999999999893e-01
3.820000000000000000e+02 4.104300000000000170e-01 4.542189999999999839e-01 5.087739999999999485e-01
3.830000000000000000e+02 4.103109999999999813e-01 4.541169999999999929e-01 5.086549999999999683e-01
3.840000000000000000e+02 4.102689999999999948e-01 4.541080000000000116e-01 5.086150000000000393e-01
3.850000000000000000e+02 4.103169999999999873e-01 4.541270000000000029e-01 5.086589999999999723e-01
3.860000000000000000e+02 4.102740000000000276e-01 4.540770000000000084e-01 5.086190000000000433e-01
3.870000000000000000e+02 4.102359999999999896e-01 4.540279999999999871e-01 5.085819999999999785e-01
3.880000000000000000e+02 4.102459999999999996e-01 4.540159999999999751e-01 5.085899999999999865e-01
3.890000000000000000e+02 4.102799999999999780e-01 4.540520000000000111e-01 5.086239999999999650e-01
3.900000000000000000e+02 4.103359999999999785e-01 4.541069999999999829e-01 5.086730000000000418e-01
3.910000000000000000e+02 4.103240000000000220e-01 4.540919999999999956e-01 5.086619999999999475e-01
3.920000000000000000e+02 4.102549999999999808e-01 4.540259999999999851e-01 5.086000000000000520e-01
3.930000000000000000e+02 4.101980000000000071e-01 4.539739999999999887e-01 5.085380000000000456e-01
3.940000000000000000e+02 4.101699999999999791e-01 4.539560000000000262e-01 5.085129999999999928e-01
3.950000000000000000e+02 4.101940000000000031e-01 4.539799999999999947e-01 5.085330000000000128e-01
3.960000000000000000e+02 4.101360000000000006e-01 4.539020000000000277e-01 5.084779999999999855e-01
3.970000000000000000e+02 4.101210000000000133e-01 4.538860000000000117e-01 5.084640000000000271e-01
3.980000000000000000e+02 4.101600000000000246e-01 4.539199999999999902e-01 5.084920000000000551e-01
3.990000000000000000e+02 4.102419999999999956e-01 4.539690000000000114e-01 5.085720000000000240e-01
4.000000000000000000e+02 4.102399999999999936e-01 4.539639999999999787e-01 5.085720000000000240e-01
4.010000000000000000e+02 4.101969999999999783e-01 4.539190000000000169e-01 5.085199999999999720e-01
4.020000000000000000e+02 4.101639999999999731e-01 4.539219999999999922e-01 5.084950000000000303e-01
4.030000000000000000e+02 4.101210000000000133e-01 4.538960000000000217e-01 5.084570000000000478e-01
4.040000000000000000e+02 4.100770000000000248e-01 4.538530000000000064e-01 5.084119999999999751e-01
4.050000000000000000e+02 4.100960000000000161e-01 4.538429999999999964e-01 5.084239999999999871e-01
4.060000000000000000e+02 4.100840000000000041e-01 4.538360000000000172e-01 5.084109999999999463e-01
4.070000000000000000e+02 4.101060000000000261e-01 4.538559999999999817e-01 5.084319999999999951e-01
4.080000000000000000e+02 4.100779999999999981e-01 4.538110000000000199e-01 5.084049999999999958e-01
4.090000000000000000e+02 4.101350000000000273e-01 4.538730000000000264e-01 5.084610000000000518e-01
4.100000000000000000e+02 4.101679999999999771e-01 4.538900000000000157e-01 5.084959999999999480e-01
4.110000000000000000e+02 4.101909999999999723e-01 4.539179999999999882e-01 5.085199999999999720e-01
4.120000000000000000e+02 4.101330000000000253e-01 4.538650000000000184e-01 5.084549999999999903e-01
4.130000000000000000e+02 4.100699999999999901e-01 4.538110000000000199e-01 5.083950000000000413e-01
4.140000000000000000e+02 4.100679999999999881e-01 4.537959999999999772e-01 5.083889999999999798e-01
4.150000000000000000e+02 4.101079999999999726e-01 4.538510000000000044e-01 5.084309999999999663e-01
4.160000000000000000e+02 4.100730000000000208e-01 4.538050000000000139e-01 5.083959999999999591e-01
4.170000000000000000e+02 4.101029999999999953e-01 4.538280000000000092e-01 5.084309999999999663e-01
4.180000000000000000e+02 4.101389999999999758e-01 4.538690000000000224e-01 5.084579999999999655e-01
4.190000000000000000e+02 4.101290000000000213e-01 4.538449999999999984e-01 5.084459999999999535e-01
4.200000000000000000e+02 4.100949999999999873e-01 4.537930000000000019e-01 5.084109999999999463e-01
4.210000000000000000e+02 4.100340000000000096e-01 4.537519999999999887e-01 5.083550000000000013e-01
4.220000000000000000e+02 4.100550000000000028e-01 4.537729999999999819e-01 5.083750000000000213e-01
4.230000000000000000e+02 4.099650000000000238e-01 4.536680000000000157e-01 5.082940000000000236e-01
4.240000000000000000e+02 4.099840000000000151e-01 4.536879999999999802e-01 5.083100000000000396e-01
4.250000000000000000e+02 4.099960000000000271e-01 4.537070000000000269e-01 5.083170000000000188e-01
4.260000000000000000e+02 4.100409999999999888e-01 4.537610000000000254e-01 5.083640000000000381e-01
4.270000000000000000e+02 4.100699999999999901e-01 4.537930000000000019e-01 5.083959999999999591e-01
4.280000000000000000e+02 4.101099999999999746e-01 4.538200000000000012e-01 5.084319999999999951e-01
4.290000000000000000e+02 4.100840000000000041e-01 4.537919999999999732e-01 5.083990000000000453e-01
4.300000000000000000e+02 4.100159999999999916e-01 4.537329999999999974e-01 5.083299999999999486e-01
4.310000000000000000e+02 4.099990000000000023e-01 4.537050000000000249e-01 5.083079999999999821e-01
4.320000000000000000e+02 4.099800000000000111e-01 4.536959999999999882e-01 5.083010000000000028e-01
4.330000000000000000e+02 4.099920000000000231e-01 4.537260000000000182e-01 5.083109999999999573e-01
4.340000000000000000e+02 4.099360000000000226e-01 4.536529999999999729e-01 5.082569999999999588e-01
4.350000000000000000e+02 4.099499999999999811e-01 4.536399999999999877e-01 5.082719999999999461e-01
4.360000000000000000e+02 4.099990000000000023e-01 4.536959999999999882e-01 5.083100000000000396e-01
4.370000000000000000e+02 4.100050000000000083e-01 4.537080000000000002e-01 5.083259999999999446e-01
4.380000000000000000e+02 4.100340000000000096e-01 4.537200000000000122e-01 5.083490000000000508e-01
4.390000000000000000e+02 4.099999999999999756e-01 4.536830000000000029e-01 5.083149999999999613e-01
4.400000000000000000e+02 4.099439999999999751e-01 4.536310000000000064e-01 5.082630000000000203e-01
4.410000000000000000e+02 4.099389999999999978e-01 4.536240000000000272e-01 5.082649999999999668e-01
4.420000000000000000e+02 4.099340000000000206e-01 4.536319999999999797e-01 5.082539999999999836e-01
4.430000000000000000e+02 4.098919999999999786e-01 4.535810000000000120e-01 5.082079999999999931e-01
4.440000000000000000e+02 4.099499999999999811e-01 4.536299999999999777e-01 5.082699999999999996e-01
4.450000000000000000e+02 4.099780000000000091e-01 4.536780000000000257e-01 5.082959999999999701e-01
4.460000000000000000e+02 4.099720000000000031e-01 4.536290000000000044e-01 5.082849999999999868e-01
4.470000000000000000e+02 4.100119999999999876e-01 4.536780000000000257e-01 5.083299999999999486e-01
4.480000000000000000e+02 4.099990000000000023e-01 4.536700000000000177e-01 5.083130000000000148e-01
4.490000000000000000e+02 4.099880000000000191e-01 4.536569999999999769e-01 5.083060000000000356e-01
4.500000000000000000e+02 4.099400000000000266e-01 4.536189999999999944e-01 5.082560000000000411e-01
4.510000000000000000e+02 4.098939999999999806e-01 4.535890000000000200e-01 5.082090000000000218e-01
4.520000000000000000e+02 4.098669999999999813e-01 4.535620000000000207e-01 5.081870000000000553e-01
4.530000000000000000e+02 4.099010000000000153e-01 4.535959999999999992e-01 5.082200000000000051e-01
4.540000000000000000e+02 4.099309999999999898e-01 4.536089999999999844e-01 5.082449999999999468e-01
4.550000000000000000e+02 4.099050000000000193e-01 4.535799999999999832e-01 5.082219999999999516e-01
4.560000000000000000e+02 4.099130000000000273e-01 4.535859999999999892e-01 5.082219999999999516e-01
4.570000000000000000e+02 4.099579999999999891e-01 4.536220000000000252e-01 5.082680000000000531e-01
4.580000000000000000e+02 4.099789999999999823e-01 4.536529999999999729e-01 5.082910000000000483e-01
4.590000000000000000e+02 4.100110000000000143e-01 4.536910000000000109e-01 5.083280000000000021e-01
4.600000000000000000e+02 4.098990000000000133e-01 4.535810000000000120e-01 5.082160000000000011e-01
4.610000000000000000e+02 4.098709999999999853e-01 4.535500000000000087e-01 5.081870000000000553e-01
4.620000000000000000e+02 4.098959999999999826e-01 4.535730000000000040e-01 5.082119999999999971e-01
4.630000000000000000e+02 4.099220000000000086e-01 4.536100000000000132e-01 5.082360000000000211e-01
4.640000000000000000e+02 4.099260000000000126e-01 4.535989999999999744e-01 5.082389999999999963e-01
4.650000000000000000e+02 4.098910000000000053e-01 4.535509999999999819e-01 5.082079999999999931e-01
4.660000000000000000e+02 4.099289999999999878e-01 4.535910000000000220e-01 5.082370000000000498e-01
4.670000000000000000e+02 4.099160000000000026e-01 4.535750000000000060e-01 5.082259999999999556e-01
4.680000000000000000e+02 4.099340000000000206e-01 4.535870000000000180e-01 5.082430000000000003e-01
4.690000000000000000e+02 4.098890000000000033e-01 4.535569999999999879e-01 5.082029999999999603e-01
4.700000000000000000e+02 4.097979999999999956e-01 4.534679999999999822e-01 5.081210000000000448e-01
4.710000000000000000e+02 4.098240000000000216e-01 4.534980000000000122e-01 5.081430000000000113e-01
4.720000000000000000e+02 4.098339999999999761e-01 4.535210000000000075e-01 5.081520000000000481e-01
4.730000000000000000e+02 4.098399999999999821e-01 4.535040000000000182e-01 5.081579999999999986e-01
4.740000000000000000e+02 4.098269999999999968e-01 4.534900000000000042e-01 5.081369999999999498e-01
4.750000000000000000e+02 4.098189999999999888e-01 4.534730000000000150e-01 5.081269999999999953e-01
4.760000000000000000e+02 4.097830000000000084e-01 4.534139999999999837e-01 5.080970000000000208e-01
4.770000000000000000e+02 4.098129999999999828e-01 4.534569999999999990e-01 5.081240000000000201e-01
4.780000000000000000e+02 4.098350000000000048e-01 4.534940000000000082e-01 5.081480000000000441e-01
4.790000000000000000e+02 4.098160000000000136e-01 4.534639999999999782e-01 5.081280000000000241e-01
4.800000000000000000e+02 4.097819999999999796e-01 4.534360000000000057e-01 5.080890000000000128e-01
4.810000000000000000e+02 4.097680000000000211e-01 4.534329999999999750e-01 5.080789999999999473e-01
4.820000000000000000e+02 4.097609999999999864e-01 4.534210000000000185e-01 5.080700000000000216e-01
4.830000000000000000e+02 4.097239999999999771e-01 4.533659999999999912e-01 5.080339999999999856e-01
4.840000000000000000e+02 4.097549999999999804e-01 4.533880000000000132e-01 5.080609999999999848e-01
4.850000000000000000e+02 4.097540000000000071e-01 4.533849999999999825e-01 5.080620000000000136e-01
4.860000000000000000e+02 4.097529999999999784e-01 4.533829999999999805e-01 5.080599999999999561e-01
4.870000000000000000e+02 4.097419999999999951e-01 4.533829999999999805e-01 5.080449999999999688e-01
4.880000000000000000e+02 4.097319999999999851e-01 4.533849999999999825e-01 5.080419999999999936e-01
4.890000000000000000e+02 4.097009999999999819e-01 4.533599999999999852e-01 5.080149999999999944e-01
4.900000000000000000e+02 4.096790000000000154e-01 4.533400000000000207e-01 5.079909999999999703e-01
4.910000000000000000e+02 4.096819999999999906e-01 4.533280000000000087e-01 5.079909999999999703e-01
4.920000000000000000e+02 4.096910000000000274e-01 4.533200000000000007e-01 5.079970000000000319e-01
4.930000000000000000e+02 4.097169999999999979e-01 4.533539999999999792e-01 5.080200000000000271e-01
4.940000000000000000e+02 4.097029999999999839e-01 4.533320000000000127e-01 5.080019999999999536e-01
4.950000000000000000e+02 4.096850000000000214e-01 4.533119999999999927e-01 5.079869999999999663e-01
4.960000000000000000e+02 4.096770000000000134e-01 4.533070000000000155e-01 5.079789999999999583e-01
4.970000000000000000e+02 4.096549999999999914e-01 4.532880000000000242e-01 5.079569999999999919e-01
4.980000000000000000e+02 4.096790000000000154e-01 4.533110000000000195e-01 5.079820000000000446e-01
4.990000000000000000e+02 4.096429999999999794e-01 4.532760000000000122e-01 5.079439999999999511e-01
5.000000000000000000e+02 4.096670000000000034e-01 4.532869999999999955e-01 5.079730000000000079e-01
5.010000000000000000e+02 4.096350000000000269e-01 4.532700000000000062e-01 5.079399999999999471e-01
5.020000000000000000e+02 4.096580000000000221e-01 4.532889999999999975e-01 5.079590000000000494e-01
5.030000000000000000e+02 4.096589999999999954e-01 4.532829999999999915e-01 5.079590000000000494e-01
5.040000000000000000e+02 4.096679999999999766e-01 4.532829999999999915e-01 5.079649999999999999e-01
5.050000000000000000e+02 4.096639999999999726e-01 4.532889999999999975e-01 5.079630000000000534e-01
5.060000000000000000e+02 4.096910000000000274e-01 4.533260000000000067e-01 5.079939999999999456e-01
5.070000000000000000e+02 4.096989999999999799e-01 4.533360000000000167e-01 5.080120000000000191e-01
5.080000000000000000e+02 4.096810000000000174e-01 4.533159999999999967e-01 5.079879999999999951e-01
5.090000000000000000e+02 4.096449999999999814e-01 4.532700000000000062e-01 5.079449999999999799e-01
5.100000000000000000e+02 4.096580000000000221e-01 4.532669999999999755e-01 5.079569999999999919e-01
5.110000000000000000e+02 4.096449999999999814e-01 4.532510000000000150e-01 5.079409999999999759e-01
5.120000000000000000e+02 4.096350000000000269e-01 4.532619999999999982e-01 5.079339999999999966e-01
5.130000000000000000e+02 4.096549999999999914e-01 4.532869999999999955e-01 5.079559999999999631e-01
5.140000000000000000e+02 4.096659999999999746e-01 4.533019999999999827e-01 5.079649999999999999e-01
5.150000000000000000e+02 4.096650000000000014e-01 4.533059999999999867e-01 5.079700000000000326e-01
5.160000000000000000e+02 4.096190000000000109e-01 4.532519999999999882e-01 5.079240000000000421e-01
5.170000000000000000e+02 4.096170000000000089e-01 4.532490000000000130e-01 5.079219999999999846e-01
5.180000000000000000e+02 4.096099999999999741e-01 4.532280000000000197e-01 5.079179999999999806e-01
5.190000000000000000e+02 4.095969999999999889e-01 4.532189999999999830e-01 5.079059999999999686e-01
5.200000000000000000e+02 4.095799999999999996e-01 4.531930000000000125e-01 5.078810000000000269e-01
5.210000000000000000e+02 4.095699999999999896e-01 4.531810000000000005e-01 5.078770000000000229e-01
5.220000000000000000e+02 4.095559999999999756e-01 4.531609999999999805e-01 5.078629999999999534e-01
5.230000000000000000e+02 4.095590000000000064e-01 4.531680000000000152e-01 5.078570000000000029e-01
5.240000000000000000e+02 4.096110000000000029e-01 4.532200000000000117e-01 5.079139999999999766e-01
5.250000000000000000e+02 4.095829999999999749e-01 4.531999999999999917e-01 5.078829999999999734e-01
5.260000000000000000e+02 4.095639999999999836e-01 4.531600000000000072e-01 5.078639999999999821e-01
5.270000000000000000e+02 4.095790000000000264e-01 4.531789999999999985e-01 5.078759999999999941e-01
5.280000000000000000e+02 4.095570000000000044e-01 4.531569999999999765e-01 5.078570000000000029e-01
5.290000000000000000e+02 4.095509999999999984e-01 4.531569999999999765e-01 5.078470000000000484e-01
5.300000000000000000e+02 4.095360000000000111e-01 4.531330000000000080e-01 5.078329999999999789e-01
5.310000000000000000e+02 4.095480000000000231e-01 4.531600000000000072e-01 5.078460000000000196e-01
5.320000000000000000e+02 4.095710000000000184e-01 4.531749999999999945e-01 5.078669999999999574e-01
5.330000000000000000e+02 4.095679999999999876e-01 4.531640000000000112e-01 5.078700000000000436e-01
5.340000000000000000e+02 4.095389999999999864e-01 4.531399999999999872e-01 5.078340000000000076e-01
5.350000000000000000e+02 4.095509999999999984e-01 4.531470000000000220e-01 5.078430000000000444e-01
5.360000000000000000e+02 4.095409999999999884e-01 4.531499999999999972e-01 5.078380000000000116e-01
5.370000000000000000e+02 4.095550000000000024e-01 4.531569999999999765e-01 5.078540000000000276e-01
5.380000000000000000e+02 4.095420000000000171e-01 4.531580000000000052e-01 5.078359999999999541e-01
5.390000000000000000e+02 4.095230000000000259e-01 4.531299999999999772e-01 5.078179999999999916e-01
5.400000000000000000e+02 4.095079999999999831e-01 4.531109999999999860e-01 5.078040000000000331e-01
5.410000000000000000e+02 4.095400000000000151e-01 4.531519999999999992e-01 5.078359999999999541e-01
5.420000000000000000e+02 4.095210000000000239e-01 4.531279999999999752e-01 5.078190000000000204e-01
5.430000000000000000e+02 4.095170000000000199e-01 4.531180000000000208e-01 5.078169999999999629e-01
5.440000000000000000e+02 4.095230000000000259e-01 4.531180000000000208e-01 5.078179999999999916e-01
5.450000000000000000e+02 4.095480000000000231e-01 4.531490000000000240e-01 5.078420000000000156e-01
5.460000000000000000e+02 4.095759999999999956e-01 4.531760000000000232e-01 5.078709999999999614e-01
5.470000000000000000e+02 4.095670000000000144e-01 4.531560000000000032e-01 5.078679999999999861e-01
5.480000000000000000e+02 4.095329999999999804e-01 4.531310000000000060e-01 5.078329999999999789e-01
5.490000000000000000e+02 4.095409999999999884e-01 4.531379999999999852e-01 5.078369999999999829e-01
5.500000000000000000e+02 4.095520000000000271e-01 4.531510000000000260e-01 5.078540000000000276e-01
5.510000000000000000e+02 4.095559999999999756e-01 4.531430000000000180e-01 5.078580000000000316e-01
5.520000000000000000e+02 4.095469999999999944e-01 4.531310000000000060e-01 5.078439999999999621e-01
5.530000000000000000e+02 4.095590000000000064e-01 4.531390000000000140e-01 5.078580000000000316e-01
5.540000000000000000e+02 4.095329999999999804e-01 4.531169999999999920e-01 5.078279999999999461e-01
5.550000000000000000e+02 4.095469999999999944e-01 4.531390000000000140e-01 5.078449999999999909e-01
5.560000000000000000e+02 4.095400000000000151e-01 4.531160000000000188e-01 5.078300000000000036e-01
5.570000000000000000e+02 4.095320000000000071e-01 4.531149999999999900e-01 5.078300000000000036e-01
5.580000000000000000e+02 4.095249999999999724e-01 4.531160000000000188e-01 5.078249999999999709e-01
5.590000000000000000e+02 4.094769999999999799e-01 4.530600000000000183e-01 5.077770000000000339e-01
5.600000000000000000e+02 4.095039999999999791e-01 4.530899999999999928e-01 5.078040000000000331e-01
5.610000000000000000e+02 4.095230000000000259e-01 4.531149999999999900e-01 5.078230000000000244e-01
5.620000000000000000e+02 4.095239999999999991e-01 4.531129999999999880e-01 5.078240000000000531e-01
5.630000000000000000e+02 4.095219999999999971e-01 4.531080000000000108e-01 5.078160000000000451e-01
5.640000000000000000e+02 4.095199999999999951e-01 4.530870000000000175e-01 5.078219999999999956e-01
5.650000000000000000e+02 4.095199999999999951e-01 4.530980000000000008e-01 5.078190000000000204e-01
5.660000000000000000e+02 4.095110000000000139e-01 4.530879999999999908e-01 5.078059999999999796e-01
5.670000000000000000e+02 4.095219999999999971e-01 4.531020000000000048e-01 5.078230000000000244e-01
5.680000000000000000e+02 4.095119999999999871e-01 4.530989999999999740e-01 5.078160000000000451e-01
5.690000000000000000e+02 4.095090000000000119e-01 4.530959999999999988e-01 5.078120000000000411e-01
5.700000000000000000e+02 4.094760000000000066e-01 4.530739999999999768e-01 5.077789999999999804e-01
5.710000000000000000e+02 4.095289999999999764e-01 4.531009999999999760e-01 5.078329999999999789e-01
5.720000000000000000e+02 4.095079999999999831e-01 4.530699999999999728e-01 5.078040000000000331e-01
5.730000000000000000e+02 4.094820000000000126e-01 4.530589999999999895e-01 5.077819999999999556e-01
5.740000000000000000e+02 4.094749999999999779e-01 4.530350000000000210e-01 5.077700000000000546e-01
5.750000000000000000e+02 4.094889999999999919e-01 4.530310000000000170e-01 5.077819999999999556e-01
5.760000000000000000e+02 4.095119999999999871e-01 4.530770000000000075e-01 5.078150000000000164e-01
5.770000000000000000e+02 4.094670000000000254e-01 4.530370000000000230e-01 5.077730000000000299e-01
5.780000000000000000e+02 4.094999999999999751e-01 4.530770000000000075e-01 5.078009999999999469e-01
5.790000000000000000e+02 4.094869999999999899e-01 4.530540000000000123e-01 5.077859999999999596e-01
5.800000000000000000e+02 4.094599999999999906e-01 4.530259999999999843e-01 5.077549999999999564e-01
5.810000000000000000e+02 4.094769999999999799e-01 4.530420000000000003e-01 5.077760000000000051e-01
5.820000000000000000e+02 4.094539999999999846e-01 4.530190000000000050e-01 5.077500000000000346e-01
5.830000000000000000e+02 4.094539999999999846e-01 4.530139999999999723e-01 5.077490000000000059e-01
5.840000000000000000e+02 4.094740000000000046e-01 4.530299999999999883e-01 5.077660000000000506e-01
5.850000000000000000e+02 4.094559999999999866e-01 4.530139999999999723e-01 5.077490000000000059e-01
5.860000000000000000e+02 4.094450000000000034e-01 4.530069999999999930e-01 5.077369999999999939e-01
5.870000000000000000e+02 4.094329999999999914e-01 4.529940000000000078e-01 5.077279999999999571e-01
5.880000000000000000e+02 4.094530000000000114e-01 4.530239999999999823e-01 5.077540000000000386e-01
5.890000000000000000e+02 4.094579999999999886e-01 4.530339999999999923e-01 5.077559999999999851e-01
5.900000000000000000e+02 4.094639999999999946e-01 4.530299999999999883e-01 5.077639999999999931e-01
5.910000000000000000e+02 4.094409999999999994e-01 4.530029999999999890e-01 5.077329999999999899e-01
5.920000000000000000e+02 4.094180000000000041e-01 4.529859999999999998e-01 5.077089999999999659e-01
5.930000000000000000e+02 4.094320000000000181e-01 4.529980000000000118e-01 5.077289999999999859e-01
5.940000000000000000e+02 4.094400000000000261e-01 4.529989999999999850e-01 5.077340000000000186e-01
5.950000000000000000e+02 4.094260000000000121e-01 4.529949999999999810e-01 5.077249999999999819e-01
5.960000000000000000e+02 4.094289999999999874e-01 4.529810000000000225e-01 5.077199999999999491e-01
5.970000000000000000e+02 4.094019999999999881e-01 4.529710000000000125e-01 5.076939999999999786e-01
5.980000000000000000e+02 4.093950000000000089e-01 4.529560000000000253e-01 5.076920000000000321e-01
5.990000000000000000e+02 4.094229999999999814e-01 4.529759999999999898e-01 5.077180000000000026e-01
6.000000000000000000e+02 4.093809999999999949e-01 4.529489999999999905e-01 5.076789999999999914e-01
6.010000000000000000e+02 4.094329999999999914e-01 4.530049999999999910e-01 5.077289999999999859e-01
6.020000000000000000e+02 4.094309999999999894e-01 4.529989999999999850e-01 5.077209999999999779e-01
6.030000000000000000e+02 4.094189999999999774e-01 4.529819999999999958e-01 5.077120000000000521e-01
6.040000000000000000e+02 4.094340000000000201e-01 4.529900000000000038e-01 5.077350000000000474e-01
6.050000000000000000e+02 4.094409999999999994e-01 4.530009999999999870e-01 5.077310000000000434e-01
6.060000000000000000e+02 4.094499999999999806e-01 4.530109999999999970e-01 5.077460000000000306e-01
6.070000000000000000e+02 4.094070000000000209e-01 4.529639999999999778e-01 5.077000000000000401e-01
6.080000000000000000e+02 4.093979999999999841e-01 4.529610000000000025e-01 5.077000000000000401e-01
6.090000000000000000e+02 4.094050000000000189e-01 4.529569999999999985e-01 5.076979999999999826e-01
6.100000000000000000e+02 4.093780000000000197e-01 4.529369999999999785e-01 5.076789999999999914e-01
6.110000000000000000e+02 4.094090000000000229e-01 4.529650000000000065e-01 5.077080000000000481e-01
6.120000000000000000e+02 4.094010000000000149e-01 4.529690000000000105e-01 5.077070000000000194e-01
6.130000000000000000e+02 4.094340000000000201e-01 4.529920000000000058e-01 5.077289999999999859e-01
6.140000000000000000e+02 4.094400000000000261e-01 4.530000000000000138e-01 5.077420000000000266e-01
6.150000000000000000e+02 4.094209999999999794e-01 4.529759999999999898e-01 5.077209999999999779e-01
6.160000000000000000e+02 4.094249999999999834e-01 4.529730000000000145e-01 5.077270000000000394e-01
6.170000000000000000e+02 4.093899999999999761e-01 4.529509999999999925e-01 5.076880000000000281e-01
6.180000000000000000e+02 4.093890000000000029e-01 4.529449999999999865e-01 5.076880000000000281e-01
6.190000000000000000e+02 4.094149999999999734e-01 4.529670000000000085e-01 5.077110000000000234e-01
6.200000000000000000e+02 4.094249999999999834e-01 4.529759999999999898e-01 5.077209999999999779e-01
6.210000000000000000e+02 4.094180000000000041e-01 4.529679999999999818e-01 5.077239999999999531e-01
6.220000000000000000e+02 4.094079999999999941e-01 4.529520000000000213e-01 5.077099999999999946e-01
6.230000000000000000e+02 4.094119999999999981e-01 4.529750000000000165e-01 5.077199999999999491e-01
6.240000000000000000e+02 4.094140000000000001e-01 4.529639999999999778e-01 5.077199999999999491e-01
6.250000000000000000e+02 4.094050000000000189e-01 4.529520000000000213e-01 5.077139999999999986e-01
6.260000000000000000e+02 4.094249999999999834e-01 4.529699999999999838e-01 5.077249999999999819e-01
6.270000000000000000e+02 4.094369999999999954e-01 4.529770000000000185e-01 5.077359999999999651e-01
6.280000000000000000e+02 4.094260000000000121e-01 4.529659999999999798e-01 5.077249999999999819e-01
6.290000000000000000e+02 4.094130000000000269e-01 4.529440000000000133e-01 5.077139999999999986e-01
6.300000000000000000e+02 4.094149999999999734e-01 4.529610000000000025e-01 5.077070000000000194e-01
6.310000000000000000e+02 4.094320000000000181e-01 4.529850000000000265e-01 5.077270000000000394e-01
6.320000000000000000e+02 4.094479999999999786e-01 4.529949999999999810e-01 5.077460000000000306e-01
6.330000000000000000e+02 4.094619999999999926e-01 4.530020000000000158e-01 5.077629999999999644e-01
6.340000000000000000e+02 4.094559999999999866e-01 4.530069999999999930e-01 5.077549999999999564e-01
6.350000000000000000e+02 4.094599999999999906e-01 4.530020000000000158e-01 5.077599999999999891e-01
6.360000000000000000e+02 4.094690000000000274e-01 4.530100000000000238e-01 5.077700000000000546e-01
6.370000000000000000e+02 4.094380000000000241e-01 4.529830000000000245e-01 5.077340000000000186e-01
6.380000000000000000e+02 4.094389999999999974e-01 4.529859999999999998e-01 5.077329999999999899e-01
6.390000000000000000e+02 4.094389999999999974e-01 4.529869999999999730e-01 5.077380000000000226e-01
6.400000000000000000e+02 4.094530000000000114e-01 4.529920000000000058e-01 5.077490000000000059e-01
6.410000000000000000e+02 4.094579999999999886e-01 4.529960000000000098e-01 5.077540000000000386e-01
6.420000000000000000e+02 4.094679999999999986e-01 4.530109999999999970e-01 5.077690000000000259e-01
6.430000000000000000e+02 4.094260000000000121e-01 4.529650000000000065e-01 5.077180000000000026e-01
6.440000000000000000e+02 4.094400000000000261e-01 4.529869999999999730e-01 5.077380000000000226e-01
6.450000000000000000e+02 4.094249999999999834e-01 4.529659999999999798e-01 5.077310000000000434e-01
6.460000000000000000e+02 4.094110000000000249e-01 4.529590000000000005e-01 5.077099999999999946e-01
6.470000000000000000e+02 4.094389999999999974e-01 4.529839999999999978e-01 5.077350000000000474e-01
6.480000000000000000e+02 4.094450000000000034e-01 4.529839999999999978e-01 5.077369999999999939e-01
6.490000000000000000e+02 4.094289999999999874e-01 4.529599999999999738e-01 5.077289999999999859e-01
6.500000000000000000e+02 4.094300000000000161e-01 4.529710000000000125e-01 5.077319999999999611e-01
6.510000000000000000e+02 4.094380000000000241e-01 4.529750000000000165e-01 5.077409999999999979e-01
6.520000000000000000e+02 4.094519999999999826e-01 4.529850000000000265e-01 5.077549999999999564e-01
6.530000000000000000e+02 4.094300000000000161e-01 4.529710000000000125e-01 5.077329999999999899e-01
6.540000000000000000e+02 4.094200000000000061e-01 4.529520000000000213e-01 5.077239999999999531e-01
6.550000000000000000e+02 4.094229999999999814e-01 4.529560000000000253e-01 5.077249999999999819e-01
6.560000000000000000e+02 4.094039999999999901e-01 4.529320000000000013e-01 5.077030000000000154e-01
6.570000000000000000e+02 4.093990000000000129e-01 4.529270000000000240e-01 5.076950000000000074e-01
6.580000000000000000e+02 4.094249999999999834e-01 4.529560000000000253e-01 5.077220000000000066e-01
6.590000000000000000e+02 4.094419999999999726e-01 4.529770000000000185e-01 5.077420000000000266e-01
6.600000000000000000e+02 4.094160000000000021e-01 4.529520000000000213e-01 5.077070000000000194e-01
6.610000000000000000e+02 4.094260000000000121e-01 4.529619999999999758e-01 5.077209999999999779e-01
6.620000000000000000e+02 4.094320000000000181e-01 4.529650000000000065e-01 5.077300000000000146e-01
6.630000000000000000e+02 4.094329999999999914e-01 4.529670000000000085e-01 5.077340000000000186e-01
6.640000000000000000e+02 4.094119999999999981e-01 4.529460000000000153e-01 5.077049999999999619e-01
6.650000000000000000e+02 4.094180000000000041e-01 4.529569999999999985e-01 5.077139999999999986e-01
6.660000000000000000e+02 4.094169999999999754e-01 4.529520000000000213e-01 5.077199999999999491e-01
6.670000000000000000e+02 4.094079999999999941e-01 4.529340000000000033e-01 5.077059999999999906e-01
6.680000000000000000e+02 4.094280000000000141e-01 4.529580000000000273e-01 5.077220000000000066e-01
6.690000000000000000e+02 4.094479999999999786e-01 4.529839999999999978e-01 5.077420000000000266e-01
6.700000000000000000e+02 4.094329999999999914e-01 4.529639999999999778e-01 5.077239999999999531e-01
6.710000000000000000e+02 4.094059999999999921e-01 4.529420000000000113e-01 5.077059999999999906e-01
6.720000000000000000e+02 4.094229999999999814e-01 4.529599999999999738e-01 5.077260000000000106e-01
6.730000000000000000e+02 4.094599999999999906e-01 4.529920000000000058e-01 5.077580000000000426e-01
6.740000000000000000e+02 4.094590000000000174e-01 4.529850000000000265e-01 5.077589999999999604e-01
6.750000000000000000e+02 4.094470000000000054e-01 4.529750000000000165e-01 5.077430000000000554e-01
6.760000000000000000e+02 4.094550000000000134e-01 4.529810000000000225e-01 5.077559999999999851e-01
6.770000000000000000e+02 4.094360000000000221e-01 4.529659999999999798e-01 5.077399999999999691e-01
6.780000000000000000e+02 4.094510000000000094e-01 4.529779999999999918e-01 5.077519999999999811e-01
6.790000000000000000e+02 4.094200000000000061e-01 4.529449999999999865e-01 5.077279999999999571e-01
6.800000000000000000e+02 4.094180000000000041e-01 4.529429999999999845e-01 5.077190000000000314e-01
6.810000000000000000e+02 4.094220000000000081e-01 4.529500000000000193e-01 5.077270000000000394e-01
6.820000000000000000e+02 4.094160000000000021e-01 4.529389999999999805e-01 5.077199999999999491e-01
6.830000000000000000e+02 4.094280000000000141e-01 4.529429999999999845e-01 5.077300000000000146e-01
6.840000000000000000e+02 4.094309999999999894e-01 4.529560000000000253e-01 5.077279999999999571e-01
6.850000000000000000e+02 4.094119999999999981e-01 4.529309999999999725e-01 5.077129999999999699e-01
6.860000000000000000e+02 4.094079999999999941e-01 4.529309999999999725e-01 5.077129999999999699e-01
6.870000000000000000e+02 4.094550000000000134e-01 4.529799999999999938e-01 5.077620000000000466e-01
6.880000000000000000e+02 4.094650000000000234e-01 4.529889999999999750e-01 5.077690000000000259e-01
6.890000000000000000e+02 4.094090000000000229e-01 4.529239999999999933e-01 5.077070000000000194e-01
6.900000000000000000e+02 4.094030000000000169e-01 4.529259999999999953e-01 5.077070000000000194e-01
6.910000000000000000e+02 4.094320000000000181e-01 4.529520000000000213e-01 5.077359999999999651e-01
6.920000000000000000e+02 4.094200000000000061e-01 4.529420000000000113e-01 5.077190000000000314e-01
6.930000000000000000e+02 4.094300000000000161e-01 4.529489999999999905e-01 5.077329999999999899e-01
6.940000000000000000e+02 4.094619999999999926e-01 4.529759999999999898e-01 5.077559999999999851e-01
6.950000000000000000e+02 4.094709999999999739e-01 4.529850000000000265e-01 5.077690000000000259e-01
6.960000000000000000e+02 4.094539999999999846e-01 4.529690000000000105e-01 5.077490000000000059e-01
6.970000000000000000e+02 4.094499999999999806e-01 4.529679999999999818e-01 5.077490000000000059e-01
6.980000000000000000e+02 4.094220000000000081e-01 4.529150000000000120e-01 5.077220000000000066e-01
6.990000000000000000e+02 4.094400000000000261e-01 4.529259999999999953e-01 5.077469999999999484e-01
7.000000000000000000e+02 4.094479999999999786e-01 4.529259999999999953e-01 5.077490000000000059e-01
7.010000000000000000e+02 4.094280000000000141e-01 4.528920000000000168e-01 5.077279999999999571e-01
7.020000000000000000e+02 4.094349999999999934e-01 4.528969999999999940e-01 5.077340000000000186e-01
7.030000000000000000e+02 4.094400000000000261e-01 4.528880000000000128e-01 5.077409999999999979e-01
7.040000000000000000e+02 4.094380000000000241e-01 4.528760000000000008e-01 5.077369999999999939e-01
7.050000000000000000e+02 4.094499999999999806e-01 4.528760000000000008e-01 5.077450000000000019e-01
7.060000000000000000e+02 4.094639999999999946e-01 4.528829999999999800e-01 5.077540000000000386e-01
7.070000000000000000e+02 4.094769999999999799e-01 4.528889999999999860e-01 5.077700000000000546e-01
7.080000000000000000e+02 4.094780000000000086e-01 4.528940000000000188e-01 5.077749999999999764e-01
7.090000000000000000e+02 4.094880000000000186e-01 4.528989999999999960e-01 5.077829999999999844e-01
7.100000000000000000e+02 4.094780000000000086e-01 4.528789999999999760e-01 5.077739999999999476e-01
7.110000000000000000e+02 4.094749999999999779e-01 4.528820000000000068e-01 5.077709999999999724e-01
7.120000000000000000e+02 4.094780000000000086e-01 4.528869999999999840e-01 5.077739999999999476e-01
7.130000000000000000e+02 4.094760000000000066e-01 4.528829999999999800e-01 5.077720000000000011e-01
7.140000000000000000e+02 4.094749999999999779e-01 4.528809999999999780e-01 5.077709999999999724e-01
7.150000000000000000e+02 4.094729999999999759e-01 4.528829999999999800e-01 5.077709999999999724e-01
7.160000000000000000e+02 4.094749999999999779e-01 4.528860000000000108e-01 5.077730000000000299e-01
7.170000000000000000e+02 4.094769999999999799e-01 4.528900000000000148e-01 5.077739999999999476e-01
7.180000000000000000e+02 4.094769999999999799e-01 4.528900000000000148e-01 5.077749999999999764e-01
7.190000000000000000e+02 4.094780000000000086e-01 4.528900000000000148e-01 5.077749999999999764e-01
7.200000000000000000e+02 4.094780000000000086e-01 4.528900000000000148e-01 5.077749999999999764e-01
7.210000000000000000e+02 4.094780000000000086e-01 4.528909999999999880e-01 5.077749999999999764e-01
7.220000000000000000e+02 4.094780000000000086e-01 4.528909999999999880e-01 5.077760000000000051e-01
7.230000000000000000e+02 4.094780000000000086e-01 4.528909999999999880e-01 5.077760000000000051e-01
7.240000000000000000e+02 4.094789999999999819e-01 4.528909999999999880e-01 5.077760000000000051e-01
7.250000000000000000e+02 4.094789999999999819e-01 4.528909999999999880e-01 5.077760000000000051e-01
7.260000000000000000e+02 4.094789999999999819e-01 4.528920000000000168e-01 5.077770000000000339e-01
7.270000000000000000e+02 4.094789999999999819e-01 4.528920000000000168e-01 5.077770000000000339e-01
7.280000000000000000e+02 4.094800000000000106e-01 4.528920000000000168e-01 5.077770000000000339e-01
7.290000000000000000e+02 4.094800000000000106e-01 4.528920000000000168e-01 5.077770000000000339e-01
7.300000000000000000e+02 4.094800000000000106e-01 4.528929999999999900e-01 5.077779999999999516e-01
7.310000000000000000e+02 4.094800000000000106e-01 4.528929999999999900e-01 5.077779999999999516e-01
7.320000000000000000e+02 4.094800000000000106e-01 4.528929999999999900e-01 5.077779999999999516e-01
7.330000000000000000e+02 4.094809999999999839e-01 4.528929999999999900e-01 5.077779999999999516e-01
7.340000000000000000e+02 4.094809999999999839e-01 4.528929999999999900e-01 5.077779999999999516e-01
7.350000000000000000e+02 4.094809999999999839e-01 4.528940000000000188e-01 5.077789999999999804e-01
7.360000000000000000e+02 4.094809999999999839e-01 4.528940000000000188e-01 5.077789999999999804e-01
7.370000000000000000e+02 4.094809999999999839e-01 4.528940000000000188e-01 5.077789999999999804e-01
7.380000000000000000e+02 4.094820000000000126e-01 4.528940000000000188e-01 5.077789999999999804e-01
7.390000000000000000e+02 4.094820000000000126e-01 4.528949999999999920e-01 5.077789999999999804e-01
7.400000000000000000e+02 4.094820000000000126e-01 4.528949999999999920e-01 5.077800000000000091e-01
7.410000000000000000e+02 4.094820000000000126e-01 4.528949999999999920e-01 5.077800000000000091e-01
7.420000000000000000e+02 4.094829999999999859e-01 4.528949999999999920e-01 5.077800000000000091e-01
7.430000000000000000e+02 4.094829999999999859e-01 4.528949999999999920e-01 5.077800000000000091e-01
7.440000000000000000e+02 4.094829999999999859e-01 4.528960000000000208e-01 5.077800000000000091e-01
7.450000000000000000e+02 4.094829999999999859e-01 4.528960000000000208e-01 5.077810000000000379e-01
7.460000000000000000e+02 4.094829999999999859e-01 4.528960000000000208e-01 5.077810000000000379e-01
7.470000000000000000e+02 4.094840000000000146e-01 4.528960000000000208e-01 5.077810000000000379e-01
7.480000000000000000e+02 4.094840000000000146e-01 4.528960000000000208e-01 5.077810000000000379e-01
7.490000000000000000e+02 4.094840000000000146e-01 4.528969999999999940e-01 5.077819999999999556e-01
7.500000000000000000e+02 4.094840000000000146e-01 4.528969999999999940e-01 5.077819999999999556e-01
7.510000000000000000e+02 4.094840000000000146e-01 4.528969999999999940e-01 5.077819999999999556e-01
7.520000000000000000e+02 4.094849999999999879e-01 4.528969999999999940e-01 5.077819999999999556e-01
7.530000000000000000e+02 4.094849999999999879e-01 4.528969999999999940e-01 5.077819999999999556e-01
7.540000000000000000e+02 4.094849999999999879e-01 4.528980000000000228e-01 5.077829999999999844e-01
7.550000000000000000e+02 4.094849999999999879e-01 4.528980000000000228e-01 5.077829999999999844e-01
7.560000000000000000e+02 4.094849999999999879e-01 4.528980000000000228e-01 5.077829999999999844e-01
7.570000000000000000e+02 4.094860000000000166e-01 4.528980000000000228e-01 5.077829999999999844e-01
7.580000000000000000e+02 4.094860000000000166e-01 4.528980000000000228e-01 5.077829999999999844e-01
7.590000000000000000e+02 4.094860000000000166e-01 4.528989999999999960e-01 5.077840000000000131e-01
7.600000000000000000e+02 4.094860000000000166e-01 4.528989999999999960e-01 5.077840000000000131e-01
7.610000000000000000e+02 4.094869999999999899e-01 4.528989999999999960e-01 5.077840000000000131e-01
7.620000000000000000e+02 4.094869999999999899e-01 4.528989999999999960e-01 5.077840000000000131e-01
7.630000000000000000e+02 4.094869999999999899e-01 4.528989999999999960e-01 5.077840000000000131e-01
7.640000000000000000e+02 4.094869999999999899e-01 4.529000000000000248e-01 5.077850000000000419e-01
7.650000000000000000e+02 4.094869999999999899e-01 4.529000000000000248e-01 5.077850000000000419e-01
7.660000000000000000e+02 4.094869999999999899e-01 4.529000000000000248e-01 5.077850000000000419e-01
7.670000000000000000e+02 4.094880000000000186e-01 4.529000000000000248e-01 5.077850000000000419e-01
7.680000000000000000e+02 4.094880000000000186e-01 4.529000000000000248e-01 5.077850000000000419e-01
7.690000000000000000e+02 4.094880000000000186e-01 4.529009999999999980e-01 5.077859999999999596e-01
7.700000000000000000e+02 4.094880000000000186e-01 4.529009999999999980e-01 5.077859999999999596e-01
7.710000000000000000e+02 4.094880000000000186e-01 4.529009999999999980e-01 5.077859999999999596e-01
7.720000000000000000e+02 4.094889999999999919e-01 4.529009999999999980e-01 5.077859999999999596e-01
7.730000000000000000e+02 4.094889999999999919e-01 4.529009999999999980e-01 5.077859999999999596e-01
7.740000000000000000e+02 4.094889999999999919e-01 4.529020000000000268e-01 5.077869999999999884e-01
7.750000000000000000e+02 4.094889999999999919e-01 4.529020000000000268e-01 5.077869999999999884e-01
7.760000000000000000e+02 4.094889999999999919e-01 4.529020000000000268e-01 5.077869999999999884e-01
7.770000000000000000e+02 4.094900000000000206e-01 4.529020000000000268e-01 5.077869999999999884e-01
7.780000000000000000e+02 4.094900000000000206e-01 4.529020000000000268e-01 5.077869999999999884e-01
7.790000000000000000e+02 4.094900000000000206e-01 4.529030000000000000e-01 5.077880000000000171e-01
7.800000000000000000e+02 4.094900000000000206e-01 4.529030000000000000e-01 5.077880000000000171e-01
7.810000000000000000e+02 4.094900000000000206e-01 4.529030000000000000e-01 5.077880000000000171e-01
7.820000000000000000e+02 4.094909999999999939e-01 4.529030000000000000e-01 5.077880000000000171e-01
7.830000000000000000e+02 4.094909999999999939e-01 4.529030000000000000e-01 5.077880000000000171e-01
7.840000000000000000e+02 4.094909999999999939e-01 4.529039999999999733e-01 5.077880000000000171e-01
7.850000000000000000e+02 4.094909999999999939e-01 4.529039999999999733e-01 5.077890000000000459e-01
7.860000000000000000e+02 4.094909999999999939e-01 4.529039999999999733e-01 5.077890000000000459e-01
7.870000000000000000e+02 4.094920000000000226e-01 4.529039999999999733e-01 5.077890000000000459e-01
7.880000000000000000e+02 4.094920000000000226e-01 4.529039999999999733e-01 5.077890000000000459e-01
7.890000000000000000e+02 4.094920000000000226e-01 4.529039999999999733e-01 5.077890000000000459e-01
7.900000000000000000e+02 4.094920000000000226e-01 4.529050000000000020e-01 5.077899999999999636e-01
7.910000000000000000e+02 4.094920000000000226e-01 4.529050000000000020e-01 5.077899999999999636e-01
7.920000000000000000e+02 4.094920000000000226e-01 4.529050000000000020e-01 5.077899999999999636e-01
7.930000000000000000e+02 4.094929999999999959e-01 4.529050000000000020e-01 5.077899999999999636e-01
7.940000000000000000e+02 4.094929999999999959e-01 4.529050000000000020e-01 5.077899999999999636e-01
7.950000000000000000e+02 4.094929999999999959e-01 4.529059999999999753e-01 5.077909999999999924e-01
7.960000000000000000e+02 4.094929999999999959e-01 4.529059999999999753e-01 5.077909999999999924e-01
7.970000000000000000e+02 4.094929999999999959e-01 4.529059999999999753e-01 5.077909999999999924e-01
7.980000000000000000e+02 4.094940000000000246e-01 4.529059999999999753e-01 5.077909999999999924e-01
7.990000000000000000e+02 4.094940000000000246e-01 4.529059999999999753e-01 5.077909999999999924e-01
8.000000000000000000e+02 4.094940000000000246e-01 4.529070000000000040e-01 5.077909999999999924e-01
8.010000000000000000e+02 4.094940000000000246e-01 4.529070000000000040e-01 5.077920000000000211e-01
8.020000000000000000e+02 4.094940000000000246e-01 4.529070000000000040e-01 5.077920000000000211e-01
8.030000000000000000e+02 4.094940000000000246e-01 4.529070000000000040e-01 5.077920000000000211e-01
8.040000000000000000e+02 4.094949999999999979e-01 4.529070000000000040e-01 5.077920000000000211e-01
8.050000000000000000e+02 4.094949999999999979e-01 4.529070000000000040e-01 5.077920000000000211e-01
8.060000000000000000e+02 4.094949999999999979e-01 4.529079999999999773e-01 5.077930000000000499e-01
8.070000000000000000e+02 4.094949999999999979e-01 4.529079999999999773e-01 5.077930000000000499e-01
8.080000000000000000e+02 4.094949999999999979e-01 4.529079999999999773e-01 5.077930000000000499e-01
8.090000000000000000e+02 4.094960000000000266e-01 4.529079999999999773e-01 5.077930000000000499e-01
8.100000000000000000e+02 4.094960000000000266e-01 4.529079999999999773e-01 5.077930000000000499e-01
8.110000000000000000e+02 4.094960000000000266e-01 4.529079999999999773e-01 5.077930000000000499e-01
8.120000000000000000e+02 4.094960000000000266e-01 4.529090000000000060e-01 5.077939999999999676e-01
8.130000000000000000e+02 4.094960000000000266e-01 4.529090000000000060e-01 5.077939999999999676e-01
8.140000000000000000e+02 4.094960000000000266e-01 4.529090000000000060e-01 5.077939999999999676e-01
8.150000000000000000e+02 4.094969999999999999e-01 4.529090000000000060e-01 5.077939999999999676e-01
8.160000000000000000e+02 4.094969999999999999e-01 4.529090000000000060e-01 5.077939999999999676e-01
8.170000000000000000e+02 4.094969999999999999e-01 4.529099999999999793e-01 5.077939999999999676e-01
8.180000000000000000e+02 4.094969999999999999e-01 4.529099999999999793e-01 5.077949999999999964e-01
8.190000000000000000e+02 4.094969999999999999e-01 4.529099999999999793e-01 5.077949999999999964e-01
8.200000000000000000e+02 4.094969999999999999e-01 4.529099999999999793e-01 5.077949999999999964e-01
8.210000000000000000e+02 4.094979999999999731e-01 4.529099999999999793e-01 5.077949999999999964e-01
8.220000000000000000e+02 4.094979999999999731e-01 4.529099999999999793e-01 5.077949999999999964e-01
8.230000000000000000e+02 4.094979999999999731e-01 4.529110000000000080e-01 5.077960000000000251e-01
8.240000000000000000e+02 4.094979999999999731e-01 4.529110000000000080e-01 5.077960000000000251e-01
8.250000000000000000e+02 4.094979999999999731e-01 4.529110000000000080e-01 5.077960000000000251e-01
8.260000000000000000e+02 4.094990000000000019e-01 4.529110000000000080e-01 5.077960000000000251e-01
8.270000000000000000e+02 4.094990000000000019e-01 4.529110000000000080e-01 5.077960000000000251e-01
8.280000000000000000e+02 4.094990000000000019e-01 4.529110000000000080e-01 5.077960000000000251e-01
8.290000000000000000e+02 4.094990000000000019e-01 4.529119999999999813e-01 5.077970000000000539e-01
8.300000000000000000e+02 4.094990000000000019e-01 4.529119999999999813e-01 5.077970000000000539e-01
8.310000000000000000e+02 4.094990000000000019e-01 4.529119999999999813e-01 5.077970000000000539e-01
8.320000000000000000e+02 4.094999999999999751e-01 4.529119999999999813e-01 5.077970000000000539e-01
8.330000000000000000e+02 4.094999999999999751e-01 4.529119999999999813e-01 5.077970000000000539e-01
8.340000000000000000e+02 4.094999999999999751e-01 4.529119999999999813e-01 5.077970000000000539e-01
8.350000000000000000e+02 4.094999999999999751e-01 4.529130000000000100e-01 5.077979999999999716e-01
8.360000000000000000e+02 4.094999999999999751e-01 4.529130000000000100e-01 5.077979999999999716e-01
8.370000000000000000e+02 4.094999999999999751e-01 4.529130000000000100e-01 5.077979999999999716e-01
8.380000000000000000e+02 4.095010000000000039e-01 4.529130000000000100e-01 5.077979999999999716e-01
8.390000000000000000e+02 4.095010000000000039e-01 4.529130000000000100e-01 5.077979999999999716e-01
8.400000000000000000e+02 4.095010000000000039e-01 4.529130000000000100e-01 5.077979999999999716e-01
8.410000000000000000e+02 4.095010000000000039e-01 4.529139999999999833e-01 5.077990000000000004e-01
8.420000000000000000e+02 4.095010000000000039e-01 4.529139999999999833e-01 5.077990000000000004e-01
8.430000000000000000e+02 4.095010000000000039e-01 4.529139999999999833e-01 5.077990000000000004e-01
8.440000000000000000e+02 4.095019999999999771e-01 4.529139999999999833e-01 5.077990000000000004e-01
8.450000000000000000e+02 4.095019999999999771e-01 4.529139999999999833e-01 5.077990000000000004e-01
8.460000000000000000e+02 4.095019999999999771e-01 4.529139999999999833e-01 5.077990000000000004e-01
8.470000000000000000e+02 4.095019999999999771e-01 4.529150000000000120e-01 5.078000000000000291e-01
8.480000000000000000e+02 4.095019999999999771e-01 4.529150000000000120e-01 5.078000000000000291e-01
8.490000000000000000e+02 4.095019999999999771e-01 4.529150000000000120e-01 5.078000000000000291e-01
8.500000000000000000e+02 4.095030000000000059e-01 4.529150000000000120e-01 5.078000000000000291e-01
8.510000000000000000e+02 4.095030000000000059e-01 4.529150000000000120e-01 5.078000000000000291e-01
8.520000000000000000e+02 4.095030000000000059e-01 4.529150000000000120e-01 5.078000000000000291e-01
8.530000000000000000e+02 4.095030000000000059e-01 4.529159999999999853e-01 5.078009999999999469e-01
8.540000000000000000e+02 4.095030000000000059e-01 4.529159999999999853e-01 5.078009999999999469e-01
8.550000000000000000e+02 4.095030000000000059e-01 4.529159999999999853e-01 5.078009999999999469e-01
8.560000000000000000e+02 4.095030000000000059e-01 4.529159999999999853e-01 5.078009999999999469e-01
8.570000000000000000e+02 4.095039999999999791e-01 4.529159999999999853e-01 5.078009999999999469e-01
8.580000000000000000e+02 4.095039999999999791e-01 4.529159999999999853e-01 5.078009999999999469e-01
8.590000000000000000e+02 4.095039999999999791e-01 4.529170000000000140e-01 5.078009999999999469e-01
8.600000000000000000e+02 4.095039999999999791e-01 4.529170000000000140e-01 5.078019999999999756e-01
8.610000000000000000e+02 4.095039999999999791e-01 4.529170000000000140e-01 5.078019999999999756e-01
8.620000000000000000e+02 4.095039999999999791e-01 4.529170000000000140e-01 5.078019999999999756e-01
8.630000000000000000e+02 4.095050000000000079e-01 4.529170000000000140e-01 5.078019999999999756e-01
8.640000000000000000e+02 4.095050000000000079e-01 4.529170000000000140e-01 5.078019999999999756e-01
8.650000000000000000e+02 4.095050000000000079e-01 4.529170000000000140e-01 5.078019999999999756e-01
8.660000000000000000e+02 4.095050000000000079e-01 4.529179999999999873e-01 5.078030000000000044e-01
8.670000000000000000e+02 4.095050000000000079e-01 4.529179999999999873e-01 5.078030000000000044e-01
8.680000000000000000e+02 4.095050000000000079e-01 4.529179999999999873e-01 5.078030000000000044e-01
8.690000000000000000e+02 4.095059999999999811e-01 4.529179999999999873e-01 5.078030000000000044e-01
8.700000000000000000e+02 4.095059999999999811e-01 4.529179999999999873e-01 5.078030000000000044e-01
8.710000000000000000e+02 4.095059999999999811e-01 4.529179999999999873e-01 5.078030000000000044e-01
8.720000000000000000e+02 4.095059999999999811e-01 4.529190000000000160e-01 5.078030000000000044e-01
8.730000000000000000e+02 4.095059999999999811e-01 4.529190000000000160e-01 5.078040000000000331e-01
8.740000000000000000e+02 4.095059999999999811e-01 4.529190000000000160e-01 5.078040000000000331e-01
8.750000000000000000e+02 4.095059999999999811e-01 4.529190000000000160e-01 5.078040000000000331e-01
8.760000000000000000e+02 4.095070000000000099e-01 4.529190000000000160e-01 5.078040000000000331e-01
8.770000000000000000e+02 4.095070000000000099e-01 4.529190000000000160e-01 5.078040000000000331e-01
8.780000000000000000e+02 4.095070000000000099e-01 4.529190000000000160e-01 5.078040000000000331e-01
8.790000000000000000e+02 4.095070000000000099e-01 4.529199999999999893e-01 5.078049999999999509e-01
8.800000000000000000e+02 4.095070000000000099e-01 4.529199999999999893e-01 5.078049999999999509e-01
8.810000000000000000e+02 4.095070000000000099e-01 4.529199999999999893e-01 5.078049999999999509e-01
8.820000000000000000e+02 4.095070000000000099e-01 4.529199999999999893e-01 5.078049999999999509e-01
8.830000000000000000e+02 4.095079999999999831e-01 4.529199999999999893e-01 5.078049999999999509e-01
8.840000000000000000e+02 4.095079999999999831e-01 4.529199999999999893e-01 5.078049999999999509e-01
8.850000000000000000e+02 4.095079999999999831e-01 4.529199999999999893e-01 5.078049999999999509e-01
8.860000000000000000e+02 4.095079999999999831e-01 4.529210000000000180e-01 5.078059999999999796e-01
8.870000000000000000e+02 4.095079999999999831e-01 4.529210000000000180e-01 5.078059999999999796e-01
8.880000000000000000e+02 4.095079999999999831e-01 4.529210000000000180e-01 5.078059999999999796e-01
8.890000000000000000e+02 4.095090000000000119e-01 4.529210000000000180e-01 5.078059999999999796e-01
8.900000000000000000e+02 4.095090000000000119e-01 4.529210000000000180e-01 5.078059999999999796e-01
8.910000000000000000e+02 4.095090000000000119e-01 4.529210000000000180e-01 5.078059999999999796e-01
8.920000000000000000e+02 4.095090000000000119e-01 4.529219999999999913e-01 5.078059999999999796e-01
8.930000000000000000e+02 4.095090000000000119e-01 4.529219999999999913e-01 5.078070000000000084e-01
8.940000000000000000e+02 4.095090000000000119e-01 4.529219999999999913e-01 5.078070000000000084e-01
8.950000000000000000e+02 4.095090000000000119e-01 4.529219999999999913e-01 5.078070000000000084e-01
8.960000000000000000e+02 4.095099999999999851e-01 4.529219999999999913e-01 5.078070000000000084e-01
8.970000000000000000e+02 4.095099999999999851e-01 4.529219999999999913e-01 5.078070000000000084e-01
8.980000000000000000e+02 4.095099999999999851e-01 4.529219999999999913e-01 5.078070000000000084e-01
8.990000000000000000e+02 4.095099999999999851e-01 4.529230000000000200e-01 5.078070000000000084e-01
9.000000000000000000e+02 4.095099999999999851e-01 4.529230000000000200e-01 5.078080000000000371e-01
9.010000000000000000e+02 4.095099999999999851e-01 4.529230000000000200e-01 5.078080000000000371e-01
9.020000000000000000e+02 4.095099999999999851e-01 4.529230000000000200e-01 5.078080000000000371e-01
9.030000000000000000e+02 4.095110000000000139e-01 4.529230000000000200e-01 5.078080000000000371e-01
9.040000000000000000e+02 4.095110000000000139e-01 4.529230000000000200e-01 5.078080000000000371e-01
9.050000000000000000e+02 4.095110000000000139e-01 4.529230000000000200e-01 5.078080000000000371e-01
9.060000000000000000e+02 4.095110000000000139e-01 4.529239999999999933e-01 5.078089999999999549e-01
9.070000000000000000e+02 4.095110000000000139e-01 4.529239999999999933e-01 5.078089999999999549e-01
9.080000000000000000e+02 4.095110000000000139e-01 4.529239999999999933e-01 5.078089999999999549e-01
9.090000000000000000e+02 4.095110000000000139e-01 4.529239999999999933e-01 5.078089999999999549e-01
9.100000000000000000e+02 4.095119999999999871e-01 4.529239999999999933e-01 5.078089999999999549e-01
9.110000000000000000e+02 4.095119999999999871e-01 4.529239999999999933e-01 5.078089999999999549e-01
9.120000000000000000e+02 4.095119999999999871e-01 4.529239999999999933e-01 5.078089999999999549e-01
9.130000000000000000e+02 4.095119999999999871e-01 4.529250000000000220e-01 5.078089999999999549e-01
9.140000000000000000e+02 4.095119999999999871e-01 4.529250000000000220e-01 5.078099999999999836e-01
9.150000000000000000e+02 4.095119999999999871e-01 4.529250000000000220e-01 5.078099999999999836e-01
9.160000000000000000e+02 4.095119999999999871e-01 4.529250000000000220e-01 5.078099999999999836e-01
9.170000000000000000e+02 4.095130000000000159e-01 4.529250000000000220e-01 5.078099999999999836e-01
9.180000000000000000e+02 4.095130000000000159e-01 4.529250000000000220e-01 5.078099999999999836e-01
9.190000000000000000e+02 4.095130000000000159e-01 4.529250000000000220e-01 5.078099999999999836e-01
9.200000000000000000e+02 4.095130000000000159e-01 4.529259999999999953e-01 5.078099999999999836e-01
9.210000000000000000e+02 4.095130000000000159e-01 4.529259999999999953e-01 5.078110000000000124e-01
9.220000000000000000e+02 4.095130000000000159e-01 4.529259999999999953e-01 5.078110000000000124e-01
9.230000000000000000e+02 4.095130000000000159e-01 4.529259999999999953e-01 5.078110000000000124e-01
9.240000000000000000e+02 4.095130000000000159e-01 4.529259999999999953e-01 5.078110000000000124e-01
9.250000000000000000e+02 4.095139999999999891e-01 4.529259999999999953e-01 5.078110000000000124e-01
9.260000000000000000e+02 4.095139999999999891e-01 4.529259999999999953e-01 5.078110000000000124e-01
9.270000000000000000e+02 4.095139999999999891e-01 4.529259999999999953e-01 5.078110000000000124e-01
9.280000000000000000e+02 4.095139999999999891e-01 4.529270000000000240e-01 5.078120000000000411e-01
9.290000000000000000e+02 4.095139999999999891e-01 4.529270000000000240e-01 5.078120000000000411e-01
9.300000000000000000e+02 4.095139999999999891e-01 4.529270000000000240e-01 5.078120000000000411e-01
9.310000000000000000e+02 4.095139999999999891e-01 4.529270000000000240e-01 5.078120000000000411e-01
9.320000000000000000e+02 4.095150000000000179e-01 4.529270000000000240e-01 5.078120000000000411e-01
9.330000000000000000e+02 4.095150000000000179e-01 4.529270000000000240e-01 5.078120000000000411e-01
9.340000000000000000e+02 4.095150000000000179e-01 4.529270000000000240e-01 5.078120000000000411e-01
9.350000000000000000e+02 4.095150000000000179e-01 4.529279999999999973e-01 5.078120000000000411e-01
9.360000000000000000e+02 4.095150000000000179e-01 4.529279999999999973e-01 5.078129999999999589e-01
9.370000000000000000e+02 4.095150000000000179e-01 4.529279999999999973e-01 5.078129999999999589e-01
9.380000000000000000e+02 4.095150000000000179e-01 4.529279999999999973e-01 5.078129999999999589e-01
9.390000000000000000e+02 4.095159999999999911e-01 4.529279999999999973e-01 5.078129999999999589e-01
9.400000000000000000e+02 4.095159999999999911e-01 4.529279999999999973e-01 5.078129999999999589e-01
9.410000000000000000e+02 4.095159999999999911e-01 4.529279999999999973e-01 5.078129999999999589e-01
9.420000000000000000e+02 4.095159999999999911e-01 4.529279999999999973e-01 5.078129999999999589e-01
9.430000000000000000e+02 4.095159999999999911e-01 4.529290000000000260e-01 5.078139999999999876e-01
9.440000000000000000e+02 4.095159999999999911e-01 4.529290000000000260e-01 5.078139999999999876e-01
9.450000000000000000e+02 4.095159999999999911e-01 4.529290000000000260e-01 5.078139999999999876e-01
9.460000000000000000e+02 4.095159999999999911e-01 4.529290000000000260e-01 5.078139999999999876e-01
9.470000000000000000e+02 4.095170000000000199e-01 4.529290000000000260e-01 5.078139999999999876e-01
9.480000000000000000e+02 4.095170000000000199e-01 4.529290000000000260e-01 5.078139999999999876e-01
9.490000000000000000e+02 4.095170000000000199e-01 4.529290000000000260e-01 5.078139999999999876e-01
9.500000000000000000e+02 4.095170000000000199e-01 4.529290000000000260e-01 5.078139999999999876e-01
9.510000000000000000e+02 4.095170000000000199e-01 4.529299999999999993e-01 5.078150000000000164e-01
9.520000000000000000e+02 4.095170000000000199e-01 4.529299999999999993e-01 5.078150000000000164e-01
9.530000000000000000e+02 4.095170000000000199e-01 4.529299999999999993e-01 5.078150000000000164e-01
9.540000000000000000e+02 4.095170000000000199e-01 4.529299999999999993e-01 5.078150000000000164e-01
9.550000000000000000e+02 4.095179999999999931e-01 4.529299999999999993e-01 5.078150000000000164e-01
9.560000000000000000e+02 4.095179999999999931e-01 4.529299999999999993e-01 5.078150000000000164e-01
9.570000000000000000e+02 4.095179999999999931e-01 4.529299999999999993e-01 5.078150000000000164e-01
9.580000000000000000e+02 4.095179999999999931e-01 4.529309999999999725e-01 5.078150000000000164e-01
9.590000000000000000e+02 4.095179999999999931e-01 4.529309999999999725e-01 5.078160000000000451e-01
9.600000000000000000e+02 4.095179999999999931e-01 4.529309999999999725e-01 5.078160000000000451e-01
9.610000000000000000e+02 4.095179999999999931e-01 4.529309999999999725e-01 5.078160000000000451e-01
9.620000000000000000e+02 4.095179999999999931e-01 4.529309999999999725e-01 5.078160000000000451e-01
9.630000000000000000e+02 4.095190000000000219e-01 4.529309999999999725e-01 5.078160000000000451e-01
9.640000000000000000e+02 4.095190000000000219e-01 4.529309999999999725e-01 5.078160000000000451e-01
9.650000000000000000e+02 4.095190000000000219e-01 4.529309999999999725e-01 5.078160000000000451e-01
9.660000000000000000e+02 4.095190000000000219e-01 4.529320000000000013e-01 5.078160000000000451e-01
9.670000000000000000e+02 4.095190000000000219e-01 4.529320000000000013e-01 5.078169999999999629e-01
9.680000000000000000e+02 4.095190000000000219e-01 4.529320000000000013e-01 5.078169999999999629e-01
9.690000000000000000e+02 4.095190000000000219e-01 4.529320000000000013e-01 5.078169999999999629e-01
9.700000000000000000e+02 4.095190000000000219e-01 4.529320000000000013e-01 5.078169999999999629e-01
9.710000000000000000e+02 4.095199999999999951e-01 4.529320000000000013e-01 5.078169999999999629e-01
9.720000000000000000e+02 4.095199999999999951e-01 4.529320000000000013e-01 5.078169999999999629e-01
9.730000000000000000e+02 4.095199999999999951e-01 4.529320000000000013e-01 5.078169999999999629e-01
9.740000000000000000e+02 4.095199999999999951e-01 4.529329999999999745e-01 5.078169999999999629e-01
9.750000000000000000e+02 4.095199999999999951e-01 4.529329999999999745e-01 5.078179999999999916e-01
9.760000000000000000e+02 4.095199999999999951e-01 4.529329999999999745e-01 5.078179999999999916e-01
9.770000000000000000e+02 4.095199999999999951e-01 4.529329999999999745e-01 5.078179999999999916e-01
9.780000000000000000e+02 4.095199999999999951e-01 4.529329999999999745e-01 5.078179999999999916e-01
9.790000000000000000e+02 4.095210000000000239e-01 4.529329999999999745e-01 5.078179999999999916e-01
9.800000000000000000e+02 4.095210000000000239e-01 4.529329999999999745e-01 5.078179999999999916e-01
9.810000000000000000e+02 4.095210000000000239e-01 4.529329999999999745e-01 5.078179999999999916e-01
9.820000000000000000e+02 4.095210000000000239e-01 4.529329999999999745e-01 5.078179999999999916e-01
9.830000000000000000e+02 4.095210000000000239e-01 4.529340000000000033e-01 5.078190000000000204e-01
9.840000000000000000e+02 4.095210000000000239e-01 4.529340000000000033e-01 5.078190000000000204e-01
9.850000000000000000e+02 4.095210000000000239e-01 4.529340000000000033e-01 5.078190000000000204e-01
9.860000000000000000e+02 4.095210000000000239e-01 4.529340000000000033e-01 5.078190000000000204e-01
9.870000000000000000e+02 4.095219999999999971e-01 4.529340000000000033e-01 5.078190000000000204e-01
9.880000000000000000e+02 4.095219999999999971e-01 4.529340000000000033e-01 5.078190000000000204e-01
9.890000000000000000e+02 4.095219999999999971e-01 4.529340000000000033e-01 5.078190000000000204e-01
9.900000000000000000e+02 4.095219999999999971e-01 4.529340000000000033e-01 5.078190000000000204e-01
9.910000000000000000e+02 4.095219999999999971e-01 4.529349999999999765e-01 5.078200000000000491e-01
9.920000000000000000e+02 4.095219999999999971e-01 4.529349999999999765e-01 5.078200000000000491e-01
9.930000000000000000e+02 4.095219999999999971e-01 4.529349999999999765e-01 5.078200000000000491e-01
9.940000000000000000e+02 4.095219999999999971e-01 4.529349999999999765e-01 5.078200000000000491e-01
9.950000000000000000e+02 4.095219999999999971e-01 4.529349999999999765e-01 5.078200000000000491e-01
9.960000000000000000e+02 4.095230000000000259e-01 4.529349999999999765e-01 5.078200000000000491e-01
9.970000000000000000e+02 4.095230000000000259e-01 4.529349999999999765e-01 5.078200000000000491e-01
9.980000000000000000e+02 4.095230000000000259e-01 4.529349999999999765e-01 5.078200000000000491e-01
9.990000000000000000e+02 4.095230000000000259e-01 4.529360000000000053e-01 5.078200000000000491e-01
1.000000000000000000e+03 4.095230000000000259e-01 4.529360000000000053e-01 5.078209999999999669e-01
1.001000000000000000e+03 4.095230000000000259e-01 4.529360000000000053e-01 5.078209999999999669e-01
1.002000000000000000e+03 4.095230000000000259e-01 4.529360000000000053e-01 5.078209999999999669e-01
1.003000000000000000e+03 4.095230000000000259e-01 4.529360000000000053e-01 5.078209999999999669e-01
1.004000000000000000e+03 4.095239999999999991e-01 4.529360000000000053e-01 5.078209999999999669e-01
1.005000000000000000e+03 4.095239999999999991e-01 4.529360000000000053e-01 5.078209999999999669e-01
1.006000000000000000e+03 4.095239999999999991e-01 4.529360000000000053e-01 5.078209999999999669e-01
1.007000000000000000e+03 4.095239999999999991e-01 4.529360000000000053e-01 5.078209999999999669e-01
1.008000000000000000e+03 4.095239999999999991e-01 4.529369999999999785e-01 5.078219999999999956e-01
1.009000000000000000e+03 4.095239999999999991e-01 4.529369999999999785e-01 5.078219999999999956e-01
