1.000000000000000000e+01 -7.070899999999999408e-02 -2.511899999999999897e-02 3.082000000000000017e-02
1.100000000000000000e+01 -5.510400000000000020e-02 -9.175000000000000863e-03 4.474500000000000005e-02
1.200000000000000000e+01 -2.883499999999999952e-02 1.608599999999999960e-02 6.791899999999999327e-02
1.300000000000000000e+01 4.231000000000000039e-02 8.647199999999999331e-02 1.366900000000000059e-01
1.400000000000000000e+01 -3.385900000000000021e-02 1.626899999999999874e-02 6.636699999999999544e-02
1.500000000000000000e+01 -7.775899999999999479e-02 -2.580199999999999855e-02 2.247999999999999998e-02
1.600000000000000000e+01 -1.047999999999999973e-02 3.835100000000000314e-02 8.917700000000000626e-02
1.700000000000000000e+01 -2.040000000000000147e-03 4.639299999999999674e-02 9.802400000000000002e-02
1.800000000000000000e+01 -1.216300000000000020e-02 3.819899999999999685e-02 8.752799999999999470e-02
1.900000000000000000e+01 -2.900300000000000100e-02 2.146199999999999844e-02 7.028600000000000125e-02
2.000000000000000000e+01 9.700000000000000505e-04 4.820599999999999885e-02 9.989299999999999569e-02
2.100000000000000000e+01 6.054099999999999759e-02 1.034230000000000010e-01 1.604399999999999993e-01
2.200000000000000000e+01 5.021799999999999875e-02 9.594800000000000550e-02 1.510920000000000041e-01
2.300000000000000000e+01 -1.062600000000000003e-02 3.859699999999999936e-02 8.797000000000000652e-02
2.400000000000000000e+01 1.366500000000000006e-02 6.241399999999999726e-02 1.127090000000000036e-01
2.500000000000000000e+01 2.150600000000000081e-02 7.020800000000000651e-02 1.200480000000000019e-01
2.600000000000000000e+01 4.856200000000000100e-02 9.658500000000000418e-02 1.473690000000000000e-01
2.700000000000000000e+01 2.056399999999999895e-02 7.001699999999999591e-02 1.192470000000000058e-01
2.800000000000000000e+01 5.620900000000000202e-02 1.040770000000000028e-01 1.554099999999999926e-01
2.900000000000000000e+01 7.911100000000000076e-02 1.258650000000000047e-01 1.789820000000000022e-01
3.000000000000000000e+01 4.270000000000000184e-02 9.014600000000000390e-02 1.411999999999999922e-01
3.100000000000000000e+01 5.438199999999999978e-02 1.022600000000000037e-01 1.530160000000000131e-01
3.200000000000000000e+01 5.546500000000000041e-02 1.038329999999999947e-01 1.561720000000000053e-01
3.300000000000000000e+01 4.214600000000000291e-02 9.092799999999999494e-02 1.424269999999999980e-01
3.400000000000000000e+01 8.161000000000000199e-02 1.294800000000000118e-01 1.818609999999999949e-01
3.500000000000000000e+01 9.684600000000000153e-02 1.440059999999999951e-01 1.972200000000000064e-01
3.600000000000000000e+01 7.356699999999999351e-02 1.214839999999999948e-01 1.732420000000000071e-01
3.700000000000000000e+01 8.020399999999999752e-02 1.286760000000000126e-01 1.809890000000000110e-01
3.800000000000000000e+01 8.579299999999999427e-02 1.343820000000000014e-01 1.869800000000000073e-01
3.900000000000000000e+01 9.858899999999999608e-02 1.466639999999999888e-01 1.993419999999999914e-01
4.000000000000000000e+01 1.296760000000000135e-01 1.764539999999999997e-01 2.306130000000000124e-01
4.100000000000000000e+01 1.331620000000000026e-01 1.792569999999999997e-01 2.347990000000000077e-01
4.200000000000000000e+01 1.188459999999999933e-01 1.653999999999999915e-01 2.200179999999999914e-01
4.300000000000000000e+01 7.561199999999999866e-02 1.240210000000000062e-01 1.756749999999999978e-01
4.400000000000000000e+01 6.954699999999999771e-02 1.181600000000000011e-01 1.698850000000000082e-01
4.500000000000000000e+01 6.346400000000000652e-02 1.121550000000000047e-01 1.633950000000000125e-01
4.600000000000000000e+01 1.093879999999999991e-01 1.571859999999999924e-01 2.095360000000000000e-01
4.700000000000000000e+01 1.414779999999999927e-01 1.892550000000000066e-01 2.427279999999999993e-01
4.800000000000000000e+01 1.099249999999999949e-01 1.575950000000000129e-01 2.114080000000000126e-01
4.900000000000000000e+01 1.365850000000000120e-01 1.833230000000000137e-01 2.369809999999999972e-01
5.000000000000000000e+01 1.771490000000000009e-01 2.233789999999999942e-01 2.778470000000000106e-01
5.100000000000000000e+01 1.429600000000000037e-01 1.906069999999999987e-01 2.439679999999999904e-01
5.200000000000000000e+01 1.361549999999999983e-01 1.838950000000000029e-01 2.376169999999999949e-01
5.300000000000000000e+01 1.162389999999999951e-01 1.640620000000000134e-01 2.180600000000000038e-01
5.400000000000000000e+01 1.027070000000000066e-01 1.511409999999999976e-01 2.041610000000000091e-01
5.500000000000000000e+01 1.567489999999999994e-01 2.044030000000000014e-01 2.575180000000000247e-01
5.600000000000000000e+01 1.508200000000000096e-01 1.983739999999999948e-01 2.519270000000000120e-01
5.700000000000000000e+01 1.112589999999999968e-01 1.592860000000000109e-01 2.123990000000000045e-01
5.800000000000000000e+01 1.491899999999999893e-01 1.967839999999999867e-01 2.504620000000000180e-01
5.900000000000000000e+01 1.421499999999999986e-01 1.900199999999999945e-01 2.436170000000000002e-01
6.000000000000000000e+01 1.711439999999999906e-01 2.185809999999999975e-01 2.727399999999999824e-01
6.100000000000000000e+01 2.482250000000000012e-01 2.943120000000000180e-01 3.500369999999999870e-01
6.200000000000000000e+01 1.790200000000000125e-01 2.263809999999999989e-01 2.811219999999999830e-01
6.300000000000000000e+01 1.644930000000000003e-01 2.121359999999999912e-01 2.665819999999999856e-01
6.400000000000000000e+01 1.768899999999999917e-01 2.241900000000000004e-01 2.782629999999999826e-01
6.500000000000000000e+01 1.849250000000000060e-01 2.322019999999999917e-01 2.862910000000000177e-01
6.600000000000000000e+01 1.623549999999999993e-01 2.103800000000000114e-01 2.639619999999999744e-01
6.700000000000000000e+01 1.682190000000000074e-01 2.158960000000000046e-01 2.699460000000000193e-01
6.800000000000000000e+01 1.980790000000000051e-01 2.452320000000000055e-01 3.000880000000000214e-01
6.900000000000000000e+01 2.375690000000000024e-01 2.842850000000000099e-01 3.392919999999999825e-01
7.000000000000000000e+01 2.158779999999999866e-01 2.628659999999999886e-01 3.174069999999999947e-01
7.100000000000000000e+01 1.796830000000000094e-01 2.272299999999999875e-01 2.814429999999999987e-01
7.200000000000000000e+01 2.092090000000000061e-01 2.565020000000000078e-01 3.111099999999999977e-01
7.300000000000000000e+01 1.995079999999999909e-01 2.471279999999999866e-01 3.012900000000000023e-01
7.400000000000000000e+01 2.252770000000000050e-01 2.722339999999999760e-01 3.267470000000000097e-01
7.500000000000000000e+01 2.011719999999999897e-01 2.482090000000000130e-01 3.026789999999999758e-01
7.600000000000000000e+01 2.249259999999999871e-01 2.719730000000000203e-01 3.268719999999999959e-01
7.700000000000000000e+01 2.562749999999999750e-01 3.028649999999999953e-01 3.586150000000000171e-01
7.800000000000000000e+01 2.765750000000000153e-01 3.226029999999999731e-01 3.784930000000000239e-01
7.900000000000000000e+01 2.400519999999999876e-01 2.870940000000000158e-01 3.413200000000000123e-01
8.000000000000000000e+01 2.180860000000000021e-01 2.655420000000000003e-01 3.197860000000000147e-01
8.100000000000000000e+01 2.416339999999999877e-01 2.886779999999999902e-01 3.434630000000000183e-01
8.200000000000000000e+01 2.467199999999999949e-01 2.937569999999999903e-01 3.480409999999999893e-01
8.300000000000000000e+01 2.375889999999999946e-01 2.846159999999999801e-01 3.392009999999999748e-01
8.400000000000000000e+01 2.611390000000000100e-01 3.075499999999999901e-01 3.628589999999999871e-01
8.500000000000000000e+01 2.571459999999999857e-01 3.039609999999999812e-01 3.588100000000000178e-01
8.600000000000000000e+01 2.350150000000000017e-01 2.822609999999999841e-01 3.367530000000000245e-01
8.700000000000000000e+01 2.182189999999999963e-01 2.654409999999999825e-01 3.200890000000000124e-01
8.800000000000000000e+01 2.765009999999999968e-01 3.229679999999999773e-01 3.782249999999999779e-01
8.900000000000000000e+01 2.880690000000000195e-01 3.344269999999999743e-01 3.896450000000000191e-01
9.000000000000000000e+01 2.769929999999999892e-01 3.237959999999999727e-01 3.781829999999999914e-01
9.100000000000000000e+01 2.973830000000000084e-01 3.442049999999999832e-01 3.984460000000000224e-01
9.200000000000000000e+01 2.904619999999999980e-01 3.373999999999999777e-01 3.915199999999999791e-01
9.300000000000000000e+01 2.943379999999999885e-01 3.410599999999999743e-01 3.955299999999999927e-01
9.400000000000000000e+01 3.022739999999999871e-01 3.486659999999999759e-01 4.038129999999999775e-01
9.500000000000000000e+01 2.818939999999999779e-01 3.285440000000000027e-01 3.833010000000000028e-01
9.600000000000000000e+01 2.758490000000000109e-01 3.226310000000000011e-01 3.771320000000000228e-01
9.700000000000000000e+01 3.050709999999999811e-01 3.514300000000000201e-01 4.063390000000000057e-01
9.800000000000000000e+01 3.136329999999999951e-01 3.599939999999999807e-01 4.147080000000000211e-01
9.900000000000000000e+01 2.922399999999999998e-01 3.389969999999999928e-01 3.933050000000000157e-01
1.000000000000000000e+02 3.068440000000000056e-01 3.536489999999999911e-01 4.077609999999999846e-01
1.010000000000000000e+02 3.044370000000000132e-01 3.512480000000000047e-01 4.053680000000000061e-01
1.020000000000000000e+02 3.144259999999999833e-01 3.609289999999999998e-01 4.154909999999999992e-01
1.030000000000000000e+02 3.148369999999999780e-01 3.614919999999999800e-01 4.158939999999999859e-01
1.040000000000000000e+02 3.193630000000000080e-01 3.660760000000000125e-01 4.202699999999999769e-01
1.050000000000000000e+02 3.181300000000000239e-01 3.648569999999999869e-01 4.190389999999999948e-01
1.060000000000000000e+02 2.946699999999999875e-01 3.414119999999999933e-01 3.959750000000000214e-01
1.070000000000000000e+02 3.162800000000000056e-01 3.629040000000000044e-01 4.172969999999999735e-01
1.080000000000000000e+02 3.427089999999999859e-01 3.891359999999999819e-01 4.434420000000000028e-01
1.090000000000000000e+02 3.046510000000000051e-01 3.516179999999999861e-01 4.053340000000000276e-01
1.100000000000000000e+02 3.018290000000000139e-01 3.487219999999999764e-01 4.027370000000000116e-01
1.110000000000000000e+02 3.240450000000000275e-01 3.705229999999999912e-01 4.251800000000000024e-01
1.120000000000000000e+02 3.350020000000000220e-01 3.816579999999999973e-01 4.357900000000000107e-01
1.130000000000000000e+02 3.140769999999999951e-01 3.609359999999999791e-01 4.149300000000000210e-01
1.140000000000000000e+02 3.123380000000000045e-01 3.590729999999999755e-01 4.133240000000000247e-01
1.150000000000000000e+02 3.267999999999999794e-01 3.732730000000000214e-01 4.278469999999999773e-01
1.160000000000000000e+02 3.217450000000000032e-01 3.683540000000000147e-01 4.226619999999999822e-01
1.170000000000000000e+02 3.001119999999999899e-01 3.471110000000000029e-01 4.011210000000000053e-01
1.180000000000000000e+02 3.218909999999999827e-01 3.687500000000000222e-01 4.226940000000000142e-01
1.190000000000000000e+02 3.444920000000000204e-01 3.911600000000000077e-01 4.450899999999999856e-01
1.200000000000000000e+02 3.704930000000000168e-01 4.169649999999999745e-01 4.710260000000000002e-01
1.210000000000000000e+02 3.806939999999999769e-01 4.272270000000000234e-01 4.808439999999999936e-01
1.220000000000000000e+02 3.686499999999999777e-01 4.153470000000000217e-01 4.686480000000000090e-01
1.230000000000000000e+02 3.573609999999999842e-01 4.039369999999999905e-01 4.577220000000000177e-01
1.240000000000000000e+02 3.691329999999999889e-01 4.157420000000000004e-01 4.695259999999999989e-01
1.250000000000000000e+02 3.767909999999999870e-01 4.230889999999999929e-01 4.772410000000000263e-01
1.260000000000000000e+02 3.445329999999999782e-01 3.911180000000000212e-01 4.450350000000000139e-01
1.270000000000000000e+02 3.457890000000000130e-01 3.927209999999999868e-01 4.459589999999999943e-01
1.280000000000000000e+02 3.877519999999999856e-01 4.343339999999999979e-01 4.877330000000000276e-01
1.290000000000000000e+02 3.845790000000000042e-01 4.311180000000000012e-01 4.847850000000000215e-01
1.300000000000000000e+02 3.266919999999999824e-01 3.736900000000000222e-01 4.272639999999999771e-01
1.310000000000000000e+02 3.593149999999999955e-01 4.061100000000000265e-01 4.593929999999999958e-01
1.320000000000000000e+02 3.980469999999999842e-01 4.445450000000000235e-01 4.979040000000000132e-01
1.330000000000000000e+02 3.598709999999999964e-01 4.065059999999999785e-01 4.602640000000000065e-01
1.340000000000000000e+02 3.558140000000000192e-01 4.024349999999999872e-01 4.561870000000000092e-01
1.350000000000000000e+02 3.646469999999999989e-01 4.113550000000000262e-01 4.647560000000000024e-01
1.360000000000000000e+02 3.880250000000000088e-01 4.345959999999999823e-01 4.879290000000000016e-01
1.370000000000000000e+02 3.982550000000000257e-01 4.446100000000000052e-01 4.982710000000000194e-01
1.380000000000000000e+02 3.883489999999999998e-01 4.348759999999999848e-01 4.884129999999999860e-01
1.390000000000000000e+02 3.771200000000000108e-01 4.239399999999999835e-01 4.769930000000000003e-01
1.400000000000000000e+02 3.655070000000000263e-01 4.124849999999999905e-01 4.653410000000000046e-01
1.410000000000000000e+02 3.935770000000000102e-01 4.402280000000000082e-01 4.933609999999999940e-01
1.420000000000000000e+02 3.807659999999999934e-01 4.274149999999999894e-01 4.807770000000000099e-01
1.430000000000000000e+02 3.673819999999999864e-01 4.142149999999999999e-01 4.674389999999999934e-01
1.440000000000000000e+02 4.302000000000000268e-01 4.765690000000000204e-01 5.296939999999999982e-01
1.450000000000000000e+02 4.099630000000000218e-01 4.565739999999999799e-01 5.094109999999999472e-01
1.460000000000000000e+02 3.864079999999999737e-01 4.332409999999999872e-01 4.860579999999999901e-01
1.470000000000000000e+02 4.353690000000000060e-01 4.817259999999999875e-01 5.349169999999999758e-01
1.480000000000000000e+02 4.322980000000000156e-01 4.786670000000000091e-01 5.317730000000000512e-01
1.490000000000000000e+02 4.423679999999999835e-01 4.887529999999999930e-01 5.415269999999999806e-01
1.500000000000000000e+02 4.316090000000000204e-01 4.780559999999999810e-01 5.309439999999999715e-01
1.510000000000000000e+02 4.161360000000000059e-01 4.626460000000000017e-01 5.156209999999999960e-01
1.520000000000000000e+02 4.156679999999999819e-01 4.621959999999999957e-01 5.151189999999999936e-01
1.530000000000000000e+02 4.171380000000000088e-01 4.636279999999999846e-01 5.166290000000000049e-01
1.540000000000000000e+02 3.957439999999999847e-01 4.423070000000000057e-01 4.954950000000000188e-01
1.550000000000000000e+02 4.005870000000000264e-01 4.471220000000000194e-01 5.002670000000000172e-01
1.560000000000000000e+02 4.192699999999999760e-01 4.656009999999999871e-01 5.188209999999999766e-01
1.570000000000000000e+02 4.074130000000000251e-01 4.538679999999999937e-01 5.071130000000000360e-01
1.580000000000000000e+02 4.072100000000000164e-01 4.537829999999999919e-01 5.067970000000000530e-01
1.590000000000000000e+02 4.076609999999999956e-01 4.543369999999999909e-01 5.070900000000000407e-01
1.600000000000000000e+02 3.996799999999999797e-01 4.464029999999999943e-01 4.991590000000000193e-01
1.610000000000000000e+02 4.215559999999999863e-01 4.680900000000000061e-01 5.209319999999999506e-01
1.620000000000000000e+02 4.472570000000000157e-01 4.935590000000000255e-01 5.465170000000000305e-01
1.630000000000000000e+02 4.277179999999999871e-01 4.742410000000000236e-01 5.270329999999999737e-01
1.640000000000000000e+02 4.212099999999999733e-01 4.678530000000000189e-01 5.204779999999999962e-01
1.650000000000000000e+02 4.279459999999999931e-01 4.745449999999999946e-01 5.271299999999999875e-01
1.660000000000000000e+02 4.640859999999999985e-01 5.103820000000000023e-01 5.631070000000000242e-01
1.670000000000000000e+02 4.647680000000000144e-01 5.110059999999999603e-01 5.638109999999999511e-01
1.680000000000000000e+02 4.551660000000000150e-01 5.015049999999999786e-01 5.541719999999999979e-01
1.690000000000000000e+02 4.366209999999999813e-01 4.831199999999999939e-01 5.357530000000000348e-01
1.700000000000000000e+02 4.164539999999999909e-01 4.631580000000000141e-01 5.156610000000000360e-01
1.710000000000000000e+02 4.443270000000000275e-01 4.907799999999999940e-01 5.433769999999999989e-01
1.720000000000000000e+02 4.696449999999999791e-01 5.158939999999999637e-01 5.685390000000000166e-01
1.730000000000000000e+02 4.682910000000000128e-01 5.145159999999999734e-01 5.672739999999999450e-01
1.740000000000000000e+02 4.381200000000000094e-01 4.845800000000000107e-01 5.372449999999999726e-01
1.750000000000000000e+02 4.332219999999999960e-01 4.797560000000000158e-01 5.323229999999999906e-01
1.760000000000000000e+02 4.506330000000000058e-01 4.970180000000000153e-01 5.496720000000000494e-01
1.770000000000000000e+02 4.712870000000000115e-01 5.174910000000000343e-01 5.702359999999999651e-01
1.780000000000000000e+02 4.582600000000000007e-01 5.045910000000000117e-01 5.571700000000000541e-01
1.790000000000000000e+02 4.478599999999999803e-01 4.942500000000000226e-01 5.468699999999999672e-01
1.800000000000000000e+02 4.719889999999999919e-01 5.182139999999999525e-01 5.708729999999999638e-01
1.810000000000000000e+02 4.822949999999999737e-01 5.284480000000000288e-01 5.810939999999999994e-01
1.820000000000000000e+02 4.632769999999999944e-01 5.096030000000000282e-01 5.621169999999999778e-01
1.830000000000000000e+02 4.555179999999999785e-01 5.019090000000000495e-01 5.543780000000000374e-01
1.840000000000000000e+02 4.451510000000000189e-01 4.915820000000000189e-01 5.441150000000000153e-01
1.850000000000000000e+02 4.619739999999999958e-01 5.082640000000000491e-01 5.608980000000000077e-01
1.860000000000000000e+02 4.601430000000000242e-01 5.064060000000000228e-01 5.590889999999999471e-01
1.870000000000000000e+02 4.642729999999999912e-01 5.105250000000000066e-01 5.631410000000000027e-01
1.880000000000000000e+02 4.758830000000000005e-01 5.220770000000000133e-01 5.746599999999999486e-01
1.890000000000000000e+02 4.762410000000000254e-01 5.223889999999999922e-01 5.750600000000000156e-01
1.900000000000000000e+02 4.689169999999999727e-01 5.151299999999999768e-01 5.677529999999999522e-01
1.910000000000000000e+02 4.700630000000000086e-01 5.162889999999999979e-01 5.688619999999999788e-01
1.920000000000000000e+02 4.776050000000000018e-01 5.237380000000000368e-01 5.763939999999999619e-01
1.930000000000000000e+02 4.607410000000000116e-01 5.069669999999999455e-01 5.595020000000000548e-01
1.940000000000000000e+02 4.832319999999999949e-01 5.291639999999999677e-01 5.818990000000000551e-01
1.950000000000000000e+02 4.850320000000000187e-01 5.310610000000000053e-01 5.837480000000000446e-01
1.960000000000000000e+02 4.547499999999999876e-01 5.009489999999999776e-01 5.535269999999999913e-01
1.970000000000000000e+02 4.510970000000000257e-01 4.972539999999999738e-01 5.498979999999999979e-01
1.980000000000000000e+02 4.658300000000000218e-01 5.118019999999999792e-01 5.645869999999999500e-01
1.990000000000000000e+02 4.697219999999999729e-01 5.155579999999999607e-01 5.684040000000000203e-01
2.000000000000000000e+02 4.496060000000000056e-01 4.955300000000000260e-01 5.482909999999999728e-01
2.010000000000000000e+02 4.461080000000000045e-01 4.921320000000000139e-01 5.447800000000000420e-01
2.020000000000000000e+02 4.576259999999999772e-01 5.034170000000000034e-01 5.562840000000000007e-01
2.030000000000000000e+02 4.522149999999999781e-01 4.980249999999999955e-01 5.509969999999999590e-01
2.040000000000000000e+02 4.309720000000000217e-01 4.769559999999999911e-01 5.298239999999999617e-01
2.050000000000000000e+02 4.438219999999999943e-01 4.894899999999999807e-01 5.424989999999999535e-01
2.060000000000000000e+02 4.726719999999999811e-01 5.180989999999999762e-01 5.711600000000000010e-01
2.070000000000000000e+02 4.540959999999999996e-01 4.995280000000000276e-01 5.526299999999999546e-01
2.080000000000000000e+02 4.261159999999999948e-01 4.717129999999999934e-01 5.247699999999999587e-01
2.090000000000000000e+02 4.075309999999999766e-01 4.533400000000000207e-01 5.062299999999999578e-01
2.100000000000000000e+02 3.950259999999999883e-01 4.406599999999999961e-01 4.937570000000000014e-01
2.110000000000000000e+02 3.988740000000000063e-01 4.443540000000000267e-01 4.976479999999999793e-01
2.120000000000000000e+02 4.139109999999999734e-01 4.593869999999999898e-01 5.125410000000000244e-01
2.130000000000000000e+02 4.264709999999999890e-01 4.719269999999999854e-01 5.250629999999999464e-01
2.140000000000000000e+02 4.461359999999999770e-01 4.913429999999999742e-01 5.446729999999999627e-01
2.150000000000000000e+02 4.339620000000000144e-01 4.792109999999999981e-01 5.325239999999999974e-01
2.160000000000000000e+02 4.017700000000000160e-01 4.470270000000000077e-01 5.003940000000000055e-01
2.170000000000000000e+02 3.816800000000000193e-01 4.269530000000000269e-01 4.803540000000000032e-01
2.180000000000000000e+02 3.788509999999999933e-01 4.242540000000000200e-01 4.774999999999999800e-01
2.190000000000000000e+02 3.935310000000000197e-01 4.387590000000000101e-01 4.921280000000000099e-01
2.200000000000000000e+02 3.955649999999999999e-01 4.404980000000000007e-01 4.941189999999999749e-01
2.210000000000000000e+02 4.056549999999999878e-01 4.504960000000000075e-01 5.041999999999999815e-01
2.220000000000000000e+02 3.890179999999999749e-01 4.341249999999999831e-01 4.876320000000000099e-01
2.230000000000000000e+02 4.019369999999999887e-01 4.468949999999999867e-01 5.004960000000000520e-01
2.240000000000000000e+02 4.093339999999999756e-01 4.541499999999999981e-01 5.078460000000000196e-01
2.250000000000000000e+02 3.920279999999999876e-01 4.371110000000000273e-01 4.906380000000000186e-01
2.260000000000000000e+02 3.448039999999999994e-01 3.897419999999999773e-01 4.434130000000000016e-01
2.270000000000000000e+02 3.586810000000000276e-01 4.034479999999999733e-01 4.572260000000000213e-01
2.280000000000000000e+02 3.831120000000000081e-01 4.280149999999999788e-01 4.816610000000000058e-01
2.290000000000000000e+02 3.897649999999999726e-01 4.347019999999999773e-01 4.883040000000000158e-01
2.300000000000000000e+02 3.794939999999999980e-01 4.244470000000000187e-01 4.780800000000000050e-01
2.310000000000000000e+02 3.669609999999999816e-01 4.118140000000000134e-01 4.654940000000000189e-01
2.320000000000000000e+02 3.771920000000000273e-01 4.218299999999999828e-01 4.757120000000000237e-01
2.330000000000000000e+02 3.931299999999999795e-01 4.377519999999999745e-01 4.916329999999999867e-01
2.340000000000000000e+02 3.526529999999999943e-01 3.973050000000000193e-01 4.512070000000000247e-01
2.350000000000000000e+02 3.545869999999999855e-01 3.993680000000000008e-01 4.531569999999999765e-01
2.360000000000000000e+02 3.712500000000000244e-01 4.159050000000000247e-01 4.697970000000000201e-01
2.370000000000000000e+02 3.730979999999999852e-01 4.176349999999999785e-01 4.716199999999999837e-01
2.380000000000000000e+02 3.659270000000000023e-01 4.106150000000000078e-01 4.644480000000000275e-01
2.390000000000000000e+02 3.576639999999999819e-01 4.024209999999999732e-01 4.562109999999999776e-01
2.400000000000000000e+02 3.774669999999999970e-01 4.221340000000000092e-01 4.759999999999999787e-01
2.410000000000000000e+02 3.919880000000000031e-01 4.364879999999999871e-01 4.904899999999999816e-01
2.420000000000000000e+02 3.719640000000000168e-01 4.164410000000000056e-01 4.705050000000000066e-01
2.430000000000000000e+02 3.440880000000000050e-01 3.886549999999999727e-01 4.426820000000000199e-01
2.440000000000000000e+02 3.666980000000000239e-01 4.113669999999999827e-01 4.652290000000000036e-01
2.450000000000000000e+02 3.830549999999999788e-01 4.276079999999999881e-01 4.815499999999999781e-01
2.460000000000000000e+02 3.612839999999999940e-01 4.057220000000000271e-01 4.598019999999999885e-01
2.470000000000000000e+02 3.555860000000000132e-01 4.002040000000000042e-01 4.541290000000000049e-01
2.480000000000000000e+02 3.458530000000000215e-01 3.904659999999999798e-01 4.444069999999999965e-01
2.490000000000000000e+02 3.568149999999999933e-01 4.012970000000000148e-01 4.552840000000000220e-01
2.500000000000000000e+02 3.641679999999999917e-01 4.085500000000000242e-01 4.626529999999999809e-01
2.510000000000000000e+02 3.553330000000000100e-01 3.998129999999999740e-01 4.539190000000000169e-01
2.520000000000000000e+02 3.734560000000000102e-01 4.180610000000000159e-01 4.719769999999999799e-01
2.530000000000000000e+02 3.839440000000000075e-01 4.284370000000000123e-01 4.824069999999999747e-01
2.540000000000000000e+02 3.780640000000000112e-01 4.224760000000000182e-01 4.765530000000000044e-01
2.550000000000000000e+02 3.538870000000000071e-01 3.984099999999999864e-01 4.524549999999999961e-01
2.560000000000000000e+02 3.506500000000000172e-01 3.952100000000000057e-01 4.491689999999999849e-01
2.570000000000000000e+02 3.600130000000000274e-01 4.044840000000000102e-01 4.584949999999999859e-01
2.580000000000000000e+02 3.792900000000000160e-01 4.236929999999999863e-01 4.777879999999999905e-01
2.590000000000000000e+02 3.729790000000000050e-01 4.174059999999999993e-01 4.714610000000000190e-01
2.600000000000000000e+02 3.621110000000000162e-01 4.065389999999999837e-01 4.606410000000000227e-01
2.610000000000000000e+02 3.539519999999999889e-01 3.983450000000000046e-01 4.524869999999999726e-01
2.620000000000000000e+02 3.646159999999999957e-01 4.090480000000000227e-01 4.631089999999999929e-01
2.630000000000000000e+02 3.692900000000000071e-01 4.137310000000000154e-01 4.677830000000000044e-01
2.640000000000000000e+02 3.598370000000000180e-01 4.043749999999999845e-01 4.583720000000000017e-01
2.650000000000000000e+02 3.473319999999999741e-01 3.916979999999999906e-01 4.458539999999999726e-01
2.660000000000000000e+02 3.777710000000000234e-01 4.221460000000000212e-01 4.762290000000000134e-01
2.670000000000000000e+02 3.660689999999999777e-01 4.103879999999999750e-01 4.645159999999999845e-01
2.680000000000000000e+02 3.455409999999999870e-01 3.899389999999999801e-01 4.440290000000000070e-01
2.690000000000000000e+02 3.628399999999999959e-01 4.070909999999999807e-01 4.613300000000000178e-01
2.700000000000000000e+02 3.789879999999999916e-01 4.232449999999999823e-01 4.774840000000000195e-01
2.710000000000000000e+02 3.782349999999999879e-01 4.226590000000000069e-01 4.767290000000000139e-01
2.720000000000000000e+02 3.577890000000000237e-01 4.022999999999999909e-01 4.563090000000000201e-01
2.730000000000000000e+02 3.541619999999999768e-01 3.985150000000000081e-01 4.526339999999999808e-01
2.740000000000000000e+02 3.779390000000000249e-01 4.220889999999999920e-01 4.763399999999999856e-01
2.750000000000000000e+02 3.795729999999999937e-01 4.238979999999999970e-01 4.780070000000000152e-01
2.760000000000000000e+02 3.574379999999999780e-01 4.018439999999999790e-01 4.559230000000000227e-01
2.770000000000000000e+02 3.669789999999999996e-01 4.112859999999999849e-01 4.654220000000000024e-01
2.780000000000000000e+02 3.690740000000000132e-01 4.133080000000000087e-01 4.675199999999999911e-01
2.790000000000000000e+02 3.641989999999999950e-01 4.084459999999999757e-01 4.627069999999999794e-01
2.800000000000000000e+02 3.527339999999999920e-01 3.970509999999999873e-01 4.512390000000000012e-01
2.810000000000000000e+02 3.727059999999999818e-01 4.170940000000000203e-01 4.711569999999999925e-01
2.820000000000000000e+02 3.711909999999999932e-01 4.155159999999999965e-01 4.696460000000000079e-01
2.830000000000000000e+02 3.769399999999999973e-01 4.210320000000000173e-01 4.753689999999999860e-01
2.840000000000000000e+02 3.716929999999999956e-01 4.158189999999999942e-01 4.701190000000000091e-01
2.850000000000000000e+02 3.632920000000000038e-01 4.076119999999999743e-01 4.617169999999999885e-01
2.860000000000000000e+02 3.743799999999999906e-01 4.186830000000000274e-01 4.728269999999999973e-01
2.870000000000000000e+02 3.630550000000000166e-01 4.073229999999999906e-01 4.614940000000000153e-01
2.880000000000000000e+02 3.601230000000000264e-01 4.043729999999999825e-01 4.585859999999999936e-01
2.890000000000000000e+02 3.751309999999999922e-01 4.194019999999999970e-01 4.736020000000000230e-01
2.900000000000000000e+02 3.602870000000000239e-01 4.045429999999999859e-01 4.587399999999999811e-01
2.910000000000000000e+02 3.739509999999999779e-01 4.181599999999999762e-01 4.723820000000000241e-01
2.920000000000000000e+02 3.624890000000000057e-01 4.067230000000000012e-01 4.609320000000000084e-01
2.930000000000000000e+02 3.674220000000000264e-01 4.116589999999999971e-01 4.658539999999999903e-01
2.940000000000000000e+02 3.756860000000000199e-01 4.198370000000000157e-01 4.741130000000000067e-01
2.950000000000000000e+02 3.689609999999999834e-01 4.132140000000000257e-01 4.674070000000000169e-01
2.960000000000000000e+02 3.608500000000000041e-01 4.051750000000000074e-01 4.593059999999999921e-01
2.970000000000000000e+02 3.568189999999999973e-01 4.010819999999999941e-01 4.552820000000000200e-01
2.980000000000000000e+02 3.825029999999999819e-01 4.266019999999999812e-01 4.809439999999999826e-01
2.990000000000000000e+02 3.895429999999999726e-01 4.337369999999999837e-01 4.879839999999999733e-01
3.000000000000000000e+02 3.611770000000000258e-01 4.054840000000000111e-01 4.596250000000000058e-01
3.010000000000000000e+02 3.559570000000000234e-01 4.001560000000000117e-01 4.543849999999999834e-01
3.020000000000000000e+02 3.757199999999999984e-01 4.198819999999999775e-01 4.741349999999999731e-01
3.030000000000000000e+02 3.800629999999999842e-01 4.241969999999999907e-01 4.784649999999999737e-01
3.040000000000000000e+02 3.578000000000000069e-01 4.019389999999999907e-01 4.562280000000000224e-01
3.050000000000000000e+02 3.613290000000000113e-01 4.055050000000000043e-01 4.597499999999999920e-01
3.060000000000000000e+02 3.545369999999999910e-01 3.987559999999999993e-01 4.529779999999999918e-01
3.070000000000000000e+02 3.633120000000000238e-01 4.074699999999999989e-01 4.617620000000000058e-01
3.080000000000000000e+02 3.794339999999999935e-01 4.235369999999999968e-01 4.778600000000000070e-01
3.090000000000000000e+02 3.689069999999999849e-01 4.130599999999999827e-01 4.673419999999999797e-01
3.100000000000000000e+02 3.773340000000000027e-01 4.215470000000000050e-01 4.757350000000000190e-01
3.110000000000000000e+02 3.828210000000000224e-01 4.269970000000000154e-01 4.812049999999999939e-01
3.120000000000000000e+02 3.675370000000000026e-01 4.115599999999999814e-01 4.659570000000000101e-01
3.130000000000000000e+02 3.590690000000000270e-01 4.031620000000000203e-01 4.575000000000000178e-01
3.140000000000000000e+02 3.617969999999999797e-01 4.059639999999999915e-01 4.602010000000000267e-01
3.150000000000000000e+02 3.684979999999999922e-01 4.126630000000000020e-01 4.668999999999999817e-01
3.160000000000000000e+02 3.742429999999999923e-01 4.183890000000000109e-01 4.726670000000000038e-01
3.170000000000000000e+02 3.730419999999999847e-01 4.171199999999999908e-01 4.714619999999999922e-01
3.180000000000000000e+02 3.721519999999999828e-01 4.163020000000000054e-01 4.705770000000000231e-01
3.190000000000000000e+02 3.856600000000000028e-01 4.297329999999999761e-01 4.840510000000000090e-01
3.200000000000000000e+02 3.816269999999999940e-01 4.256800000000000028e-01 4.799970000000000070e-01
3.210000000000000000e+02 3.662199999999999900e-01 4.102919999999999900e-01 4.646140000000000270e-01
3.220000000000000000e+02 3.718359999999999999e-01 4.159780000000000144e-01 4.702709999999999946e-01
3.230000000000000000e+02 3.836930000000000063e-01 4.277940000000000076e-01 4.820949999999999958e-01
3.240000000000000000e+02 3.740919999999999801e-01 4.181460000000000177e-01 4.724740000000000051e-01
3.250000000000000000e+02 3.571179999999999910e-01 4.012089999999999823e-01 4.555299999999999905e-01
3.260000000000000000e+02 3.608480000000000021e-01 4.049719999999999986e-01 4.592899999999999761e-01
3.270000000000000000e+02 3.843949999999999867e-01 4.284339999999999815e-01 4.827930000000000277e-01
3.280000000000000000e+02 3.989489999999999981e-01 4.429279999999999884e-01 4.973270000000000191e-01
3.290000000000000000e+02 3.819980000000000042e-01 4.260479999999999823e-01 4.803729999999999944e-01
3.300000000000000000e+02 3.525769999999999738e-01 3.966819999999999791e-01 4.509960000000000080e-01
3.310000000000000000e+02 3.763940000000000063e-01 4.204590000000000272e-01 4.748049999999999771e-01
3.320000000000000000e+02 3.860330000000000150e-01 4.300599999999999978e-01 4.844419999999999837e-01
3.330000000000000000e+02 3.704350000000000143e-01 4.144249999999999878e-01 4.688200000000000145e-01
3.340000000000000000e+02 3.573000000000000065e-01 4.013970000000000038e-01 4.556959999999999900e-01
3.350000000000000000e+02 3.635639999999999983e-01 4.077120000000000188e-01 4.619719999999999938e-01
3.360000000000000000e+02 3.681380000000000208e-01 4.121920000000000028e-01 4.665469999999999895e-01
3.370000000000000000e+02 3.924309999999999743e-01 4.363580000000000236e-01 4.907920000000000060e-01
3.380000000000000000e+02 3.848480000000000234e-01 4.287810000000000232e-01 4.831949999999999856e-01
3.390000000000000000e+02 3.692949999999999844e-01 4.133459999999999912e-01 4.676719999999999766e-01
3.400000000000000000e+02 3.612949999999999773e-01 4.053689999999999793e-01 4.597010000000000263e-01
3.410000000000000000e+02 3.727509999999999990e-01 4.167919999999999958e-01 4.711549999999999905e-01
3.420000000000000000e+02 3.786059999999999981e-01 4.226099999999999857e-01 4.769749999999999823e-01
3.430000000000000000e+02 3.863949999999999885e-01 4.303640000000000243e-01 4.847739999999999827e-01
3.440000000000000000e+02 3.640660000000000007e-01 4.081400000000000028e-01 4.624670000000000170e-01
3.450000000000000000e+02 3.721400000000000263e-01 4.162299999999999889e-01 4.705349999999999810e-01
3.460000000000000000e+02 3.885310000000000152e-01 4.323960000000000026e-01 4.868959999999999955e-01
3.470000000000000000e+02 3.879650000000000043e-01 4.318250000000000144e-01 4.863250000000000073e-01
3.480000000000000000e+02 3.830089999999999884e-01 4.270579999999999932e-01 4.813749999999999973e-01
3.490000000000000000e+02 3.701650000000000218e-01 4.142270000000000119e-01 4.685540000000000260e-01
3.500000000000000000e+02 3.715589999999999726e-01 4.155530000000000057e-01 4.699420000000000264e-01
3.510000000000000000e+02 3.818889999999999785e-01 4.258299999999999863e-01 4.802600000000000202e-01
3.520000000000000000e+02 3.782110000000000194e-01 4.221659999999999857e-01 4.765820000000000056e-01
3.530000000000000000e+02 3.665860000000000229e-01 4.106090000000000018e-01 4.649650000000000172e-01
3.540000000000000000e+02 3.601639999999999842e-01 4.042410000000000170e-01 4.585540000000000171e-01
3.550000000000000000e+02 3.830080000000000151e-01 4.269709999999999894e-01 4.813830000000000053e-01
3.560000000000000000e+02 3.932490000000000152e-01 4.370589999999999753e-01 4.916170000000000262e-01
3.570000000000000000e+02 3.857740000000000058e-01 4.297019999999999729e-01 4.841289999999999760e-01
3.580000000000000000e+02 3.688969999999999749e-01 4.129149999999999765e-01 4.672760000000000247e-01
3.590000000000000000e+02 3.662309999999999732e-01 4.102089999999999903e-01 4.645980000000000110e-01
3.600000000000000000e+02 3.764529999999999821e-01 4.203879999999999839e-01 4.748180000000000178e-01
3.610000000000000000e+02 3.864929999999999755e-01 4.304419999999999913e-01 4.848660000000000192e-01
3.620000000000000000e+02 3.853469999999999951e-01 4.293239999999999834e-01 4.837250000000000161e-01
3.630000000000000000e+02 3.618259999999999810e-01 4.058640000000000025e-01 4.602029999999999732e-01
3.640000000000000000e+02 3.590639999999999943e-01 4.030569999999999986e-01 4.574380000000000113e-01
3.650000000000000000e+02 3.952820000000000222e-01 4.391749999999999821e-01 4.936320000000000152e-01
3.660000000000000000e+02 4.035099999999999798e-01 4.473610000000000086e-01 5.018639999999999768e-01
3.670000000000000000e+02 3.736860000000000182e-01 4.176210000000000200e-01 4.720570000000000044e-01
3.680000000000000000e+02 3.586570000000000036e-01 4.026049999999999907e-01 4.570310000000000206e-01
3.690000000000000000e+02 3.668130000000000002e-01 4.107739999999999725e-01 4.651779999999999804e-01
3.700000000000000000e+02 3.865219999999999767e-01 4.304379999999999873e-01 4.848759999999999737e-01
3.710000000000000000e+02 3.893150000000000222e-01 4.331720000000000015e-01 4.876829999999999776e-01
3.720000000000000000e+02 3.675899999999999723e-01 4.115659999999999874e-01 4.659780000000000033e-01
3.730000000000000000e+02 3.578040000000000109e-01 4.017609999999999792e-01 4.561640000000000139e-01
3.740000000000000000e+02 3.906620000000000092e-01 4.345600000000000018e-01 4.890090000000000270e-01
3.750000000000000000e+02 3.892180000000000084e-01 4.330410000000000093e-01 4.875709999999999766e-01
3.760000000000000000e+02 3.767289999999999806e-01 4.206159999999999899e-01 4.750840000000000063e-01
3.770000000000000000e+02 3.707969999999999877e-01 4.147429999999999728e-01 4.691660000000000275e-01
3.780000000000000000e+02 3.736260000000000137e-01 4.175639999999999907e-01 4.719909999999999939e-01
3.790000000000000000e+02 3.702269999999999728e-01 4.141329999999999734e-01 4.685909999999999798e-01
3.800000000000000000e+02 3.754460000000000020e-01 4.193069999999999853e-01 4.738069999999999782e-01
3.810000000000000000e+02 3.691039999999999877e-01 4.129820000000000157e-01 4.674789999999999779e-01
3.820000000000000000e+02 3.653660000000000241e-01 4.093080000000000052e-01 4.637260000000000271e-01
3.830000000000000000e+02 3.787719999999999976e-01 4.227270000000000194e-01 4.771340000000000026e-01
3.840000000000000000e+02 3.933800000000000074e-01 4.372570000000000068e-01 4.917309999999999737e-01
3.850000000000000000e+02 3.946189999999999976e-01 4.384859999999999869e-01 4.929709999999999925e-01
3.860000000000000000e+02 3.775999999999999912e-01 4.215430000000000010e-01 4.759669999999999734e-01
3.870000000000000000e+02 3.733040000000000247e-01 4.172339999999999938e-01 4.716710000000000069e-01
3.880000000000000000e+02 3.784139999999999726e-01 4.223549999999999804e-01 4.767799999999999816e-01
3.890000000000000000e+02 3.679049999999999820e-01 4.117580000000000129e-01 4.662640000000000118e-01
3.900000000000000000e+02 3.782699999999999951e-01 4.221429999999999905e-01 4.766389999999999794e-01
3.910000000000000000e+02 3.761419999999999764e-01 4.200479999999999769e-01 4.745119999999999894e-01
3.920000000000000000e+02 3.741399999999999726e-01 4.180510000000000059e-01 4.724909999999999943e-01
3.930000000000000000e+02 3.808920000000000083e-01 4.247199999999999864e-01 4.792330000000000201e-01
3.940000000000000000e+02 3.864159999999999817e-01 4.302570000000000006e-01 4.847620000000000262e-01
3.950000000000000000e+02 3.797189999999999732e-01 4.235809999999999853e-01 4.780739999999999990e-01
3.960000000000000000e+02 3.741010000000000169e-01 4.179800000000000182e-01 4.724639999999999951e-01
3.970000000000000000e+02 3.736200000000000077e-01 4.175409999999999955e-01 4.719920000000000226e-01
3.980000000000000000e+02 3.769399999999999973e-01 4.208140000000000214e-01 4.753000000000000003e-01
3.990000000000000000e+02 3.839640000000000275e-01 4.278140000000000276e-01 4.823069999999999857e-01
4.000000000000000000e+02 3.827940000000000231e-01 4.266320000000000112e-01 4.811369999999999814e-01
4.010000000000000000e+02 3.789190000000000058e-01 4.227699999999999791e-01 4.772770000000000068e-01
4.020000000000000000e+02 3.667179999999999884e-01 4.105869999999999798e-01 4.650699999999999834e-01
4.030000000000000000e+02 3.775530000000000275e-01 4.213649999999999896e-01 4.758910000000000085e-01
4.040000000000000000e+02 3.919929999999999803e-01 4.358230000000000159e-01 4.903330000000000188e-01
4.050000000000000000e+02 3.868340000000000112e-01 4.307130000000000125e-01 4.851840000000000042e-01
4.060000000000000000e+02 3.782670000000000199e-01 4.221159999999999912e-01 4.766210000000000169e-01
4.070000000000000000e+02 3.738090000000000024e-01 4.176679999999999837e-01 4.721560000000000201e-01
4.080000000000000000e+02 3.791780000000000150e-01 4.230309999999999904e-01 4.775340000000000140e-01
4.090000000000000000e+02 3.843349999999999822e-01 4.281730000000000258e-01 4.826779999999999959e-01
4.100000000000000000e+02 3.914940000000000087e-01 4.353170000000000095e-01 4.898370000000000224e-01
4.110000000000000000e+02 3.724489999999999745e-01 4.163040000000000074e-01 4.708049999999999735e-01
4.120000000000000000e+02 3.766920000000000268e-01 4.204950000000000077e-01 4.750249999999999750e-01
4.130000000000000000e+02 3.852999999999999758e-01 4.290760000000000129e-01 4.836280000000000023e-01
4.140000000000000000e+02 3.836680000000000090e-01 4.274919999999999831e-01 4.820070000000000188e-01
4.150000000000000000e+02 3.822039999999999882e-01 4.260410000000000030e-01 4.805490000000000039e-01
4.160000000000000000e+02 3.833380000000000121e-01 4.271909999999999874e-01 4.816819999999999991e-01
4.170000000000000000e+02 3.766410000000000036e-01 4.205110000000000237e-01 4.749880000000000213e-01
4.180000000000000000e+02 3.788869999999999738e-01 4.227179999999999827e-01 4.772230000000000083e-01
4.190000000000000000e+02 3.801970000000000072e-01 4.239950000000000108e-01 4.785300000000000109e-01
4.200000000000000000e+02 3.830259999999999776e-01 4.268290000000000139e-01 4.813580000000000081e-01
4.210000000000000000e+02 3.878400000000000181e-01 4.316340000000000177e-01 4.861710000000000198e-01
4.220000000000000000e+02 3.851080000000000059e-01 4.289089999999999847e-01 4.834410000000000096e-01
4.230000000000000000e+02 3.879719999999999835e-01 4.317690000000000139e-01 4.863040000000000140e-01
4.240000000000000000e+02 3.797110000000000207e-01 4.235140000000000016e-01 4.780429999999999957e-01
4.250000000000000000e+02 3.764129999999999976e-01 4.202000000000000179e-01 4.747480000000000033e-01
4.260000000000000000e+02 3.855439999999999978e-01 4.293629999999999947e-01 4.838759999999999728e-01
4.270000000000000000e+02 3.813639999999999808e-01 4.251719999999999944e-01 4.797009999999999885e-01
4.280000000000000000e+02 3.771530000000000160e-01 4.209419999999999829e-01 4.754849999999999910e-01
4.290000000000000000e+02 3.864090000000000025e-01 4.302090000000000081e-01 4.847350000000000270e-01
4.300000000000000000e+02 3.785800000000000276e-01 4.223830000000000084e-01 4.769209999999999838e-01
4.310000000000000000e+02 3.796800000000000175e-01 4.234970000000000123e-01 4.780170000000000252e-01
4.320000000000000000e+02 3.892900000000000249e-01 4.330709999999999837e-01 4.876179999999999959e-01
4.330000000000000000e+02 3.820160000000000222e-01 4.257940000000000058e-01 4.803450000000000220e-01
4.340000000000000000e+02 3.787240000000000051e-01 4.225369999999999959e-01 4.770630000000000148e-01
4.350000000000000000e+02 3.766599999999999948e-01 4.204749999999999877e-01 4.750010000000000066e-01
4.360000000000000000e+02 3.817829999999999835e-01 4.255749999999999811e-01 4.801139999999999852e-01
4.370000000000000000e+02 3.781300000000000217e-01 4.219060000000000032e-01 4.764639999999999986e-01
4.380000000000000000e+02 3.799420000000000019e-01 4.237210000000000143e-01 4.782730000000000037e-01
4.390000000000000000e+02 3.900449999999999751e-01 4.338480000000000114e-01 4.883750000000000036e-01
4.400000000000000000e+02 3.846089999999999787e-01 4.283899999999999930e-01 4.829399999999999804e-01
4.410000000000000000e+02 3.825279999999999792e-01 4.262790000000000190e-01 4.808560000000000056e-01
4.420000000000000000e+02 3.911600000000000077e-01 4.349279999999999813e-01 4.894819999999999727e-01
4.430000000000000000e+02 3.850750000000000006e-01 4.288589999999999902e-01 4.833970000000000211e-01
4.440000000000000000e+02 3.769330000000000180e-01 4.207089999999999996e-01 4.752689999999999970e-01
4.450000000000000000e+02 3.785769999999999968e-01 4.223350000000000160e-01 4.769100000000000006e-01
4.460000000000000000e+02 3.822800000000000087e-01 4.260470000000000090e-01 4.806059999999999777e-01
4.470000000000000000e+02 3.824049999999999949e-01 4.261650000000000160e-01 4.807350000000000234e-01
4.480000000000000000e+02 3.923550000000000093e-01 4.360930000000000084e-01 4.906820000000000070e-01
4.490000000000000000e+02 3.858579999999999788e-01 4.296309999999999851e-01 4.841929999999999845e-01
4.500000000000000000e+02 3.761510000000000131e-01 4.199359999999999760e-01 4.744860000000000189e-01
4.510000000000000000e+02 3.823730000000000184e-01 4.261229999999999740e-01 4.806960000000000122e-01
4.520000000000000000e+02 3.842149999999999732e-01 4.279700000000000171e-01 4.825420000000000265e-01
4.530000000000000000e+02 3.828019999999999756e-01 4.265889999999999960e-01 4.811309999999999754e-01
4.540000000000000000e+02 3.754449999999999732e-01 4.192230000000000123e-01 4.737859999999999849e-01
4.550000000000000000e+02 3.790259999999999740e-01 4.227670000000000039e-01 4.773510000000000253e-01
4.560000000000000000e+02 3.876620000000000066e-01 4.313960000000000017e-01 4.859789999999999943e-01
4.570000000000000000e+02 3.918820000000000081e-01 4.356490000000000085e-01 4.901989999999999958e-01
4.580000000000000000e+02 3.879929999999999768e-01 4.317380000000000106e-01 4.863169999999999993e-01
4.590000000000000000e+02 3.817400000000000237e-01 4.255010000000000181e-01 4.800699999999999967e-01
4.600000000000000000e+02 3.846800000000000219e-01 4.284419999999999895e-01 4.830079999999999929e-01
4.610000000000000000e+02 3.833250000000000268e-01 4.270860000000000212e-01 4.816529999999999978e-01
4.620000000000000000e+02 3.843929999999999847e-01 4.281380000000000186e-01 4.827230000000000132e-01
4.630000000000000000e+02 3.786100000000000021e-01 4.223580000000000112e-01 4.769419999999999771e-01
4.640000000000000000e+02 3.784890000000000199e-01 4.222009999999999930e-01 4.768149999999999888e-01
4.650000000000000000e+02 3.867380000000000262e-01 4.304689999999999905e-01 4.850599999999999912e-01
4.660000000000000000e+02 3.923579999999999846e-01 4.361140000000000017e-01 4.906809999999999783e-01
4.670000000000000000e+02 3.819739999999999802e-01 4.257040000000000268e-01 4.802980000000000027e-01
4.680000000000000000e+02 3.845419999999999949e-01 4.282670000000000088e-01 4.828669999999999907e-01
4.690000000000000000e+02 3.801860000000000239e-01 4.239080000000000070e-01 4.785119999999999929e-01
4.700000000000000000e+02 3.808090000000000086e-01 4.245530000000000137e-01 4.791440000000000143e-01
4.710000000000000000e+02 3.847380000000000244e-01 4.284979999999999900e-01 4.830690000000000262e-01
4.720000000000000000e+02 3.869710000000000094e-01 4.307440000000000158e-01 4.852960000000000051e-01
4.730000000000000000e+02 3.885190000000000032e-01 4.322960000000000136e-01 4.868419999999999970e-01
4.740000000000000000e+02 3.871200000000000196e-01 4.308560000000000167e-01 4.854410000000000114e-01
4.750000000000000000e+02 3.720539999999999958e-01 4.157640000000000224e-01 4.703849999999999976e-01
4.760000000000000000e+02 3.816599999999999993e-01 4.253899999999999904e-01 4.799829999999999930e-01
4.770000000000000000e+02 3.926979999999999915e-01 4.364179999999999726e-01 4.910129999999999773e-01
4.780000000000000000e+02 3.896209999999999951e-01 4.333130000000000037e-01 4.879339999999999788e-01
4.790000000000000000e+02 3.824640000000000262e-01 4.261860000000000093e-01 4.807930000000000259e-01
4.800000000000000000e+02 3.869429999999999814e-01 4.306840000000000113e-01 4.852609999999999979e-01
4.810000000000000000e+02 3.830459999999999976e-01 4.267659999999999787e-01 4.813680000000000181e-01
4.820000000000000000e+02 3.857590000000000185e-01 4.294890000000000096e-01 4.840769999999999795e-01
4.830000000000000000e+02 3.882090000000000263e-01 4.319399999999999906e-01 4.865289999999999893e-01
4.840000000000000000e+02 3.866029999999999744e-01 4.303299999999999903e-01 4.849180000000000157e-01
4.850000000000000000e+02 3.814960000000000018e-01 4.251820000000000044e-01 4.798180000000000223e-01
4.860000000000000000e+02 3.738859999999999961e-01 4.175960000000000227e-01 4.722129999999999939e-01
4.870000000000000000e+02 3.827150000000000274e-01 4.264270000000000005e-01 4.810289999999999844e-01
4.880000000000000000e+02 3.848190000000000222e-01 4.285309999999999953e-01 4.831360000000000099e-01
4.890000000000000000e+02 3.834520000000000151e-01 4.271670000000000189e-01 4.817750000000000088e-01
4.900000000000000000e+02 3.798290000000000277e-01 4.235450000000000048e-01 4.781509999999999927e-01
4.910000000000000000e+02 3.847860000000000169e-01 4.285019999999999940e-01 4.831010000000000026e-01
4.920000000000000000e+02 3.864210000000000145e-01 4.301320000000000143e-01 4.847350000000000270e-01
4.930000000000000000e+02 3.828679999999999861e-01 4.265650000000000275e-01 4.811880000000000046e-01
4.940000000000000000e+02 3.881720000000000170e-01 4.318420000000000036e-01 4.864789999999999948e-01
4.950000000000000000e+02 3.831030000000000268e-01 4.267920000000000047e-01 4.814209999999999878e-01
4.960000000000000000e+02 3.840819999999999790e-01 4.278040000000000176e-01 4.824010000000000242e-01
4.970000000000000000e+02 3.922749999999999848e-01 4.359750000000000014e-01 4.905869999999999953e-01
4.980000000000000000e+02 3.923220000000000041e-01 4.360010000000000274e-01 4.906340000000000146e-01
4.990000000000000000e+02 3.839520000000000155e-01 4.276530000000000054e-01 4.822710000000000052e-01
5.000000000000000000e+02 3.785609999999999808e-01 4.222560000000000202e-01 4.768850000000000033e-01
5.010000000000000000e+02 3.914190000000000169e-01 4.351050000000000195e-01 4.897230000000000194e-01
5.020000000000000000e+02 3.885660000000000225e-01 4.322500000000000231e-01 4.868730000000000002e-01
5.030000000000000000e+02 3.885170000000000012e-01 4.321789999999999798e-01 4.868250000000000077e-01
5.040000000000000000e+02 3.862670000000000270e-01 4.299780000000000268e-01 4.845840000000000147e-01
5.050000000000000000e+02 3.788290000000000268e-01 4.225670000000000259e-01 4.771540000000000226e-01
5.060000000000000000e+02 3.870449999999999724e-01 4.307559999999999722e-01 4.853660000000000196e-01
5.070000000000000000e+02 3.876100000000000101e-01 4.312989999999999879e-01 4.859209999999999918e-01
5.080000000000000000e+02 3.901620000000000088e-01 4.338409999999999767e-01 4.884680000000000133e-01
5.090000000000000000e+02 3.924279999999999990e-01 4.361050000000000204e-01 4.907360000000000055e-01
5.100000000000000000e+02 3.860160000000000258e-01 4.297090000000000076e-01 4.843299999999999828e-01
5.110000000000000000e+02 3.790930000000000133e-01 4.227659999999999751e-01 4.774089999999999723e-01
5.120000000000000000e+02 3.842929999999999957e-01 4.279669999999999863e-01 4.825980000000000270e-01
5.130000000000000000e+02 3.881490000000000218e-01 4.318279999999999896e-01 4.864569999999999728e-01
5.140000000000000000e+02 3.897050000000000236e-01 4.334049999999999847e-01 4.880169999999999786e-01
5.150000000000000000e+02 3.820419999999999927e-01 4.257580000000000253e-01 4.803620000000000112e-01
5.160000000000000000e+02 3.819009999999999905e-01 4.256050000000000111e-01 4.802230000000000110e-01
5.170000000000000000e+02 3.959239999999999982e-01 4.396209999999999840e-01 4.942329999999999779e-01
5.180000000000000000e+02 3.899750000000000161e-01 4.336619999999999919e-01 4.882850000000000246e-01
5.190000000000000000e+02 3.842780000000000085e-01 4.279430000000000178e-01 4.825980000000000270e-01
5.200000000000000000e+02 3.859659999999999758e-01 4.296400000000000219e-01 4.842830000000000190e-01
5.210000000000000000e+02 3.867050000000000209e-01 4.303839999999999888e-01 4.850180000000000047e-01
5.220000000000000000e+02 3.868099999999999872e-01 4.304680000000000173e-01 4.851230000000000264e-01
5.230000000000000000e+02 3.876820000000000266e-01 4.313500000000000112e-01 4.859930000000000083e-01
5.240000000000000000e+02 3.846840000000000259e-01 4.283440000000000025e-01 4.829979999999999829e-01
5.250000000000000000e+02 3.918499999999999761e-01 4.355189999999999895e-01 4.901630000000000154e-01
5.260000000000000000e+02 3.909380000000000077e-01 4.346240000000000103e-01 4.892500000000000182e-01
5.270000000000000000e+02 3.871319999999999761e-01 4.307860000000000023e-01 4.854450000000000154e-01
5.280000000000000000e+02 3.874779999999999891e-01 4.311229999999999785e-01 4.857810000000000183e-01
5.290000000000000000e+02 3.915270000000000139e-01 4.351900000000000213e-01 4.898259999999999836e-01
5.300000000000000000e+02 3.901629999999999820e-01 4.338400000000000034e-01 4.884720000000000173e-01
5.310000000000000000e+02 3.854319999999999968e-01 4.290820000000000189e-01 4.837400000000000033e-01
5.320000000000000000e+02 3.887499999999999845e-01 4.323969999999999758e-01 4.870539999999999869e-01
5.330000000000000000e+02 3.898679999999999923e-01 4.335439999999999849e-01 4.881759999999999988e-01
5.340000000000000000e+02 3.891439999999999899e-01 4.328219999999999845e-01 4.874479999999999924e-01
5.350000000000000000e+02 3.878300000000000081e-01 4.314930000000000154e-01 4.861340000000000106e-01
5.360000000000000000e+02 3.927200000000000135e-01 4.363819999999999921e-01 4.910200000000000120e-01
5.370000000000000000e+02 3.878139999999999921e-01 4.314700000000000202e-01 4.861150000000000193e-01
5.380000000000000000e+02 3.869139999999999802e-01 4.305729999999999835e-01 4.852270000000000194e-01
5.390000000000000000e+02 3.888380000000000170e-01 4.324839999999999796e-01 4.871469999999999967e-01
5.400000000000000000e+02 3.886390000000000122e-01 4.323110000000000008e-01 4.869479999999999920e-01
5.410000000000000000e+02 3.892260000000000164e-01 4.328859999999999930e-01 4.875269999999999881e-01
5.420000000000000000e+02 3.890870000000000162e-01 4.327480000000000215e-01 4.873959999999999959e-01
5.430000000000000000e+02 3.866890000000000049e-01 4.303540000000000143e-01 4.849950000000000094e-01
5.440000000000000000e+02 3.857240000000000113e-01 4.293730000000000047e-01 4.840300000000000158e-01
5.450000000000000000e+02 3.906669999999999865e-01 4.343179999999999819e-01 4.889720000000000177e-01
5.460000000000000000e+02 3.951569999999999805e-01 4.388050000000000006e-01 4.934589999999999810e-01
5.470000000000000000e+02 3.946080000000000143e-01 4.382759999999999989e-01 4.929140000000000188e-01
5.480000000000000000e+02 3.875009999999999843e-01 4.311400000000000232e-01 4.858029999999999848e-01
5.490000000000000000e+02 3.904929999999999790e-01 4.341320000000000179e-01 4.888000000000000123e-01
5.500000000000000000e+02 3.906430000000000180e-01 4.342670000000000141e-01 4.889479999999999937e-01
5.510000000000000000e+02 3.914119999999999822e-01 4.350399999999999823e-01 4.897150000000000114e-01
5.520000000000000000e+02 3.927709999999999813e-01 4.364009999999999834e-01 4.910729999999999817e-01
5.530000000000000000e+02 3.906970000000000165e-01 4.343409999999999771e-01 4.890030000000000210e-01
5.540000000000000000e+02 3.934340000000000059e-01 4.370560000000000000e-01 4.917329999999999757e-01
5.550000000000000000e+02 3.898699999999999943e-01 4.335089999999999777e-01 4.881719999999999948e-01
5.560000000000000000e+02 3.875040000000000151e-01 4.311559999999999837e-01 4.858140000000000236e-01
5.570000000000000000e+02 3.841120000000000090e-01 4.277520000000000211e-01 4.824220000000000175e-01
5.580000000000000000e+02 3.849609999999999976e-01 4.285930000000000017e-01 4.832690000000000041e-01
5.590000000000000000e+02 3.946000000000000063e-01 4.382380000000000164e-01 4.929089999999999860e-01
5.600000000000000000e+02 3.858190000000000230e-01 4.294669999999999876e-01 4.841320000000000068e-01
5.610000000000000000e+02 3.902669999999999750e-01 4.339089999999999892e-01 4.885660000000000003e-01
5.620000000000000000e+02 3.889630000000000032e-01 4.325970000000000093e-01 4.872639999999999749e-01
5.630000000000000000e+02 3.892109999999999737e-01 4.328310000000000213e-01 4.875169999999999781e-01
5.640000000000000000e+02 3.888929999999999887e-01 4.325180000000000136e-01 4.872000000000000219e-01
5.650000000000000000e+02 3.888659999999999894e-01 4.324910000000000143e-01 4.871739999999999959e-01
5.660000000000000000e+02 3.933690000000000242e-01 4.370069999999999788e-01 4.916820000000000079e-01
5.670000000000000000e+02 3.969639999999999835e-01 4.405760000000000232e-01 4.952679999999999860e-01
5.680000000000000000e+02 3.911890000000000089e-01 4.348119999999999763e-01 4.894950000000000134e-01
5.690000000000000000e+02 3.897379999999999733e-01 4.333890000000000242e-01 4.880479999999999818e-01
5.700000000000000000e+02 3.919239999999999946e-01 4.355399999999999827e-01 4.902279999999999971e-01
5.710000000000000000e+02 3.867740000000000067e-01 4.304230000000000000e-01 4.850849999999999884e-01
5.720000000000000000e+02 3.854389999999999761e-01 4.290709999999999802e-01 4.837520000000000153e-01
5.730000000000000000e+02 3.929929999999999812e-01 4.366169999999999773e-01 4.912980000000000125e-01
5.740000000000000000e+02 3.891189999999999927e-01 4.327199999999999935e-01 4.874279999999999724e-01
5.750000000000000000e+02 3.851510000000000211e-01 4.287679999999999825e-01 4.834620000000000029e-01
5.760000000000000000e+02 3.955890000000000239e-01 4.391970000000000041e-01 4.938960000000000017e-01
5.770000000000000000e+02 3.911430000000000184e-01 4.347530000000000006e-01 4.894439999999999902e-01
5.780000000000000000e+02 3.860790000000000055e-01 4.296989999999999976e-01 4.843819999999999792e-01
5.790000000000000000e+02 3.932209999999999872e-01 4.368210000000000148e-01 4.915240000000000165e-01
5.800000000000000000e+02 3.870580000000000132e-01 4.306860000000000133e-01 4.853649999999999909e-01
5.810000000000000000e+02 3.883780000000000010e-01 4.319970000000000199e-01 4.866849999999999787e-01
5.820000000000000000e+02 3.904020000000000268e-01 4.340140000000000109e-01 4.887020000000000253e-01
5.830000000000000000e+02 3.891029999999999767e-01 4.327210000000000223e-01 4.874080000000000079e-01
5.840000000000000000e+02 3.947069999999999745e-01 4.383110000000000062e-01 4.930069999999999730e-01
5.850000000000000000e+02 3.899420000000000108e-01 4.335479999999999889e-01 4.882420000000000093e-01
5.860000000000000000e+02 3.869850000000000234e-01 4.305840000000000223e-01 4.852890000000000259e-01
5.870000000000000000e+02 3.884710000000000107e-01 4.320930000000000049e-01 4.867739999999999845e-01
5.880000000000000000e+02 3.911120000000000152e-01 4.347349999999999826e-01 4.894120000000000137e-01
5.890000000000000000e+02 3.912809999999999899e-01 4.348859999999999948e-01 4.895809999999999884e-01
5.900000000000000000e+02 3.842419999999999725e-01 4.278669999999999973e-01 4.825519999999999810e-01
5.910000000000000000e+02 3.904730000000000145e-01 4.340809999999999946e-01 4.887710000000000110e-01
5.920000000000000000e+02 3.911959999999999882e-01 4.348079999999999723e-01 4.894959999999999867e-01
5.930000000000000000e+02 3.891479999999999939e-01 4.327550000000000008e-01 4.874539999999999984e-01
5.940000000000000000e+02 3.898780000000000023e-01 4.334959999999999924e-01 4.881800000000000028e-01
5.950000000000000000e+02 3.861479999999999912e-01 4.297520000000000229e-01 4.844479999999999897e-01
5.960000000000000000e+02 3.910560000000000147e-01 4.346690000000000276e-01 4.893589999999999884e-01
5.970000000000000000e+02 3.934289999999999732e-01 4.370359999999999800e-01 4.917329999999999757e-01
5.980000000000000000e+02 3.904250000000000220e-01 4.340049999999999741e-01 4.887210000000000165e-01
5.990000000000000000e+02 3.865190000000000015e-01 4.301139999999999963e-01 4.848169999999999980e-01
6.000000000000000000e+02 3.916709999999999914e-01 4.352779999999999982e-01 4.899729999999999919e-01
6.010000000000000000e+02 3.923039999999999861e-01 4.359160000000000257e-01 4.906050000000000133e-01
6.020000000000000000e+02 3.921140000000000181e-01 4.357269999999999754e-01 4.904129999999999878e-01
6.030000000000000000e+02 3.911009999999999764e-01 4.347119999999999873e-01 4.894000000000000017e-01
6.040000000000000000e+02 3.940799999999999859e-01 4.376849999999999907e-01 4.923830000000000151e-01
6.050000000000000000e+02 3.956890000000000129e-01 4.392849999999999810e-01 4.939890000000000114e-01
6.060000000000000000e+02 3.923349999999999893e-01 4.359299999999999842e-01 4.906360000000000166e-01
6.070000000000000000e+02 3.932539999999999925e-01 4.368560000000000221e-01 4.915530000000000177e-01
6.080000000000000000e+02 3.869159999999999822e-01 4.305149999999999810e-01 4.852250000000000174e-01
6.090000000000000000e+02 3.905159999999999743e-01 4.341110000000000246e-01 4.888179999999999747e-01
6.100000000000000000e+02 3.891419999999999879e-01 4.327550000000000008e-01 4.874519999999999964e-01
6.110000000000000000e+02 3.918719999999999981e-01 4.354729999999999990e-01 4.901800000000000046e-01
6.120000000000000000e+02 3.912059999999999982e-01 4.348130000000000051e-01 4.895140000000000047e-01
6.130000000000000000e+02 3.893269999999999786e-01 4.329339999999999855e-01 4.876309999999999811e-01
6.140000000000000000e+02 3.901859999999999773e-01 4.337920000000000109e-01 4.884910000000000085e-01
6.150000000000000000e+02 3.935660000000000269e-01 4.371680000000000010e-01 4.918649999999999967e-01
6.160000000000000000e+02 3.923289999999999833e-01 4.359319999999999862e-01 4.906269999999999798e-01
6.170000000000000000e+02 3.933780000000000054e-01 4.369640000000000191e-01 4.916769999999999752e-01
6.180000000000000000e+02 3.870759999999999756e-01 4.306690000000000240e-01 4.853839999999999821e-01
6.190000000000000000e+02 3.915569999999999884e-01 4.351380000000000248e-01 4.898589999999999889e-01
6.200000000000000000e+02 3.954949999999999855e-01 4.390859999999999763e-01 4.938000000000000167e-01
6.210000000000000000e+02 3.893469999999999986e-01 4.329479999999999995e-01 4.876519999999999744e-01
6.220000000000000000e+02 3.946680000000000188e-01 4.382519999999999749e-01 4.929780000000000273e-01
6.230000000000000000e+02 3.930580000000000185e-01 4.366450000000000053e-01 4.913589999999999902e-01
6.240000000000000000e+02 3.878829999999999778e-01 4.314760000000000262e-01 4.861909999999999843e-01
6.250000000000000000e+02 3.878670000000000173e-01 4.314749999999999974e-01 4.861750000000000238e-01
6.260000000000000000e+02 3.917439999999999811e-01 4.353319999999999967e-01 4.900490000000000124e-01
6.270000000000000000e+02 3.960259999999999891e-01 4.396059999999999968e-01 4.943310000000000204e-01
6.280000000000000000e+02 3.936939999999999884e-01 4.372579999999999800e-01 4.919910000000000116e-01
6.290000000000000000e+02 3.980079999999999729e-01 4.415709999999999913e-01 4.963069999999999982e-01
6.300000000000000000e+02 3.923599999999999866e-01 4.359469999999999734e-01 4.906630000000000158e-01
6.310000000000000000e+02 3.978340000000000209e-01 4.414290000000000158e-01 4.961400000000000254e-01
6.320000000000000000e+02 3.964239999999999986e-01 4.400189999999999935e-01 4.947289999999999743e-01
6.330000000000000000e+02 3.918400000000000216e-01 4.354290000000000105e-01 4.901400000000000201e-01
6.340000000000000000e+02 3.918070000000000164e-01 4.353879999999999972e-01 4.901099999999999901e-01
6.350000000000000000e+02 3.957479999999999887e-01 4.393230000000000190e-01 4.940490000000000159e-01
6.360000000000000000e+02 3.947240000000000193e-01 4.383090000000000042e-01 4.930280000000000218e-01
6.370000000000000000e+02 3.988430000000000031e-01 4.424219999999999819e-01 4.971439999999999748e-01
6.380000000000000000e+02 3.966210000000000013e-01 4.401920000000000277e-01 4.949209999999999998e-01
6.390000000000000000e+02 3.971089999999999898e-01 4.406950000000000034e-01 4.954100000000000170e-01
6.400000000000000000e+02 3.978010000000000157e-01 4.413750000000000173e-01 4.961070000000000202e-01
6.410000000000000000e+02 3.888199999999999990e-01 4.323899999999999966e-01 4.871219999999999994e-01
6.420000000000000000e+02 3.957359999999999767e-01 4.393099999999999783e-01 4.940430000000000099e-01
6.430000000000000000e+02 3.917919999999999736e-01 4.353659999999999752e-01 4.900930000000000009e-01
6.440000000000000000e+02 3.888460000000000250e-01 4.324379999999999891e-01 4.871480000000000254e-01
6.450000000000000000e+02 3.953510000000000080e-01 4.389460000000000028e-01 4.936530000000000085e-01
6.460000000000000000e+02 3.974320000000000075e-01 4.410189999999999944e-01 4.957349999999999812e-01
6.470000000000000000e+02 3.950649999999999995e-01 4.386439999999999784e-01 4.933679999999999732e-01
6.480000000000000000e+02 3.961520000000000041e-01 4.397289999999999810e-01 4.944560000000000066e-01
6.490000000000000000e+02 3.938880000000000159e-01 4.374560000000000115e-01 4.921889999999999876e-01
6.500000000000000000e+02 3.878969999999999918e-01 4.314700000000000202e-01 4.862029999999999963e-01
6.510000000000000000e+02 3.893059999999999854e-01 4.328899999999999970e-01 4.876139999999999919e-01
6.520000000000000000e+02 3.948099999999999943e-01 4.383900000000000019e-01 4.931130000000000235e-01
6.530000000000000000e+02 3.969920000000000115e-01 4.405649999999999844e-01 4.952949999999999853e-01
6.540000000000000000e+02 3.922900000000000276e-01 4.358620000000000272e-01 4.905939999999999745e-01
6.550000000000000000e+02 3.878920000000000146e-01 4.314560000000000062e-01 4.861940000000000150e-01
6.560000000000000000e+02 3.919929999999999803e-01 4.355459999999999887e-01 4.903000000000000136e-01
6.570000000000000000e+02 3.991350000000000176e-01 4.427039999999999864e-01 4.974390000000000200e-01
6.580000000000000000e+02 3.939070000000000071e-01 4.374799999999999800e-01 4.922079999999999789e-01
6.590000000000000000e+02 3.926720000000000210e-01 4.362329999999999819e-01 4.909689999999999888e-01
6.600000000000000000e+02 3.936270000000000047e-01 4.371950000000000003e-01 4.919239999999999724e-01
6.610000000000000000e+02 3.979710000000000192e-01 4.415450000000000208e-01 4.962710000000000177e-01
6.620000000000000000e+02 3.980199999999999849e-01 4.415910000000000113e-01 4.963179999999999814e-01
6.630000000000000000e+02 3.966080000000000161e-01 4.401820000000000177e-01 4.949089999999999878e-01
6.640000000000000000e+02 3.949989999999999890e-01 4.385879999999999779e-01 4.933020000000000183e-01
6.650000000000000000e+02 3.902039999999999953e-01 4.337710000000000177e-01 4.884970000000000145e-01
6.660000000000000000e+02 3.896249999999999991e-01 4.331880000000000175e-01 4.879220000000000224e-01
6.670000000000000000e+02 3.958130000000000259e-01 4.393790000000000195e-01 4.941099999999999937e-01
6.680000000000000000e+02 3.982530000000000237e-01 4.418150000000000133e-01 4.965479999999999894e-01
6.690000000000000000e+02 3.968610000000000193e-01 4.404159999999999742e-01 4.951610000000000178e-01
6.700000000000000000e+02 3.911080000000000112e-01 4.346849999999999881e-01 4.894069999999999809e-01
6.710000000000000000e+02 3.973920000000000230e-01 4.409719999999999751e-01 4.956900000000000195e-01
6.720000000000000000e+02 3.968079999999999941e-01 4.403690000000000104e-01 4.951039999999999885e-01
6.730000000000000000e+02 3.963030000000000164e-01 4.398630000000000040e-01 4.946090000000000209e-01
6.740000000000000000e+02 3.892769999999999841e-01 4.328460000000000085e-01 4.875789999999999846e-01
6.750000000000000000e+02 3.946080000000000143e-01 4.381709999999999772e-01 4.929129999999999900e-01
6.760000000000000000e+02 3.938400000000000234e-01 4.374069999999999903e-01 4.921440000000000259e-01
6.770000000000000000e+02 3.947089999999999765e-01 4.382690000000000197e-01 4.930140000000000078e-01
6.780000000000000000e+02 3.902860000000000218e-01 4.338400000000000034e-01 4.885909999999999975e-01
6.790000000000000000e+02 3.929759999999999920e-01 4.365390000000000104e-01 4.912779999999999925e-01
6.800000000000000000e+02 3.937910000000000021e-01 4.373380000000000045e-01 4.920999999999999819e-01
6.810000000000000000e+02 3.962330000000000019e-01 4.397800000000000042e-01 4.945390000000000064e-01
6.820000000000000000e+02 4.002269999999999994e-01 4.437929999999999930e-01 4.985410000000000119e-01
6.830000000000000000e+02 3.933159999999999989e-01 4.368759999999999866e-01 4.916220000000000034e-01
6.840000000000000000e+02 3.929050000000000042e-01 4.364379999999999926e-01 4.912030000000000007e-01
6.850000000000000000e+02 3.943789999999999796e-01 4.379310000000000147e-01 4.926860000000000128e-01
6.860000000000000000e+02 3.943180000000000018e-01 4.378870000000000262e-01 4.926209999999999756e-01
6.870000000000000000e+02 3.981439999999999979e-01 4.416999999999999815e-01 4.964500000000000024e-01
6.880000000000000000e+02 4.007450000000000179e-01 4.442840000000000122e-01 4.990430000000000144e-01
6.890000000000000000e+02 3.935710000000000042e-01 4.371280000000000165e-01 4.918790000000000107e-01
6.900000000000000000e+02 3.934690000000000132e-01 4.370290000000000008e-01 4.917750000000000177e-01
6.910000000000000000e+02 3.952249999999999930e-01 4.387650000000000161e-01 4.935229999999999895e-01
6.920000000000000000e+02 4.031620000000000203e-01 4.467010000000000147e-01 5.014710000000000001e-01
6.930000000000000000e+02 3.985409999999999786e-01 4.420890000000000097e-01 4.968449999999999811e-01
6.940000000000000000e+02 3.917680000000000051e-01 4.353259999999999907e-01 4.900680000000000036e-01
6.950000000000000000e+02 3.931239999999999735e-01 4.366720000000000046e-01 4.914250000000000007e-01
6.960000000000000000e+02 3.934199999999999919e-01 4.369640000000000191e-01 4.917179999999999884e-01
6.970000000000000000e+02 4.003590000000000204e-01 4.438929999999999820e-01 4.986689999999999734e-01
6.980000000000000000e+02 3.969699999999999895e-01 4.405140000000000167e-01 4.952670000000000128e-01
6.990000000000000000e+02 3.960440000000000071e-01 4.395740000000000203e-01 4.943469999999999809e-01
7.000000000000000000e+02 3.989440000000000208e-01 4.424370000000000247e-01 4.972380000000000133e-01
7.010000000000000000e+02 4.005969999999999809e-01 4.441089999999999760e-01 4.988900000000000001e-01
7.020000000000000000e+02 3.977669999999999817e-01 4.412590000000000123e-01 4.960600000000000009e-01
7.030000000000000000e+02 4.001109999999999944e-01 4.435910000000000131e-01 4.984060000000000157e-01
7.040000000000000000e+02 4.048900000000000277e-01 4.483550000000000035e-01 5.031940000000000301e-01
7.050000000000000000e+02 4.037080000000000113e-01 4.471559999999999979e-01 5.020099999999999563e-01
7.060000000000000000e+02 4.088579999999999992e-01 4.522930000000000006e-01 5.071529999999999649e-01
7.070000000000000000e+02 4.130340000000000122e-01 4.564599999999999769e-01 5.113280000000000047e-01
7.080000000000000000e+02 4.061779999999999835e-01 4.495959999999999956e-01 5.044750000000000068e-01
7.090000000000000000e+02 4.048350000000000004e-01 4.482559999999999878e-01 5.031349999999999989e-01
7.100000000000000000e+02 4.089530000000000109e-01 4.523659999999999903e-01 5.072499999999999787e-01
7.110000000000000000e+02 4.103780000000000205e-01 4.537979999999999792e-01 5.086720000000000130e-01
7.120000000000000000e+02 4.087250000000000050e-01 4.521259999999999724e-01 5.070230000000000015e-01
7.130000000000000000e+02 4.077390000000000181e-01 4.511470000000000202e-01 5.060369999999999591e-01
7.140000000000000000e+02 4.089940000000000242e-01 4.524029999999999996e-01 5.072919999999999652e-01
7.150000000000000000e+02 4.095300000000000051e-01 4.529429999999999845e-01 5.078279999999999461e-01
7.160000000000000000e+02 4.096299999999999941e-01 4.530429999999999735e-01 5.079280000000000461e-01
7.170000000000000000e+02 4.096400000000000041e-01 4.530520000000000103e-01 5.079369999999999719e-01
7.180000000000000000e+02 4.096400000000000041e-01 4.530520000000000103e-01 5.079369999999999719e-01
7.190000000000000000e+02 4.096400000000000041e-01 4.530520000000000103e-01 5.079369999999999719e-01
7.200000000000000000e+02 4.096400000000000041e-01 4.530520000000000103e-01 5.079369999999999719e-01
7.210000000000000000e+02 4.096400000000000041e-01 4.530520000000000103e-01 5.079369999999999719e-01
7.220000000000000000e+02 4.096400000000000041e-01 4.530520000000000103e-01 5.079369999999999719e-01
7.230000000000000000e+02 4.096400000000000041e-01 4.530520000000000103e-01 5.079369999999999719e-01
7.240000000000000000e+02 4.096400000000000041e-01 4.530520000000000103e-01 5.079369999999999719e-01
7.250000000000000000e+02 4.096400000000000041e-01 4.530520000000000103e-01 5.079369999999999719e-01
7.260000000000000000e+02 4.096400000000000041e-01 4.530520000000000103e-01 5.079369999999999719e-01
7.270000000000000000e+02 4.096400000000000041e-01 4.530520000000000103e-01 5.079369999999999719e-01
7.280000000000000000e+02 4.096400000000000041e-01 4.530520000000000103e-01 5.079369999999999719e-01
7.290000000000000000e+02 4.096400000000000041e-01 4.530520000000000103e-01 5.079369999999999719e-01
7.300000000000000000e+02 4.096400000000000041e-01 4.530520000000000103e-01 5.079369999999999719e-01
7.310000000000000000e+02 4.096400000000000041e-01 4.530520000000000103e-01 5.079369999999999719e-01
7.320000000000000000e+02 4.096400000000000041e-01 4.530520000000000103e-01 5.079369999999999719e-01
7.330000000000000000e+02 4.096400000000000041e-01 4.530520000000000103e-01 5.079369999999999719e-01
7.340000000000000000e+02 4.096400000000000041e-01 4.530520000000000103e-01 5.079369999999999719e-01
7.350000000000000000e+02 4.096400000000000041e-01 4.530520000000000103e-01 5.079369999999999719e-01
7.360000000000000000e+02 4.096400000000000041e-01 4.530520000000000103e-01 5.079369999999999719e-01
7.370000000000000000e+02 4.096400000000000041e-01 4.530520000000000103e-01 5.079369999999999719e-01
7.380000000000000000e+02 4.096400000000000041e-01 4.530520000000000103e-01 5.079369999999999719e-01
7.390000000000000000e+02 4.096400000000000041e-01 4.530520000000000103e-01 5.079369999999999719e-01
7.400000000000000000e+02 4.096400000000000041e-01 4.530520000000000103e-01 5.079369999999999719e-01
7.410000000000000000e+02 4.096400000000000041e-01 4.530520000000000103e-01 5.079369999999999719e-01
7.420000000000000000e+02 4.096400000000000041e-01 4.530520000000000103e-01 5.079369999999999719e-01
7.430000000000000000e+02 4.096400000000000041e-01 4.530520000000000103e-01 5.079369999999999719e-01
7.440000000000000000e+02 4.096400000000000041e-01 4.530520000000000103e-01 5.079369999999999719e-01
7.450000000000000000e+02 4.096400000000000041e-01 4.530520000000000103e-01 5.079369999999999719e-01
7.460000000000000000e+02 4.096400000000000041e-01 4.530520000000000103e-01 5.079369999999999719e-01
7.470000000000000000e+02 4.096400000000000041e-01 4.530520000000000103e-01 5.079369999999999719e-01
7.480000000000000000e+02 4.096400000000000041e-01 4.530520000000000103e-01 5.079369999999999719e-01
7.490000000000000000e+02 4.096400000000000041e-01 4.530520000000000103e-01 5.079369999999999719e-01
7.500000000000000000e+02 4.096400000000000041e-01 4.530520000000000103e-01 5.079369999999999719e-01
7.510000000000000000e+02 4.096400000000000041e-01 4.530520000000000103e-01 5.079369999999999719e-01
7.520000000000000000e+02 4.096400000000000041e-01 4.530520000000000103e-01 5.079369999999999719e-01
7.530000000000000000e+02 4.096400000000000041e-01 4.530520000000000103e-01 5.079369999999999719e-01
7.540000000000000000e+02 4.096400000000000041e-01 4.530520000000000103e-01 5.079369999999999719e-01
7.550000000000000000e+02 4.096400000000000041e-01 4.530520000000000103e-01 5.079369999999999719e-01
7.560000000000000000e+02 4.096400000000000041e-01 4.530520000000000103e-01 5.079369999999999719e-01
7.570000000000000000e+02 4.096400000000000041e-01 4.530520000000000103e-01 5.079369999999999719e-01
7.580000000000000000e+02 4.096400000000000041e-01 4.530520000000000103e-01 5.079369999999999719e-01
7.590000000000000000e+02 4.096400000000000041e-01 4.530520000000000103e-01 5.079369999999999719e-01
7.600000000000000000e+02 4.096400000000000041e-01 4.530520000000000103e-01 5.079369999999999719e-01
7.610000000000000000e+02 4.096400000000000041e-01 4.530520000000000103e-01 5.079369999999999719e-01
7.620000000000000000e+02 4.096400000000000041e-01 4.530520000000000103e-01 5.079369999999999719e-01
7.630000000000000000e+02 4.096400000000000041e-01 4.530520000000000103e-01 5.079369999999999719e-01
7.640000000000000000e+02 4.096400000000000041e-01 4.530520000000000103e-01 5.079369999999999719e-01
7.650000000000000000e+02 4.096400000000000041e-01 4.530520000000000103e-01 5.079369999999999719e-01
7.660000000000000000e+02 4.096400000000000041e-01 4.530520000000000103e-01 5.079369999999999719e-01
7.670000000000000000e+02 4.096400000000000041e-01 4.530520000000000103e-01 5.079369999999999719e-01
7.680000000000000000e+02 4.096400000000000041e-01 4.530520000000000103e-01 5.079369999999999719e-01
7.690000000000000000e+02 4.096400000000000041e-01 4.530520000000000103e-01 5.079369999999999719e-01
7.700000000000000000e+02 4.096400000000000041e-01 4.530520000000000103e-01 5.079369999999999719e-01
7.710000000000000000e+02 4.096400000000000041e-01 4.530520000000000103e-01 5.079369999999999719e-01
7.720000000000000000e+02 4.096400000000000041e-01 4.530520000000000103e-01 5.079369999999999719e-01
7.730000000000000000e+02 4.096400000000000041e-01 4.530520000000000103e-01 5.079369999999999719e-01
7.740000000000000000e+02 4.096400000000000041e-01 4.530520000000000103e-01 5.079369999999999719e-01
7.750000000000000000e+02 4.096400000000000041e-01 4.530520000000000103e-01 5.079369999999999719e-01
7.760000000000000000e+02 4.096400000000000041e-01 4.530520000000000103e-01 5.079369999999999719e-01
7.770000000000000000e+02 4.096400000000000041e-01 4.530520000000000103e-01 5.079369999999999719e-01
7.780000000000000000e+02 4.096400000000000041e-01 4.530520000000000103e-01 5.079369999999999719e-01
7.790000000000000000e+02 4.096400000000000041e-01 4.530520000000000103e-01 5.079369999999999719e-01
7.800000000000000000e+02 4.096400000000000041e-01 4.530520000000000103e-01 5.079369999999999719e-01
7.810000000000000000e+02 4.096400000000000041e-01 4.530520000000000103e-01 5.079369999999999719e-01
7.820000000000000000e+02 4.096400000000000041e-01 4.530520000000000103e-01 5.079369999999999719e-01
7.830000000000000000e+02 4.096400000000000041e-01 4.530520000000000103e-01 5.079369999999999719e-01
7.840000000000000000e+02 4.096400000000000041e-01 4.530520000000000103e-01 5.079369999999999719e-01
7.850000000000000000e+02 4.096400000000000041e-01 4.530520000000000103e-01 5.079369999999999719e-01
7.860000000000000000e+02 4.096400000000000041e-01 4.530520000000000103e-01 5.079369999999999719e-01
7.870000000000000000e+02 4.096400000000000041e-01 4.530520000000000103e-01 5.079369999999999719e-01
7.880000000000000000e+02 4.096400000000000041e-01 4.530520000000000103e-01 5.079369999999999719e-01
7.890000000000000000e+02 4.096400000000000041e-01 4.530520000000000103e-01 5.079369999999999719e-01
7.900000000000000000e+02 4.096400000000000041e-01 4.530520000000000103e-01 5.079369999999999719e-01
7.910000000000000000e+02 4.096400000000000041e-01 4.530520000000000103e-01 5.079369999999999719e-01
7.920000000000000000e+02 4.096400000000000041e-01 4.530520000000000103e-01 5.079369999999999719e-01
7.930000000000000000e+02 4.096400000000000041e-01 4.530520000000000103e-01 5.079369999999999719e-01
7.940000000000000000e+02 4.096400000000000041e-01 4.530520000000000103e-01 5.079369999999999719e-01
7.950000000000000000e+02 4.096400000000000041e-01 4.530520000000000103e-01 5.079369999999999719e-01
7.960000000000000000e+02 4.096400000000000041e-01 4.530520000000000103e-01 5.079369999999999719e-01
7.970000000000000000e+02 4.096400000000000041e-01 4.530520000000000103e-01 5.079369999999999719e-01
7.980000000000000000e+02 4.096400000000000041e-01 4.530520000000000103e-01 5.079369999999999719e-01
7.990000000000000000e+02 4.096400000000000041e-01 4.530520000000000103e-01 5.079369999999999719e-01
8.000000000000000000e+02 4.096400000000000041e-01 4.530520000000000103e-01 5.079369999999999719e-01
8.010000000000000000e+02 4.096400000000000041e-01 4.530520000000000103e-01 5.079369999999999719e-01
8.020000000000000000e+02 4.096400000000000041e-01 4.530520000000000103e-01 5.079369999999999719e-01
8.030000000000000000e+02 4.096400000000000041e-01 4.530520000000000103e-01 5.079369999999999719e-01
8.040000000000000000e+02 4.096400000000000041e-01 4.530520000000000103e-01 5.079369999999999719e-01
8.050000000000000000e+02 4.096400000000000041e-01 4.530520000000000103e-01 5.079369999999999719e-01
8.060000000000000000e+02 4.096400000000000041e-01 4.530520000000000103e-01 5.079369999999999719e-01
8.070000000000000000e+02 4.096400000000000041e-01 4.530520000000000103e-01 5.079369999999999719e-01
8.080000000000000000e+02 4.096400000000000041e-01 4.530520000000000103e-01 5.079369999999999719e-01
8.090000000000000000e+02 4.096400000000000041e-01 4.530520000000000103e-01 5.079369999999999719e-01
8.100000000000000000e+02 4.096400000000000041e-01 4.530520000000000103e-01 5.079369999999999719e-01
8.110000000000000000e+02 4.096400000000000041e-01 4.530520000000000103e-01 5.079369999999999719e-01
8.120000000000000000e+02 4.096400000000000041e-01 4.530520000000000103e-01 5.079369999999999719e-01
8.130000000000000000e+02 4.096400000000000041e-01 4.530520000000000103e-01 5.079369999999999719e-01
8.140000000000000000e+02 4.096400000000000041e-01 4.530520000000000103e-01 5.079369999999999719e-01
8.150000000000000000e+02 4.096400000000000041e-01 4.530520000000000103e-01 5.079369999999999719e-01
8.160000000000000000e+02 4.096400000000000041e-01 4.530520000000000103e-01 5.079369999999999719e-01
8.170000000000000000e+02 4.096400000000000041e-01 4.530520000000000103e-01 5.079369999999999719e-01
8.180000000000000000e+02 4.096400000000000041e-01 4.530520000000000103e-01 5.079369999999999719e-01
8.190000000000000000e+02 4.096400000000000041e-01 4.530520000000000103e-01 5.079369999999999719e-01
8.200000000000000000e+02 4.096400000000000041e-01 4.530520000000000103e-01 5.079369999999999719e-01
8.210000000000000000e+02 4.096400000000000041e-01 4.530520000000000103e-01 5.079369999999999719e-01
8.220000000000000000e+02 4.096400000000000041e-01 4.530520000000000103e-01 5.079369999999999719e-01
8.230000000000000000e+02 4.096400000000000041e-01 4.530520000000000103e-01 5.079369999999999719e-01
8.240000000000000000e+02 4.096400000000000041e-01 4.530520000000000103e-01 5.079369999999999719e-01
8.250000000000000000e+02 4.096400000000000041e-01 4.530520000000000103e-01 5.079369999999999719e-01
8.260000000000000000e+02 4.096400000000000041e-01 4.530520000000000103e-01 5.079369999999999719e-01
8.270000000000000000e+02 4.096400000000000041e-01 4.530520000000000103e-01 5.079369999999999719e-01
8.280000000000000000e+02 4.096400000000000041e-01 4.530520000000000103e-01 5.079369999999999719e-01
8.290000000000000000e+02 4.096400000000000041e-01 4.530520000000000103e-01 5.079369999999999719e-01
8.300000000000000000e+02 4.096400000000000041e-01 4.530520000000000103e-01 5.079369999999999719e-01
8.310000000000000000e+02 4.096400000000000041e-01 4.530520000000000103e-01 5.079369999999999719e-01
8.320000000000000000e+02 4.096400000000000041e-01 4.530520000000000103e-01 5.079369999999999719e-01
8.330000000000000000e+02 4.096400000000000041e-01 4.530520000000000103e-01 5.079369999999999719e-01
8.340000000000000000e+02 4.096400000000000041e-01 4.530520000000000103e-01 5.079369999999999719e-01
8.350000000000000000e+02 4.096400000000000041e-01 4.530520000000000103e-01 5.079369999999999719e-01
8.360000000000000000e+02 4.096400000000000041e-01 4.530520000000000103e-01 5.079369999999999719e-01
8.370000000000000000e+02 4.096400000000000041e-01 4.530520000000000103e-01 5.079369999999999719e-01
8.380000000000000000e+02 4.096400000000000041e-01 4.530520000000000103e-01 5.079369999999999719e-01
8.390000000000000000e+02 4.096400000000000041e-01 4.530520000000000103e-01 5.079369999999999719e-01
8.400000000000000000e+02 4.096400000000000041e-01 4.530520000000000103e-01 5.079369999999999719e-01
8.410000000000000000e+02 4.096400000000000041e-01 4.530520000000000103e-01 5.079369999999999719e-01
8.420000000000000000e+02 4.096400000000000041e-01 4.530520000000000103e-01 5.079369999999999719e-01
8.430000000000000000e+02 4.096400000000000041e-01 4.530520000000000103e-01 5.079369999999999719e-01
8.440000000000000000e+02 4.096400000000000041e-01 4.530520000000000103e-01 5.079369999999999719e-01
8.450000000000000000e+02 4.096400000000000041e-01 4.530520000000000103e-01 5.079369999999999719e-01
8.460000000000000000e+02 4.096400000000000041e-01 4.530520000000000103e-01 5.079369999999999719e-01
8.470000000000000000e+02 4.096400000000000041e-01 4.530520000000000103e-01 5.079369999999999719e-01
8.480000000000000000e+02 4.096400000000000041e-01 4.530520000000000103e-01 5.079369999999999719e-01
8.490000000000000000e+02 4.096400000000000041e-01 4.530520000000000103e-01 5.079369999999999719e-01
8.500000000000000000e+02 4.096400000000000041e-01 4.530520000000000103e-01 5.079369999999999719e-01
8.510000000000000000e+02 4.096400000000000041e-01 4.530520000000000103e-01 5.079369999999999719e-01
8.520000000000000000e+02 4.096400000000000041e-01 4.530520000000000103e-01 5.079369999999999719e-01
8.530000000000000000e+02 4.096400000000000041e-01 4.530520000000000103e-01 5.079369999999999719e-01
8.540000000000000000e+02 4.096400000000000041e-01 4.530520000000000103e-01 5.079369999999999719e-01
8.550000000000000000e+02 4.096400000000000041e-01 4.530520000000000103e-01 5.079369999999999719e-01
8.560000000000000000e+02 4.096400000000000041e-01 4.530520000000000103e-01 5.079369999999999719e-01
8.570000000000000000e+02 4.096400000000000041e-01 4.530520000000000103e-01 5.079369999999999719e-01
8.580000000000000000e+02 4.096400000000000041e-01 4.530520000000000103e-01 5.079369999999999719e-01
8.590000000000000000e+02 4.096400000000000041e-01 4.530520000000000103e-01 5.079369999999999719e-01
8.600000000000000000e+02 4.096400000000000041e-01 4.530520000000000103e-01 5.079369999999999719e-01
8.610000000000000000e+02 4.096400000000000041e-01 4.530520000000000103e-01 5.079369999999999719e-01
8.620000000000000000e+02 4.096400000000000041e-01 4.530520000000000103e-01 5.079369999999999719e-01
8.630000000000000000e+02 4.096400000000000041e-01 4.530520000000000103e-01 5.079369999999999719e-01
8.640000000000000000e+02 4.096400000000000041e-01 4.530520000000000103e-01 5.079369999999999719e-01
8.650000000000000000e+02 4.096400000000000041e-01 4.530520000000000103e-01 5.079369999999999719e-01
8.660000000000000000e+02 4.096400000000000041e-01 4.530520000000000103e-01 5.079369999999999719e-01
8.670000000000000000e+02 4.096400000000000041e-01 4.530520000000000103e-01 5.079369999999999719e-01
8.680000000000000000e+02 4.096400000000000041e-01 4.530520000000000103e-01 5.079369999999999719e-01
8.690000000000000000e+02 4.096400000000000041e-01 4.530520000000000103e-01 5.079369999999999719e-01
8.700000000000000000e+02 4.096400000000000041e-01 4.530520000000000103e-01 5.079369999999999719e-01
8.710000000000000000e+02 4.096400000000000041e-01 4.530520000000000103e-01 5.079369999999999719e-01
8.720000000000000000e+02 4.096400000000000041e-01 4.530520000000000103e-01 5.079369999999999719e-01
8.730000000000000000e+02 4.096400000000000041e-01 4.530520000000000103e-01 5.079369999999999719e-01
8.740000000000000000e+02 4.096400000000000041e-01 4.530520000000000103e-01 5.079369999999999719e-01
8.750000000000000000e+02 4.096400000000000041e-01 4.530520000000000103e-01 5.079369999999999719e-01
8.760000000000000000e+02 4.096400000000000041e-01 4.530520000000000103e-01 5.079369999999999719e-01
8.770000000000000000e+02 4.096400000000000041e-01 4.530520000000000103e-01 5.079369999999999719e-01
8.780000000000000000e+02 4.096400000000000041e-01 4.530520000000000103e-01 5.079369999999999719e-01
8.790000000000000000e+02 4.096400000000000041e-01 4.530520000000000103e-01 5.079369999999999719e-01
8.800000000000000000e+02 4.096400000000000041e-01 4.530520000000000103e-01 5.079369999999999719e-01
8.810000000000000000e+02 4.096400000000000041e-01 4.530520000000000103e-01 5.079369999999999719e-01
8.820000000000000000e+02 4.096400000000000041e-01 4.530520000000000103e-01 5.079369999999999719e-01
8.830000000000000000e+02 4.096400000000000041e-01 4.530520000000000103e-01 5.079369999999999719e-01
8.840000000000000000e+02 4.096400000000000041e-01 4.530520000000000103e-01 5.079369999999999719e-01
8.850000000000000000e+02 4.096400000000000041e-01 4.530520000000000103e-01 5.079369999999999719e-01
8.860000000000000000e+02 4.096400000000000041e-01 4.530520000000000103e-01 5.079369999999999719e-01
8.870000000000000000e+02 4.096400000000000041e-01 4.530520000000000103e-01 5.079369999999999719e-01
8.880000000000000000e+02 4.096400000000000041e-01 4.530520000000000103e-01 5.079369999999999719e-01
8.890000000000000000e+02 4.096400000000000041e-01 4.530520000000000103e-01 5.079369999999999719e-01
8.900000000000000000e+02 4.096400000000000041e-01 4.530520000000000103e-01 5.079369999999999719e-01
8.910000000000000000e+02 4.096400000000000041e-01 4.530520000000000103e-01 5.079369999999999719e-01
8.920000000000000000e+02 4.096400000000000041e-01 4.530520000000000103e-01 5.079369999999999719e-01
8.930000000000000000e+02 4.096400000000000041e-01 4.530520000000000103e-01 5.079369999999999719e-01
8.940000000000000000e+02 4.096400000000000041e-01 4.530520000000000103e-01 5.079369999999999719e-01
8.950000000000000000e+02 4.096400000000000041e-01 4.530520000000000103e-01 5.079369999999999719e-01
8.960000000000000000e+02 4.096400000000000041e-01 4.530520000000000103e-01 5.079369999999999719e-01
8.970000000000000000e+02 4.096400000000000041e-01 4.530520000000000103e-01 5.079369999999999719e-01
8.980000000000000000e+02 4.096400000000000041e-01 4.530520000000000103e-01 5.079369999999999719e-01
8.990000000000000000e+02 4.096400000000000041e-01 4.530520000000000103e-01 5.079369999999999719e-01
9.000000000000000000e+02 4.096400000000000041e-01 4.530520000000000103e-01 5.079369999999999719e-01
9.010000000000000000e+02 4.096400000000000041e-01 4.530520000000000103e-01 5.079369999999999719e-01
9.020000000000000000e+02 4.096400000000000041e-01 4.530520000000000103e-01 5.079369999999999719e-01
9.030000000000000000e+02 4.096400000000000041e-01 4.530520000000000103e-01 5.079369999999999719e-01
9.040000000000000000e+02 4.096400000000000041e-01 4.530520000000000103e-01 5.079369999999999719e-01
9.050000000000000000e+02 4.096400000000000041e-01 4.530520000000000103e-01 5.079369999999999719e-01
9.060000000000000000e+02 4.096400000000000041e-01 4.530520000000000103e-01 5.079369999999999719e-01
9.070000000000000000e+02 4.096400000000000041e-01 4.530520000000000103e-01 5.079369999999999719e-01
9.080000000000000000e+02 4.096400000000000041e-01 4.530520000000000103e-01 5.079369999999999719e-01
9.090000000000000000e+02 4.096400000000000041e-01 4.530520000000000103e-01 5.079369999999999719e-01
9.100000000000000000e+02 4.096400000000000041e-01 4.530520000000000103e-01 5.079369999999999719e-01
9.110000000000000000e+02 4.096400000000000041e-01 4.530520000000000103e-01 5.079369999999999719e-01
9.120000000000000000e+02 4.096400000000000041e-01 4.530520000000000103e-01 5.079369999999999719e-01
9.130000000000000000e+02 4.096400000000000041e-01 4.530520000000000103e-01 5.079369999999999719e-01
9.140000000000000000e+02 4.096400000000000041e-01 4.530520000000000103e-01 5.079369999999999719e-01
9.150000000000000000e+02 4.096400000000000041e-01 4.530520000000000103e-01 5.079369999999999719e-01
9.160000000000000000e+02 4.096400000000000041e-01 4.530520000000000103e-01 5.079369999999999719e-01
9.170000000000000000e+02 4.096400000000000041e-01 4.530520000000000103e-01 5.079369999999999719e-01
9.180000000000000000e+02 4.096400000000000041e-01 4.530520000000000103e-01 5.079369999999999719e-01
9.190000000000000000e+02 4.096400000000000041e-01 4.530520000000000103e-01 5.079369999999999719e-01
9.200000000000000000e+02 4.096400000000000041e-01 4.530520000000000103e-01 5.079369999999999719e-01
9.210000000000000000e+02 4.096400000000000041e-01 4.530520000000000103e-01 5.079369999999999719e-01
9.220000000000000000e+02 4.096400000000000041e-01 4.530520000000000103e-01 5.079369999999999719e-01
9.230000000000000000e+02 4.096400000000000041e-01 4.530520000000000103e-01 5.079369999999999719e-01
9.240000000000000000e+02 4.096400000000000041e-01 4.530520000000000103e-01 5.079369999999999719e-01
9.250000000000000000e+02 4.096400000000000041e-01 4.530520000000000103e-01 5.079369999999999719e-01
9.260000000000000000e+02 4.096400000000000041e-01 4.530520000000000103e-01 5.079369999999999719e-01
9.270000000000000000e+02 4.096400000000000041e-01 4.530520000000000103e-01 5.079369999999999719e-01
9.280000000000000000e+02 4.096400000000000041e-01 4.530520000000000103e-01 5.079369999999999719e-01
9.290000000000000000e+02 4.096400000000000041e-01 4.530520000000000103e-01 5.079369999999999719e-01
9.300000000000000000e+02 4.096400000000000041e-01 4.530520000000000103e-01 5.079369999999999719e-01
9.310000000000000000e+02 4.096400000000000041e-01 4.530520000000000103e-01 5.079369999999999719e-01
9.320000000000000000e+02 4.096400000000000041e-01 4.530520000000000103e-01 5.079369999999999719e-01
9.330000000000000000e+02 4.096400000000000041e-01 4.530520000000000103e-01 5.079369999999999719e-01
9.340000000000000000e+02 4.096400000000000041e-01 4.530520000000000103e-01 5.079369999999999719e-01
9.350000000000000000e+02 4.096400000000000041e-01 4.530520000000000103e-01 5.079369999999999719e-01
9.360000000000000000e+02 4.096400000000000041e-01 4.530520000000000103e-01 5.079369999999999719e-01
9.370000000000000000e+02 4.096400000000000041e-01 4.530520000000000103e-01 5.079369999999999719e-01
9.380000000000000000e+02 4.096400000000000041e-01 4.530520000000000103e-01 5.079369999999999719e-01
9.390000000000000000e+02 4.096400000000000041e-01 4.530520000000000103e-01 5.079369999999999719e-01
9.400000000000000000e+02 4.096400000000000041e-01 4.530520000000000103e-01 5.079369999999999719e-01
9.410000000000000000e+02 4.096400000000000041e-01 4.530520000000000103e-01 5.079369999999999719e-01
9.420000000000000000e+02 4.096400000000000041e-01 4.530520000000000103e-01 5.079369999999999719e-01
9.430000000000000000e+02 4.096400000000000041e-01 4.530520000000000103e-01 5.079369999999999719e-01
9.440000000000000000e+02 4.096400000000000041e-01 4.530520000000000103e-01 5.079369999999999719e-01
9.450000000000000000e+02 4.096400000000000041e-01 4.530520000000000103e-01 5.079369999999999719e-01
9.460000000000000000e+02 4.096400000000000041e-01 4.530520000000000103e-01 5.079369999999999719e-01
9.470000000000000000e+02 4.096400000000000041e-01 4.530520000000000103e-01 5.079369999999999719e-01
9.480000000000000000e+02 4.096400000000000041e-01 4.530520000000000103e-01 5.079369999999999719e-01
9.490000000000000000e+02 4.096400000000000041e-01 4.530520000000000103e-01 5.079369999999999719e-01
9.500000000000000000e+02 4.096400000000000041e-01 4.530520000000000103e-01 5.079369999999999719e-01
9.510000000000000000e+02 4.096400000000000041e-01 4.530520000000000103e-01 5.079369999999999719e-01
9.520000000000000000e+02 4.096400000000000041e-01 4.530520000000000103e-01 5.079369999999999719e-01
9.530000000000000000e+02 4.096400000000000041e-01 4.530520000000000103e-01 5.079369999999999719e-01
9.540000000000000000e+02 4.096400000000000041e-01 4.530520000000000103e-01 5.079369999999999719e-01
9.550000000000000000e+02 4.096400000000000041e-01 4.530520000000000103e-01 5.079369999999999719e-01
9.560000000000000000e+02 4.096400000000000041e-01 4.530520000000000103e-01 5.079369999999999719e-01
9.570000000000000000e+02 4.096400000000000041e-01 4.530520000000000103e-01 5.079369999999999719e-01
9.580000000000000000e+02 4.096400000000000041e-01 4.530520000000000103e-01 5.079369999999999719e-01
9.590000000000000000e+02 4.096400000000000041e-01 4.530520000000000103e-01 5.079369999999999719e-01
9.600000000000000000e+02 4.096400000000000041e-01 4.530520000000000103e-01 5.079369999999999719e-01
9.610000000000000000e+02 4.096400000000000041e-01 4.530520000000000103e-01 5.079369999999999719e-01
9.620000000000000000e+02 4.096400000000000041e-01 4.530520000000000103e-01 5.079369999999999719e-01
9.630000000000000000e+02 4.096400000000000041e-01 4.530520000000000103e-01 5.079369999999999719e-01
9.640000000000000000e+02 4.096400000000000041e-01 4.530520000000000103e-01 5.079369999999999719e-01
9.650000000000000000e+02 4.096400000000000041e-01 4.530520000000000103e-01 5.079369999999999719e-01
9.660000000000000000e+02 4.096400000000000041e-01 4.530520000000000103e-01 5.079369999999999719e-01
9.670000000000000000e+02 4.096400000000000041e-01 4.530520000000000103e-01 5.079369999999999719e-01
9.680000000000000000e+02 4.096400000000000041e-01 4.530520000000000103e-01 5.079369999999999719e-01
9.690000000000000000e+02 4.096400000000000041e-01 4.530520000000000103e-01 5.079369999999999719e-01
9.700000000000000000e+02 4.096400000000000041e-01 4.530520000000000103e-01 5.079369999999999719e-01
9.710000000000000000e+02 4.096400000000000041e-01 4.530520000000000103e-01 5.079369999999999719e-01
9.720000000000000000e+02 4.096400000000000041e-01 4.530520000000000103e-01 5.079369999999999719e-01
9.730000000000000000e+02 4.096400000000000041e-01 4.530520000000000103e-01 5.079369999999999719e-01
9.740000000000000000e+02 4.096400000000000041e-01 4.530520000000000103e-01 5.079369999999999719e-01
9.750000000000000000e+02 4.096400000000000041e-01 4.530520000000000103e-01 5.079369999999999719e-01
9.760000000000000000e+02 4.096400000000000041e-01 4.530520000000000103e-01 5.079369999999999719e-01
9.770000000000000000e+02 4.096400000000000041e-01 4.530520000000000103e-01 5.079369999999999719e-01
9.780000000000000000e+02 4.096400000000000041e-01 4.530520000000000103e-01 5.079369999999999719e-01
9.790000000000000000e+02 4.096400000000000041e-01 4.530520000000000103e-01 5.079369999999999719e-01
9.800000000000000000e+02 4.096400000000000041e-01 4.530520000000000103e-01 5.079369999999999719e-01
9.810000000000000000e+02 4.096400000000000041e-01 4.530520000000000103e-01 5.079369999999999719e-01
9.820000000000000000e+02 4.096400000000000041e-01 4.530520000000000103e-01 5.079369999999999719e-01
9.830000000000000000e+02 4.096400000000000041e-01 4.530520000000000103e-01 5.079369999999999719e-01
9.840000000000000000e+02 4.096400000000000041e-01 4.530520000000000103e-01 5.079369999999999719e-01
9.850000000000000000e+02 4.096400000000000041e-01 4.530520000000000103e-01 5.079369999999999719e-01
9.860000000000000000e+02 4.096400000000000041e-01 4.530520000000000103e-01 5.079369999999999719e-01
9.870000000000000000e+02 4.096400000000000041e-01 4.530520000000000103e-01 5.079369999999999719e-01
9.880000000000000000e+02 4.096400000000000041e-01 4.530520000000000103e-01 5.079369999999999719e-01
9.890000000000000000e+02 4.096400000000000041e-01 4.530520000000000103e-01 5.079369999999999719e-01
9.900000000000000000e+02 4.096400000000000041e-01 4.530520000000000103e-01 5.079369999999999719e-01
9.910000000000000000e+02 4.096400000000000041e-01 4.530520000000000103e-01 5.079369999999999719e-01
9.920000000000000000e+02 4.096400000000000041e-01 4.530520000000000103e-01 5.079369999999999719e-01
9.930000000000000000e+02 4.096400000000000041e-01 4.530520000000000103e-01 5.079369999999999719e-01
9.940000000000000000e+02 4.096400000000000041e-01 4.530520000000000103e-01 5.079369999999999719e-01
9.950000000000000000e+02 4.096400000000000041e-01 4.530520000000000103e-01 5.079369999999999719e-01
9.960000000000000000e+02 4.096400000000000041e-01 4.530520000000000103e-01 5.079369999999999719e-01
9.970000000000000000e+02 4.096400000000000041e-01 4.530520000000000103e-01 5.079369999999999719e-01
9.980000000000000000e+02 4.096400000000000041e-01 4.530520000000000103e-01 5.079369999999999719e-01
9.990000000000000000e+02 4.096400000000000041e-01 4.530520000000000103e-01 5.079369999999999719e-01
1.000000000000000000e+03 4.096400000000000041e-01 4.530520000000000103e-01 5.079369999999999719e-01
1.001000000000000000e+03 4.096400000000000041e-01 4.530520000000000103e-01 5.079369999999999719e-01
1.002000000000000000e+03 4.096400000000000041e-01 4.530520000000000103e-01 5.079369999999999719e-01
1.003000000000000000e+03 4.096400000000000041e-01 4.530520000000000103e-01 5.079369999999999719e-01
1.004000000000000000e+03 4.096400000000000041e-01 4.530520000000000103e-01 5.079369999999999719e-01
1.005000000000000000e+03 4.096400000000000041e-01 4.530520000000000103e-01 5.079369999999999719e-01
1.006000000000000000e+03 4.096400000000000041e-01 4.530520000000000103e-01 5.079369999999999719e-01
1.007000000000000000e+03 4.096400000000000041e-01 4.530520000000000103e-01 5.079369999999999719e-01
1.008000000000000000e+03 4.096400000000000041e-01 4.530520000000000103e-01 5.079369999999999719e-01
1.009000000000000000e+03 4.096400000000000041e-01 4.530520000000000103e-01 5.079369999999999719e-01
