1.000000000000000000e+01 -5.387800000000000228e-02 -8.288000000000000228e-03 4.765099999999999891e-02
1.100000000000000000e+01 -4.563699999999999701e-02 2.919999999999999961e-04 5.421200000000000324e-02
1.200000000000000000e+01 -4.608700000000000296e-02 -1.165999999999999936e-03 5.066600000000000270e-02
1.300000000000000000e+01 -3.802500000000000324e-02 6.137000000000000094e-03 5.635500000000000231e-02
1.400000000000000000e+01 -3.845200000000000007e-02 1.167499999999999961e-02 6.177300000000000152e-02
1.500000000000000000e+01 -4.765799999999999897e-02 4.298999999999999870e-03 5.258100000000000274e-02
1.600000000000000000e+01 -3.932299999999999685e-02 9.509000000000000091e-03 6.033499999999999974e-02
1.700000000000000000e+01 -3.103699999999999862e-02 1.739599999999999827e-02 6.902700000000000502e-02
1.800000000000000000e+01 -2.986300000000000066e-02 2.049899999999999986e-02 6.982800000000000118e-02
1.900000000000000000e+01 -2.342299999999999938e-02 2.704200000000000007e-02 7.586600000000000288e-02
2.000000000000000000e+01 -2.322000000000000106e-02 2.401700000000000015e-02 7.570399999999999352e-02
2.100000000000000000e+01 -1.274400000000000012e-02 3.013800000000000159e-02 8.715399999999999536e-02
2.200000000000000000e+01 -4.636999999999999629e-03 4.109299999999999758e-02 9.623800000000000410e-02
2.300000000000000000e+01 -4.406000000000000194e-03 4.481799999999999673e-02 9.418999999999999595e-02
2.400000000000000000e+01 -1.791999999999999973e-03 4.695699999999999874e-02 9.725200000000000511e-02
2.500000000000000000e+01 2.369999999999999874e-04 4.893900000000000333e-02 9.877900000000000569e-02
2.600000000000000000e+01 7.209000000000000130e-03 5.523100000000000231e-02 1.060159999999999991e-01
2.700000000000000000e+01 6.952999999999999979e-03 5.640699999999999881e-02 1.056359999999999938e-01
2.800000000000000000e+01 1.084800000000000000e-02 5.871599999999999736e-02 1.100489999999999940e-01
2.900000000000000000e+01 1.695100000000000079e-02 6.370499999999999774e-02 1.168219999999999953e-01
3.000000000000000000e+01 1.939199999999999952e-02 6.683799999999999464e-02 1.178919999999999968e-01
3.100000000000000000e+01 2.595499999999999891e-02 7.383399999999999685e-02 1.245890000000000053e-01
3.200000000000000000e+01 2.851800000000000168e-02 7.688599999999999601e-02 1.292250000000000065e-01
3.300000000000000000e+01 2.858399999999999830e-02 7.736600000000000421e-02 1.288650000000000073e-01
3.400000000000000000e+01 3.154400000000000259e-02 7.941299999999999748e-02 1.317939999999999945e-01
3.500000000000000000e+01 3.548599999999999671e-02 8.264699999999999824e-02 1.358600000000000085e-01
3.600000000000000000e+01 3.868300000000000211e-02 8.659999999999999643e-02 1.383580000000000088e-01
3.700000000000000000e+01 4.104200000000000209e-02 8.951399999999999635e-02 1.418270000000000086e-01
3.800000000000000000e+01 4.606299999999999978e-02 9.465200000000000002e-02 1.472499999999999920e-01
3.900000000000000000e+01 4.998699999999999671e-02 9.806199999999999639e-02 1.507400000000000129e-01
4.000000000000000000e+01 5.501299999999999940e-02 1.017900000000000055e-01 1.559500000000000053e-01
4.100000000000000000e+01 5.788299999999999695e-02 1.039780000000000010e-01 1.595199999999999951e-01
4.200000000000000000e+01 6.256200000000000649e-02 1.091160000000000047e-01 1.637339999999999907e-01
4.300000000000000000e+01 6.522799999999999432e-02 1.136370000000000019e-01 1.652899999999999925e-01
4.400000000000000000e+01 6.567499999999999727e-02 1.142869999999999997e-01 1.660129999999999939e-01
4.500000000000000000e+01 6.570299999999999752e-02 1.143939999999999957e-01 1.656340000000000034e-01
4.600000000000000000e+01 7.034700000000000675e-02 1.181450000000000000e-01 1.704960000000000087e-01
4.700000000000000000e+01 7.481300000000000450e-02 1.225900000000000045e-01 1.760629999999999973e-01
4.800000000000000000e+01 7.963399999999999646e-02 1.273040000000000005e-01 1.811170000000000002e-01
4.900000000000000000e+01 8.136999999999999789e-02 1.281069999999999987e-01 1.817650000000000099e-01
5.000000000000000000e+01 8.598100000000000187e-02 1.322109999999999952e-01 1.866790000000000116e-01
5.100000000000000000e+01 8.960100000000000009e-02 1.372480000000000089e-01 1.906090000000000007e-01
5.200000000000000000e+01 9.184799999999999909e-02 1.395879999999999899e-01 1.933100000000000096e-01
5.300000000000000000e+01 9.473800000000000276e-02 1.425609999999999933e-01 1.965590000000000115e-01
5.400000000000000000e+01 9.510499999999999510e-02 1.435400000000000009e-01 1.965600000000000125e-01
5.500000000000000000e+01 9.717000000000000637e-02 1.448240000000000083e-01 1.979390000000000038e-01
5.600000000000000000e+01 1.026689999999999964e-01 1.502229999999999954e-01 2.037760000000000127e-01
5.700000000000000000e+01 1.046979999999999994e-01 1.527249999999999996e-01 2.058379999999999932e-01
5.800000000000000000e+01 1.076730000000000048e-01 1.552669999999999884e-01 2.089449999999999918e-01
5.900000000000000000e+01 1.120540000000000008e-01 1.599230000000000096e-01 2.135209999999999886e-01
6.000000000000000000e+01 1.139919999999999961e-01 1.614299999999999902e-01 2.155880000000000019e-01
6.100000000000000000e+01 1.195360000000000034e-01 1.656219999999999914e-01 2.213479999999999892e-01
6.200000000000000000e+01 1.215040000000000009e-01 1.688649999999999873e-01 2.236059999999999992e-01
6.300000000000000000e+01 1.225090000000000068e-01 1.701529999999999987e-01 2.245989999999999931e-01
6.400000000000000000e+01 1.249350000000000044e-01 1.722349999999999992e-01 2.263080000000000092e-01
6.500000000000000000e+01 1.293590000000000018e-01 1.766369999999999885e-01 2.307250000000000134e-01
6.600000000000000000e+01 1.313479999999999925e-01 1.793730000000000047e-01 2.329549999999999954e-01
6.700000000000000000e+01 1.342250000000000110e-01 1.819030000000000091e-01 2.359519999999999951e-01
6.800000000000000000e+01 1.368119999999999892e-01 1.839649999999999896e-01 2.388210000000000055e-01
6.900000000000000000e+01 1.412760000000000127e-01 1.879919999999999924e-01 2.429989999999999928e-01
7.000000000000000000e+01 1.442650000000000043e-01 1.912540000000000073e-01 2.457940000000000125e-01
7.100000000000000000e+01 1.449070000000000080e-01 1.924539999999999862e-01 2.466669999999999974e-01
7.200000000000000000e+01 1.474070000000000102e-01 1.947000000000000119e-01 2.493080000000000018e-01
7.300000000000000000e+01 1.502699999999999869e-01 1.978890000000000093e-01 2.520519999999999983e-01
7.400000000000000000e+01 1.540209999999999912e-01 2.009779999999999900e-01 2.554910000000000236e-01
7.500000000000000000e+01 1.565630000000000077e-01 2.035990000000000022e-01 2.580689999999999928e-01
7.600000000000000000e+01 1.585590000000000055e-01 2.056060000000000110e-01 2.605049999999999866e-01
7.700000000000000000e+01 1.629160000000000053e-01 2.095049999999999968e-01 2.652559999999999918e-01
7.800000000000000000e+01 1.663209999999999966e-01 2.123490000000000100e-01 2.682390000000000052e-01
7.900000000000000000e+01 1.681600000000000039e-01 2.152030000000000054e-01 2.694289999999999741e-01
8.000000000000000000e+01 1.693749999999999978e-01 2.168309999999999960e-01 2.710750000000000104e-01
8.100000000000000000e+01 1.718989999999999962e-01 2.189429999999999987e-01 2.737269999999999981e-01
8.200000000000000000e+01 1.751070000000000126e-01 2.221440000000000081e-01 2.764280000000000070e-01
8.300000000000000000e+01 1.780770000000000131e-01 2.251039999999999985e-01 2.796890000000000209e-01
8.400000000000000000e+01 1.811270000000000102e-01 2.275369999999999893e-01 2.828459999999999863e-01
8.500000000000000000e+01 1.840539999999999954e-01 2.308689999999999909e-01 2.857180000000000275e-01
8.600000000000000000e+01 1.857080000000000120e-01 2.329549999999999954e-01 2.874470000000000081e-01
8.700000000000000000e+01 1.866909999999999958e-01 2.339140000000000108e-01 2.885610000000000119e-01
8.800000000000000000e+01 1.901750000000000107e-01 2.366429999999999922e-01 2.918990000000000196e-01
8.900000000000000000e+01 1.933199999999999918e-01 2.396780000000000022e-01 2.948950000000000182e-01
9.000000000000000000e+01 1.954500000000000126e-01 2.422519999999999951e-01 2.966400000000000148e-01
9.100000000000000000e+01 1.979609999999999981e-01 2.447819999999999996e-01 2.990229999999999833e-01
9.200000000000000000e+01 2.006439999999999890e-01 2.475829999999999975e-01 3.017020000000000257e-01
9.300000000000000000e+01 2.036330000000000084e-01 2.503549999999999942e-01 3.048250000000000126e-01
9.400000000000000000e+01 2.061610000000000109e-01 2.525540000000000007e-01 3.076999999999999735e-01
9.500000000000000000e+01 2.091800000000000048e-01 2.558300000000000018e-01 3.105870000000000020e-01
9.600000000000000000e+01 2.110160000000000091e-01 2.577980000000000271e-01 3.122989999999999933e-01
9.700000000000000000e+01 2.138249999999999873e-01 2.601829999999999976e-01 3.150919999999999832e-01
9.800000000000000000e+01 2.163980000000000070e-01 2.627579999999999916e-01 3.174730000000000052e-01
9.900000000000000000e+01 2.183799999999999908e-01 2.651370000000000116e-01 3.194449999999999790e-01
1.000000000000000000e+02 2.207689999999999930e-01 2.675739999999999785e-01 3.216860000000000275e-01
1.010000000000000000e+02 2.225459999999999938e-01 2.693570000000000131e-01 3.234770000000000145e-01
1.020000000000000000e+02 2.254140000000000033e-01 2.719170000000000198e-01 3.264790000000000192e-01
1.030000000000000000e+02 2.278719999999999912e-01 2.745270000000000210e-01 3.289290000000000269e-01
1.040000000000000000e+02 2.308510000000000006e-01 2.775639999999999774e-01 3.317590000000000261e-01
1.050000000000000000e+02 2.326870000000000049e-01 2.794130000000000225e-01 3.335960000000000036e-01
1.060000000000000000e+02 2.345899999999999930e-01 2.813320000000000265e-01 3.358959999999999724e-01
1.070000000000000000e+02 2.367100000000000037e-01 2.833350000000000035e-01 3.377279999999999727e-01
1.080000000000000000e+02 2.405990000000000073e-01 2.870260000000000034e-01 3.413329999999999975e-01
1.090000000000000000e+02 2.421810000000000074e-01 2.891469999999999874e-01 3.428640000000000021e-01
1.100000000000000000e+02 2.442159999999999886e-01 2.911090000000000066e-01 3.451239999999999863e-01
1.110000000000000000e+02 2.462409999999999877e-01 2.927190000000000070e-01 3.473749999999999893e-01
1.120000000000000000e+02 2.491559999999999886e-01 2.958120000000000194e-01 3.499450000000000061e-01
1.130000000000000000e+02 2.507269999999999777e-01 2.975860000000000172e-01 3.515800000000000036e-01
1.140000000000000000e+02 2.528529999999999944e-01 2.995869999999999922e-01 3.538390000000000146e-01
1.150000000000000000e+02 2.550839999999999774e-01 3.015570000000000195e-01 3.561309999999999754e-01
1.160000000000000000e+02 2.574199999999999822e-01 3.040289999999999937e-01 3.583370000000000166e-01
1.170000000000000000e+02 2.590689999999999937e-01 3.060689999999999800e-01 3.600789999999999824e-01
1.180000000000000000e+02 2.617140000000000022e-01 3.085729999999999862e-01 3.625180000000000069e-01
1.190000000000000000e+02 2.640489999999999782e-01 3.107179999999999942e-01 3.646469999999999989e-01
1.200000000000000000e+02 2.662370000000000014e-01 3.127090000000000147e-01 3.667699999999999849e-01
1.210000000000000000e+02 2.685620000000000229e-01 3.150950000000000140e-01 3.687110000000000110e-01
1.220000000000000000e+02 2.706680000000000197e-01 3.173639999999999795e-01 3.706659999999999955e-01
1.230000000000000000e+02 2.729920000000000124e-01 3.195680000000000187e-01 3.733529999999999904e-01
1.240000000000000000e+02 2.748539999999999872e-01 3.214640000000000275e-01 3.752469999999999972e-01
1.250000000000000000e+02 2.773169999999999802e-01 3.236140000000000128e-01 3.777659999999999907e-01
1.260000000000000000e+02 2.799039999999999861e-01 3.264889999999999737e-01 3.804069999999999951e-01
1.270000000000000000e+02 2.817580000000000084e-01 3.286899999999999822e-01 3.819279999999999897e-01
1.280000000000000000e+02 2.838030000000000275e-01 3.303849999999999842e-01 3.837840000000000140e-01
1.290000000000000000e+02 2.862649999999999917e-01 3.328039999999999887e-01 3.864699999999999802e-01
1.300000000000000000e+02 2.877460000000000018e-01 3.347439999999999860e-01 3.883179999999999965e-01
1.310000000000000000e+02 2.892609999999999904e-01 3.360560000000000214e-01 3.893389999999999906e-01
1.320000000000000000e+02 2.920079999999999898e-01 3.385059999999999736e-01 3.918650000000000189e-01
1.330000000000000000e+02 2.938870000000000093e-01 3.405219999999999914e-01 3.942800000000000193e-01
1.340000000000000000e+02 2.957040000000000224e-01 3.423249999999999904e-01 3.960770000000000124e-01
1.350000000000000000e+02 2.976889999999999814e-01 3.443970000000000087e-01 3.977970000000000117e-01
1.360000000000000000e+02 2.996940000000000159e-01 3.462660000000000182e-01 3.995989999999999820e-01
1.370000000000000000e+02 3.023279999999999856e-01 3.486819999999999919e-01 4.023439999999999794e-01
1.380000000000000000e+02 3.039180000000000215e-01 3.504459999999999797e-01 4.039820000000000078e-01
1.390000000000000000e+02 3.059189999999999965e-01 3.527379999999999960e-01 4.057910000000000128e-01
1.400000000000000000e+02 3.074359999999999871e-01 3.544140000000000068e-01 4.072700000000000209e-01
1.410000000000000000e+02 3.091780000000000084e-01 3.558290000000000064e-01 4.089619999999999922e-01
1.420000000000000000e+02 3.108739999999999837e-01 3.575240000000000085e-01 4.108850000000000002e-01
1.430000000000000000e+02 3.121880000000000210e-01 3.590209999999999790e-01 4.122449999999999726e-01
1.440000000000000000e+02 3.149939999999999962e-01 3.613629999999999898e-01 4.144880000000000231e-01
1.450000000000000000e+02 3.174080000000000235e-01 3.640200000000000102e-01 4.168560000000000043e-01
1.460000000000000000e+02 3.189159999999999773e-01 3.657489999999999908e-01 4.185659999999999936e-01
1.470000000000000000e+02 3.209850000000000203e-01 3.673420000000000019e-01 4.205329999999999901e-01
1.480000000000000000e+02 3.226019999999999999e-01 3.689709999999999934e-01 4.220769999999999800e-01
1.490000000000000000e+02 3.249079999999999746e-01 3.712929999999999842e-01 4.240670000000000273e-01
1.500000000000000000e+02 3.267979999999999774e-01 3.732449999999999934e-01 4.261329999999999840e-01
1.510000000000000000e+02 3.283659999999999912e-01 3.748770000000000158e-01 4.278509999999999813e-01
1.520000000000000000e+02 3.300759999999999805e-01 3.766039999999999943e-01 4.295269999999999921e-01
1.530000000000000000e+02 3.321339999999999848e-01 3.786240000000000161e-01 4.316249999999999809e-01
1.540000000000000000e+02 3.334500000000000242e-01 3.800129999999999897e-01 4.332010000000000027e-01
1.550000000000000000e+02 3.351970000000000227e-01 3.817309999999999870e-01 4.348770000000000135e-01
1.560000000000000000e+02 3.370770000000000155e-01 3.834080000000000266e-01 4.366280000000000161e-01
1.570000000000000000e+02 3.385730000000000128e-01 3.850290000000000101e-01 4.382739999999999969e-01
1.580000000000000000e+02 3.398010000000000197e-01 3.863739999999999952e-01 4.393870000000000275e-01
1.590000000000000000e+02 3.413050000000000250e-01 3.879810000000000203e-01 4.407349999999999879e-01
1.600000000000000000e+02 3.427760000000000251e-01 3.894989999999999841e-01 4.422550000000000092e-01
1.610000000000000000e+02 3.439599999999999880e-01 3.904940000000000078e-01 4.433360000000000078e-01
1.620000000000000000e+02 3.460070000000000090e-01 3.923090000000000188e-01 4.452670000000000239e-01
1.630000000000000000e+02 3.478140000000000120e-01 3.943369999999999931e-01 4.471289999999999987e-01
1.640000000000000000e+02 3.492000000000000104e-01 3.958430000000000004e-01 4.484679999999999778e-01
1.650000000000000000e+02 3.506040000000000267e-01 3.972029999999999728e-01 4.497880000000000211e-01
1.660000000000000000e+02 3.522569999999999868e-01 3.985529999999999906e-01 4.512769999999999837e-01
1.670000000000000000e+02 3.539729999999999821e-01 4.002109999999999834e-01 4.530159999999999743e-01
1.680000000000000000e+02 3.556380000000000097e-01 4.019769999999999732e-01 4.546450000000000213e-01
1.690000000000000000e+02 3.569350000000000023e-01 4.034349999999999881e-01 4.560670000000000002e-01
1.700000000000000000e+02 3.579030000000000267e-01 4.046069999999999944e-01 4.571089999999999876e-01
1.710000000000000000e+02 3.592890000000000250e-01 4.057419999999999916e-01 4.583380000000000232e-01
1.720000000000000000e+02 3.612070000000000003e-01 4.074559999999999849e-01 4.601009999999999822e-01
1.730000000000000000e+02 3.627580000000000249e-01 4.089840000000000142e-01 4.617419999999999858e-01
1.740000000000000000e+02 3.637699999999999823e-01 4.102299999999999836e-01 4.628950000000000009e-01
1.750000000000000000e+02 3.651460000000000261e-01 4.116790000000000171e-01 4.642470000000000208e-01
1.760000000000000000e+02 3.662839999999999985e-01 4.126679999999999793e-01 4.653220000000000134e-01
1.770000000000000000e+02 3.679910000000000125e-01 4.141940000000000066e-01 4.669400000000000217e-01
1.780000000000000000e+02 3.691820000000000102e-01 4.155130000000000212e-01 4.680929999999999813e-01
1.790000000000000000e+02 3.701619999999999910e-01 4.165530000000000066e-01 4.691719999999999779e-01
1.800000000000000000e+02 3.714950000000000196e-01 4.177199999999999802e-01 4.703789999999999916e-01
1.810000000000000000e+02 3.732389999999999874e-01 4.193919999999999870e-01 4.720380000000000131e-01
1.820000000000000000e+02 3.743210000000000148e-01 4.206469999999999931e-01 4.731609999999999983e-01
1.830000000000000000e+02 3.756229999999999847e-01 4.220130000000000270e-01 4.744820000000000149e-01
1.840000000000000000e+02 3.767670000000000186e-01 4.231980000000000186e-01 4.757310000000000150e-01
1.850000000000000000e+02 3.781320000000000237e-01 4.244220000000000215e-01 4.770559999999999801e-01
1.860000000000000000e+02 3.792220000000000035e-01 4.254859999999999753e-01 4.781690000000000107e-01
1.870000000000000000e+02 3.806320000000000259e-01 4.268839999999999857e-01 4.794999999999999818e-01
1.880000000000000000e+02 3.816339999999999733e-01 4.278279999999999861e-01 4.804109999999999769e-01
1.890000000000000000e+02 3.829020000000000201e-01 4.290499999999999869e-01 4.817210000000000103e-01
1.900000000000000000e+02 3.840100000000000180e-01 4.302230000000000221e-01 4.828459999999999974e-01
1.910000000000000000e+02 3.850109999999999921e-01 4.312380000000000102e-01 4.838109999999999911e-01
1.920000000000000000e+02 3.865569999999999840e-01 4.326900000000000190e-01 4.853459999999999996e-01
1.930000000000000000e+02 3.876249999999999973e-01 4.338500000000000134e-01 4.863859999999999850e-01
1.940000000000000000e+02 3.887729999999999797e-01 4.347039999999999793e-01 4.874399999999999844e-01
1.950000000000000000e+02 3.901259999999999728e-01 4.361550000000000149e-01 4.888419999999999987e-01
1.960000000000000000e+02 3.908170000000000255e-01 4.370160000000000156e-01 4.895939999999999737e-01
1.970000000000000000e+02 3.916459999999999941e-01 4.378020000000000245e-01 4.904459999999999931e-01
1.980000000000000000e+02 3.926600000000000090e-01 4.386320000000000219e-01 4.914169999999999927e-01
1.990000000000000000e+02 3.937200000000000144e-01 4.395569999999999755e-01 4.924020000000000064e-01
2.000000000000000000e+02 3.944010000000000016e-01 4.403259999999999952e-01 4.930869999999999975e-01
2.010000000000000000e+02 3.953400000000000247e-01 4.413630000000000053e-01 4.940120000000000067e-01
2.020000000000000000e+02 3.963659999999999961e-01 4.421570000000000222e-01 4.950240000000000196e-01
2.030000000000000000e+02 3.974820000000000020e-01 4.432909999999999906e-01 4.962630000000000097e-01
2.040000000000000000e+02 3.979440000000000199e-01 4.439270000000000160e-01 4.967960000000000154e-01
2.050000000000000000e+02 3.986460000000000004e-01 4.443139999999999867e-01 4.973230000000000151e-01
2.060000000000000000e+02 3.995259999999999923e-01 4.449529999999999874e-01 4.980140000000000122e-01
2.070000000000000000e+02 4.001359999999999917e-01 4.455680000000000196e-01 4.986700000000000021e-01
2.080000000000000000e+02 4.004880000000000106e-01 4.460850000000000093e-01 4.991419999999999746e-01
2.090000000000000000e+02 4.009889999999999843e-01 4.467979999999999730e-01 4.996880000000000210e-01
2.100000000000000000e+02 4.015730000000000133e-01 4.472070000000000212e-01 5.003039999999999710e-01
2.110000000000000000e+02 4.020670000000000077e-01 4.475469999999999726e-01 5.008409999999999807e-01
2.120000000000000000e+02 4.026919999999999944e-01 4.481689999999999841e-01 5.013220000000000454e-01
2.130000000000000000e+02 4.032689999999999886e-01 4.487260000000000137e-01 5.018620000000000303e-01
2.140000000000000000e+02 4.040159999999999862e-01 4.492229999999999834e-01 5.025530000000000275e-01
2.150000000000000000e+02 4.045050000000000034e-01 4.497530000000000139e-01 5.030660000000000132e-01
2.160000000000000000e+02 4.046379999999999977e-01 4.498940000000000161e-01 5.032609999999999584e-01
2.170000000000000000e+02 4.048169999999999824e-01 4.500910000000000188e-01 5.034920000000000506e-01
2.180000000000000000e+02 4.050980000000000136e-01 4.505009999999999848e-01 5.037469999999999448e-01
2.190000000000000000e+02 4.056219999999999826e-01 4.508499999999999730e-01 5.042189999999999728e-01
2.200000000000000000e+02 4.060300000000000020e-01 4.509630000000000027e-01 5.045840000000000325e-01
2.210000000000000000e+02 4.065920000000000090e-01 4.514329999999999732e-01 5.051369999999999472e-01
2.220000000000000000e+02 4.068129999999999802e-01 4.519199999999999884e-01 5.054269999999999596e-01
2.230000000000000000e+02 4.071279999999999899e-01 4.520859999999999879e-01 5.056869999999999976e-01
2.240000000000000000e+02 4.073740000000000139e-01 4.521899999999999809e-01 5.058859999999999468e-01
2.250000000000000000e+02 4.075320000000000054e-01 4.526149999999999896e-01 5.061419999999999808e-01
2.260000000000000000e+02 4.073490000000000166e-01 4.522869999999999946e-01 5.059580000000000188e-01
2.270000000000000000e+02 4.075880000000000059e-01 4.523559999999999803e-01 5.061330000000000551e-01
2.280000000000000000e+02 4.077990000000000226e-01 4.527019999999999933e-01 5.063490000000000490e-01
2.290000000000000000e+02 4.081330000000000235e-01 4.530699999999999728e-01 5.066720000000000113e-01
2.300000000000000000e+02 4.084380000000000233e-01 4.533909999999999885e-01 5.070240000000000302e-01
2.310000000000000000e+02 4.086339999999999972e-01 4.534869999999999735e-01 5.071679999999999522e-01
2.320000000000000000e+02 4.087230000000000030e-01 4.533610000000000140e-01 5.072429999999999994e-01
2.330000000000000000e+02 4.090630000000000099e-01 4.536850000000000049e-01 5.075659999999999616e-01
2.340000000000000000e+02 4.089639999999999942e-01 4.536169999999999924e-01 5.075190000000000534e-01
2.350000000000000000e+02 4.088769999999999905e-01 4.536580000000000057e-01 5.074469999999999814e-01
2.360000000000000000e+02 4.090559999999999752e-01 4.537109999999999754e-01 5.076030000000000264e-01
2.370000000000000000e+02 4.090520000000000267e-01 4.535890000000000200e-01 5.075739999999999696e-01
2.380000000000000000e+02 4.092890000000000139e-01 4.539770000000000194e-01 5.078099999999999836e-01
2.390000000000000000e+02 4.092549999999999799e-01 4.540109999999999979e-01 5.078019999999999756e-01
2.400000000000000000e+02 4.095539999999999736e-01 4.542220000000000146e-01 5.080879999999999841e-01
2.410000000000000000e+02 4.098350000000000048e-01 4.543349999999999889e-01 5.083370000000000388e-01
2.420000000000000000e+02 4.098749999999999893e-01 4.543519999999999781e-01 5.084159999999999791e-01
2.430000000000000000e+02 4.095260000000000011e-01 4.540930000000000244e-01 5.081200000000000161e-01
2.440000000000000000e+02 4.096170000000000089e-01 4.542860000000000231e-01 5.081480000000000441e-01
2.450000000000000000e+02 4.099200000000000066e-01 4.544730000000000159e-01 5.084149999999999503e-01
2.460000000000000000e+02 4.098840000000000261e-01 4.543229999999999769e-01 5.084030000000000493e-01
2.470000000000000000e+02 4.098760000000000181e-01 4.544949999999999823e-01 5.084189999999999543e-01
2.480000000000000000e+02 4.099149999999999738e-01 4.545290000000000163e-01 5.084689999999999488e-01
2.490000000000000000e+02 4.098990000000000133e-01 4.543809999999999794e-01 5.083680000000000421e-01
2.500000000000000000e+02 4.100630000000000108e-01 4.544449999999999878e-01 5.085480000000000000e-01
2.510000000000000000e+02 4.100539999999999741e-01 4.545350000000000223e-01 5.086410000000000098e-01
2.520000000000000000e+02 4.101569999999999938e-01 4.547619999999999996e-01 5.086779999999999635e-01
2.530000000000000000e+02 4.102669999999999928e-01 4.547599999999999976e-01 5.087300000000000155e-01
2.540000000000000000e+02 4.102259999999999796e-01 4.546379999999999866e-01 5.087150000000000283e-01
2.550000000000000000e+02 4.101000000000000201e-01 4.546229999999999993e-01 5.086680000000000090e-01
2.560000000000000000e+02 4.101049999999999973e-01 4.546649999999999858e-01 5.086230000000000473e-01
2.570000000000000000e+02 4.101929999999999743e-01 4.546640000000000126e-01 5.086749999999999883e-01
2.580000000000000000e+02 4.104530000000000123e-01 4.548559999999999826e-01 5.089510000000000423e-01
2.590000000000000000e+02 4.104610000000000203e-01 4.548880000000000146e-01 5.089430000000000343e-01
2.600000000000000000e+02 4.103140000000000120e-01 4.547410000000000063e-01 5.088430000000000453e-01
2.610000000000000000e+02 4.102799999999999780e-01 4.546729999999999938e-01 5.088150000000000173e-01
2.620000000000000000e+02 4.103829999999999978e-01 4.548150000000000248e-01 5.088759999999999950e-01
2.630000000000000000e+02 4.103669999999999818e-01 4.548070000000000168e-01 5.088589999999999502e-01
2.640000000000000000e+02 4.103149999999999853e-01 4.548530000000000073e-01 5.088500000000000245e-01
2.650000000000000000e+02 4.102120000000000211e-01 4.545779999999999821e-01 5.087340000000000195e-01
2.660000000000000000e+02 4.103930000000000078e-01 4.547680000000000056e-01 5.088510000000000533e-01
2.670000000000000000e+02 4.104900000000000215e-01 4.548079999999999901e-01 5.089369999999999727e-01
2.680000000000000000e+02 4.102779999999999760e-01 4.546749999999999958e-01 5.087650000000000228e-01
2.690000000000000000e+02 4.102549999999999808e-01 4.545060000000000211e-01 5.087450000000000028e-01
2.700000000000000000e+02 4.102819999999999800e-01 4.545390000000000263e-01 5.087770000000000348e-01
2.710000000000000000e+02 4.104189999999999783e-01 4.548429999999999973e-01 5.089139999999999775e-01
2.720000000000000000e+02 4.103999999999999870e-01 4.549110000000000098e-01 5.089200000000000390e-01
2.730000000000000000e+02 4.103899999999999770e-01 4.547430000000000083e-01 5.088620000000000365e-01
2.740000000000000000e+02 4.104659999999999975e-01 4.546169999999999933e-01 5.088669999999999582e-01
2.750000000000000000e+02 4.105340000000000100e-01 4.548599999999999866e-01 5.089690000000000047e-01
2.760000000000000000e+02 4.103249999999999953e-01 4.547309999999999963e-01 5.088099999999999845e-01
2.770000000000000000e+02 4.104530000000000123e-01 4.547599999999999976e-01 5.088960000000000150e-01
2.780000000000000000e+02 4.104659999999999975e-01 4.546999999999999931e-01 5.089110000000000023e-01
2.790000000000000000e+02 4.104360000000000230e-01 4.546819999999999751e-01 5.089430000000000343e-01
2.800000000000000000e+02 4.104160000000000030e-01 4.547329999999999983e-01 5.089209999999999567e-01
2.810000000000000000e+02 4.106079999999999730e-01 4.549960000000000115e-01 5.090599999999999570e-01
2.820000000000000000e+02 4.105690000000000173e-01 4.548940000000000206e-01 5.090240000000000320e-01
2.830000000000000000e+02 4.106079999999999730e-01 4.546999999999999931e-01 5.090369999999999617e-01
2.840000000000000000e+02 4.105369999999999853e-01 4.546629999999999838e-01 5.089639999999999720e-01
2.850000000000000000e+02 4.104419999999999735e-01 4.547619999999999996e-01 5.088669999999999582e-01
2.860000000000000000e+02 4.105389999999999873e-01 4.548420000000000241e-01 5.089850000000000207e-01
2.870000000000000000e+02 4.105969999999999898e-01 4.548650000000000193e-01 5.090360000000000440e-01
2.880000000000000000e+02 4.103749999999999898e-01 4.546250000000000013e-01 5.088380000000000125e-01
2.890000000000000000e+02 4.104670000000000263e-01 4.547379999999999756e-01 5.089380000000000015e-01
2.900000000000000000e+02 4.104960000000000275e-01 4.547519999999999896e-01 5.089500000000000135e-01
2.910000000000000000e+02 4.107160000000000255e-01 4.549250000000000238e-01 5.091470000000000162e-01
2.920000000000000000e+02 4.105820000000000025e-01 4.548159999999999981e-01 5.090249999999999497e-01
2.930000000000000000e+02 4.105309999999999793e-01 4.547680000000000056e-01 5.089639999999999720e-01
2.940000000000000000e+02 4.105420000000000180e-01 4.546930000000000138e-01 5.089690000000000047e-01
2.950000000000000000e+02 4.105489999999999973e-01 4.548010000000000108e-01 5.089949999999999752e-01
2.960000000000000000e+02 4.105630000000000113e-01 4.548880000000000146e-01 5.090189999999999992e-01
2.970000000000000000e+02 4.103849999999999998e-01 4.546479999999999966e-01 5.088479999999999670e-01
2.980000000000000000e+02 4.105779999999999985e-01 4.546769999999999978e-01 5.090179999999999705e-01
2.990000000000000000e+02 4.108149999999999857e-01 4.550089999999999968e-01 5.092560000000000420e-01
3.000000000000000000e+02 4.107140000000000235e-01 4.550210000000000088e-01 5.091620000000000035e-01
3.010000000000000000e+02 4.104900000000000215e-01 4.546890000000000098e-01 5.089179999999999815e-01
3.020000000000000000e+02 4.105340000000000100e-01 4.546959999999999891e-01 5.089489999999999847e-01
3.030000000000000000e+02 4.106319999999999970e-01 4.547660000000000036e-01 5.090350000000000152e-01
3.040000000000000000e+02 4.104119999999999990e-01 4.545509999999999828e-01 5.088399999999999590e-01
3.050000000000000000e+02 4.104519999999999835e-01 4.546279999999999766e-01 5.088730000000000198e-01
3.060000000000000000e+02 4.104979999999999740e-01 4.547169999999999823e-01 5.089390000000000303e-01
3.070000000000000000e+02 4.104809999999999848e-01 4.546390000000000153e-01 5.089299999999999935e-01
3.080000000000000000e+02 4.107310000000000128e-01 4.548340000000000161e-01 5.091579999999999995e-01
3.090000000000000000e+02 4.105480000000000240e-01 4.547010000000000218e-01 5.089839999999999920e-01
3.100000000000000000e+02 4.105739999999999945e-01 4.547869999999999968e-01 5.089749999999999552e-01
3.110000000000000000e+02 4.105900000000000105e-01 4.547660000000000036e-01 5.089730000000000087e-01
3.120000000000000000e+02 4.104970000000000008e-01 4.545199999999999796e-01 5.089160000000000350e-01
3.130000000000000000e+02 4.103160000000000140e-01 4.544090000000000074e-01 5.087479999999999780e-01
3.140000000000000000e+02 4.103100000000000080e-01 4.544770000000000199e-01 5.087150000000000283e-01
3.150000000000000000e+02 4.104050000000000198e-01 4.545699999999999741e-01 5.088059999999999805e-01
3.160000000000000000e+02 4.105119999999999880e-01 4.546569999999999778e-01 5.089350000000000263e-01
3.170000000000000000e+02 4.106589999999999963e-01 4.547370000000000023e-01 5.090789999999999482e-01
3.180000000000000000e+02 4.104999999999999760e-01 4.546490000000000253e-01 5.089249999999999607e-01
3.190000000000000000e+02 4.105119999999999880e-01 4.545839999999999881e-01 5.089019999999999655e-01
3.200000000000000000e+02 4.105960000000000165e-01 4.546490000000000253e-01 5.089660000000000295e-01
3.210000000000000000e+02 4.104709999999999748e-01 4.545440000000000036e-01 5.088650000000000118e-01
3.220000000000000000e+02 4.103789999999999938e-01 4.545210000000000083e-01 5.088139999999999885e-01
3.230000000000000000e+02 4.104229999999999823e-01 4.545239999999999836e-01 5.088249999999999718e-01
3.240000000000000000e+02 4.104450000000000043e-01 4.544989999999999863e-01 5.088270000000000293e-01
3.250000000000000000e+02 4.104760000000000075e-01 4.545660000000000256e-01 5.088869999999999783e-01
3.260000000000000000e+02 4.104389999999999983e-01 4.545620000000000216e-01 5.088810000000000278e-01
3.270000000000000000e+02 4.105530000000000013e-01 4.545919999999999961e-01 5.089510000000000423e-01
3.280000000000000000e+02 4.106270000000000198e-01 4.546060000000000101e-01 5.090050000000000407e-01
3.290000000000000000e+02 4.105920000000000125e-01 4.546430000000000193e-01 5.089669999999999472e-01
3.300000000000000000e+02 4.103879999999999750e-01 4.544929999999999803e-01 5.088059999999999805e-01
3.310000000000000000e+02 4.103990000000000138e-01 4.544630000000000059e-01 5.088089999999999558e-01
3.320000000000000000e+02 4.104140000000000010e-01 4.544409999999999838e-01 5.088230000000000253e-01
3.330000000000000000e+02 4.104240000000000110e-01 4.544139999999999846e-01 5.088089999999999558e-01
3.340000000000000000e+02 4.102910000000000168e-01 4.543889999999999874e-01 5.086880000000000290e-01
3.350000000000000000e+02 4.105329999999999813e-01 4.546810000000000018e-01 5.089409999999999767e-01
3.360000000000000000e+02 4.104479999999999795e-01 4.545020000000000171e-01 5.088570000000000038e-01
3.370000000000000000e+02 4.105010000000000048e-01 4.544279999999999986e-01 5.088610000000000078e-01
3.380000000000000000e+02 4.104590000000000183e-01 4.543929999999999914e-01 5.088070000000000093e-01
3.390000000000000000e+02 4.104679999999999995e-01 4.545179999999999776e-01 5.088449999999999918e-01
3.400000000000000000e+02 4.103299999999999725e-01 4.544039999999999746e-01 5.087359999999999660e-01
3.410000000000000000e+02 4.102740000000000276e-01 4.543150000000000244e-01 5.086779999999999635e-01
3.420000000000000000e+02 4.103470000000000173e-01 4.543510000000000049e-01 5.087159999999999460e-01
3.430000000000000000e+02 4.104940000000000255e-01 4.544630000000000059e-01 5.088730000000000198e-01
3.440000000000000000e+02 4.105420000000000180e-01 4.546160000000000201e-01 5.089430000000000343e-01
3.450000000000000000e+02 4.105090000000000128e-01 4.545980000000000021e-01 5.089040000000000230e-01
3.460000000000000000e+02 4.105130000000000168e-01 4.543780000000000041e-01 5.088780000000000525e-01
3.470000000000000000e+02 4.104539999999999855e-01 4.543130000000000224e-01 5.088139999999999885e-01
3.480000000000000000e+02 4.104849999999999888e-01 4.545339999999999936e-01 5.088510000000000533e-01
3.490000000000000000e+02 4.104499999999999815e-01 4.545130000000000003e-01 5.088399999999999590e-01
3.500000000000000000e+02 4.103319999999999745e-01 4.543260000000000076e-01 5.087139999999999995e-01
3.510000000000000000e+02 4.103740000000000165e-01 4.543139999999999956e-01 5.087450000000000028e-01
3.520000000000000000e+02 4.104329999999999923e-01 4.543889999999999874e-01 5.088040000000000340e-01
3.530000000000000000e+02 4.104829999999999868e-01 4.545060000000000211e-01 5.088620000000000365e-01
3.540000000000000000e+02 4.104280000000000150e-01 4.545060000000000211e-01 5.088179999999999925e-01
3.550000000000000000e+02 4.104909999999999948e-01 4.544540000000000246e-01 5.088660000000000405e-01
3.560000000000000000e+02 4.104800000000000115e-01 4.542910000000000004e-01 5.088489999999999958e-01
3.570000000000000000e+02 4.104900000000000215e-01 4.544190000000000174e-01 5.088460000000000205e-01
3.580000000000000000e+02 4.103890000000000038e-01 4.544070000000000054e-01 5.087679999999999980e-01
3.590000000000000000e+02 4.102870000000000128e-01 4.542640000000000011e-01 5.086530000000000218e-01
3.600000000000000000e+02 4.103580000000000005e-01 4.542930000000000024e-01 5.087239999999999540e-01
3.610000000000000000e+02 4.103519999999999945e-01 4.543010000000000104e-01 5.087249999999999828e-01
3.620000000000000000e+02 4.105240000000000000e-01 4.545020000000000171e-01 5.089019999999999655e-01
3.630000000000000000e+02 4.104740000000000055e-01 4.545109999999999983e-01 5.088500000000000245e-01
3.640000000000000000e+02 4.103350000000000053e-01 4.543280000000000096e-01 5.087089999999999668e-01
3.650000000000000000e+02 4.104619999999999935e-01 4.543550000000000089e-01 5.088120000000000420e-01
3.660000000000000000e+02 4.104970000000000008e-01 4.543479999999999741e-01 5.088510000000000533e-01
3.670000000000000000e+02 4.104439999999999755e-01 4.543789999999999774e-01 5.088150000000000173e-01
3.680000000000000000e+02 4.103189999999999893e-01 4.542660000000000031e-01 5.086920000000000330e-01
3.690000000000000000e+02 4.103280000000000260e-01 4.542889999999999984e-01 5.086929999999999508e-01
3.700000000000000000e+02 4.103530000000000233e-01 4.542689999999999784e-01 5.087070000000000203e-01
3.710000000000000000e+02 4.103890000000000038e-01 4.542459999999999831e-01 5.087570000000000148e-01
3.720000000000000000e+02 4.104889999999999928e-01 4.544659999999999811e-01 5.088770000000000238e-01
3.730000000000000000e+02 4.103310000000000013e-01 4.542880000000000251e-01 5.086899999999999755e-01
3.740000000000000000e+02 4.104550000000000143e-01 4.543519999999999781e-01 5.088009999999999478e-01
3.750000000000000000e+02 4.104160000000000030e-01 4.542399999999999771e-01 5.087690000000000268e-01
3.760000000000000000e+02 4.103649999999999798e-01 4.542519999999999891e-01 5.087199999999999500e-01
3.770000000000000000e+02 4.102439999999999976e-01 4.541899999999999826e-01 5.086119999999999530e-01
3.780000000000000000e+02 4.102500000000000036e-01 4.541879999999999806e-01 5.086150000000000393e-01
3.790000000000000000e+02 4.102770000000000028e-01 4.541839999999999766e-01 5.086410000000000098e-01
3.800000000000000000e+02 4.103089999999999793e-01 4.541709999999999914e-01 5.086709999999999843e-01
3.810000000000000000e+02 4.103629999999999778e-01 4.542410000000000059e-01 5.087380000000000235e-01
3.820000000000000000e+02 4.102839999999999820e-01 4.542260000000000186e-01 5.086439999999999850e-01
3.830000000000000000e+02 4.103180000000000160e-01 4.542729999999999824e-01 5.086800000000000210e-01
3.840000000000000000e+02 4.103359999999999785e-01 4.542129999999999779e-01 5.086870000000000003e-01
3.850000000000000000e+02 4.103660000000000085e-01 4.542329999999999979e-01 5.087180000000000035e-01
3.860000000000000000e+02 4.103310000000000013e-01 4.542740000000000111e-01 5.086979999999999835e-01
3.870000000000000000e+02 4.102529999999999788e-01 4.541819999999999746e-01 5.086199999999999610e-01
3.880000000000000000e+02 4.102520000000000056e-01 4.541930000000000134e-01 5.086180000000000145e-01
3.890000000000000000e+02 4.101480000000000126e-01 4.540009999999999879e-01 5.085070000000000423e-01
3.900000000000000000e+02 4.102549999999999808e-01 4.541290000000000049e-01 5.086249999999999938e-01
3.910000000000000000e+02 4.102879999999999860e-01 4.541930000000000134e-01 5.086570000000000258e-01
3.920000000000000000e+02 4.102609999999999868e-01 4.541729999999999934e-01 5.086119999999999530e-01
3.930000000000000000e+02 4.102589999999999848e-01 4.540870000000000184e-01 5.086000000000000520e-01
3.940000000000000000e+02 4.102239999999999776e-01 4.540649999999999964e-01 5.085699999999999665e-01
3.950000000000000000e+02 4.101969999999999783e-01 4.540600000000000191e-01 5.085530000000000328e-01
3.960000000000000000e+02 4.101460000000000106e-01 4.540239999999999831e-01 5.085079999999999600e-01
3.970000000000000000e+02 4.100960000000000161e-01 4.540170000000000039e-01 5.084680000000000311e-01
3.980000000000000000e+02 4.100880000000000081e-01 4.539619999999999767e-01 5.084480000000000111e-01
3.990000000000000000e+02 4.101319999999999966e-01 4.539819999999999967e-01 5.084750000000000103e-01
4.000000000000000000e+02 4.101819999999999911e-01 4.540210000000000079e-01 5.085250000000000048e-01
4.010000000000000000e+02 4.102190000000000003e-01 4.540699999999999736e-01 5.085769999999999458e-01
4.020000000000000000e+02 4.101000000000000201e-01 4.539690000000000114e-01 5.084520000000000151e-01
4.030000000000000000e+02 4.100829999999999753e-01 4.538949999999999929e-01 5.084210000000000118e-01
4.040000000000000000e+02 4.101400000000000046e-01 4.539710000000000134e-01 5.084809999999999608e-01
4.050000000000000000e+02 4.101420000000000066e-01 4.540219999999999811e-01 5.084929999999999728e-01
4.060000000000000000e+02 4.100559999999999761e-01 4.539050000000000029e-01 5.084100000000000286e-01
4.070000000000000000e+02 4.099789999999999823e-01 4.538380000000000192e-01 5.083259999999999446e-01
4.080000000000000000e+02 4.100400000000000156e-01 4.538929999999999909e-01 5.083969999999999878e-01
4.090000000000000000e+02 4.100659999999999861e-01 4.539050000000000029e-01 5.084089999999999998e-01
4.100000000000000000e+02 4.101730000000000098e-01 4.539960000000000107e-01 5.085159999999999680e-01
4.110000000000000000e+02 4.100940000000000141e-01 4.539489999999999914e-01 5.084490000000000398e-01
4.120000000000000000e+02 4.101060000000000261e-01 4.539090000000000069e-01 5.084400000000000031e-01
4.130000000000000000e+02 4.101020000000000221e-01 4.538769999999999749e-01 5.084300000000000486e-01
4.140000000000000000e+02 4.101000000000000201e-01 4.539239999999999942e-01 5.084389999999999743e-01
4.150000000000000000e+02 4.100800000000000001e-01 4.539170000000000149e-01 5.084250000000000158e-01
4.160000000000000000e+02 4.100940000000000141e-01 4.539480000000000182e-01 5.084389999999999743e-01
4.170000000000000000e+02 4.100820000000000021e-01 4.539520000000000222e-01 5.084290000000000198e-01
4.180000000000000000e+02 4.100380000000000136e-01 4.538690000000000224e-01 5.083739999999999926e-01
4.190000000000000000e+02 4.100860000000000061e-01 4.538840000000000097e-01 5.084180000000000366e-01
4.200000000000000000e+02 4.101119999999999766e-01 4.539150000000000129e-01 5.084440000000000071e-01
4.210000000000000000e+02 4.101440000000000086e-01 4.539380000000000082e-01 5.084750000000000103e-01
4.220000000000000000e+02 4.100480000000000236e-01 4.538479999999999737e-01 5.083809999999999718e-01
4.230000000000000000e+02 4.100059999999999816e-01 4.538030000000000119e-01 5.083370000000000388e-01
4.240000000000000000e+02 4.100199999999999956e-01 4.538229999999999764e-01 5.083520000000000261e-01
4.250000000000000000e+02 4.099559999999999871e-01 4.537430000000000074e-01 5.082910000000000483e-01
4.260000000000000000e+02 4.100340000000000096e-01 4.538530000000000064e-01 5.083659999999999846e-01
4.270000000000000000e+02 4.100329999999999808e-01 4.538409999999999944e-01 5.083699999999999886e-01
4.280000000000000000e+02 4.100329999999999808e-01 4.538209999999999744e-01 5.083649999999999558e-01
4.290000000000000000e+02 4.100650000000000128e-01 4.538650000000000184e-01 5.083910000000000373e-01
4.300000000000000000e+02 4.100420000000000176e-01 4.538449999999999984e-01 5.083830000000000293e-01
4.310000000000000000e+02 4.099519999999999831e-01 4.537700000000000067e-01 5.082889999999999908e-01
4.320000000000000000e+02 4.100070000000000103e-01 4.537880000000000247e-01 5.083349999999999813e-01
4.330000000000000000e+02 4.100050000000000083e-01 4.537829999999999919e-01 5.083339999999999526e-01
4.340000000000000000e+02 4.099189999999999778e-01 4.537320000000000242e-01 5.082579999999999876e-01
4.350000000000000000e+02 4.099039999999999906e-01 4.537189999999999834e-01 5.082440000000000291e-01
4.360000000000000000e+02 4.099579999999999891e-01 4.537499999999999867e-01 5.082889999999999908e-01
4.370000000000000000e+02 4.099269999999999858e-01 4.537019999999999942e-01 5.082609999999999628e-01
4.380000000000000000e+02 4.099700000000000011e-01 4.537490000000000134e-01 5.083010000000000028e-01
4.390000000000000000e+02 4.100329999999999808e-01 4.538349999999999884e-01 5.083630000000000093e-01
4.400000000000000000e+02 4.100380000000000136e-01 4.538189999999999724e-01 5.083689999999999598e-01
4.410000000000000000e+02 4.099630000000000218e-01 4.537140000000000062e-01 5.082910000000000483e-01
4.420000000000000000e+02 4.099510000000000098e-01 4.537189999999999834e-01 5.082729999999999748e-01
4.430000000000000000e+02 4.099510000000000098e-01 4.537359999999999727e-01 5.082740000000000036e-01
4.440000000000000000e+02 4.098890000000000033e-01 4.536649999999999849e-01 5.082259999999999556e-01
4.450000000000000000e+02 4.098820000000000241e-01 4.536410000000000164e-01 5.082160000000000011e-01
4.460000000000000000e+02 4.099249999999999838e-01 4.536919999999999842e-01 5.082520000000000371e-01
4.470000000000000000e+02 4.099349999999999938e-01 4.536950000000000149e-01 5.082640000000000491e-01
4.480000000000000000e+02 4.100010000000000043e-01 4.537390000000000034e-01 5.083280000000000021e-01
4.490000000000000000e+02 4.100199999999999956e-01 4.537930000000000019e-01 5.083550000000000013e-01
4.500000000000000000e+02 4.098999999999999866e-01 4.536859999999999782e-01 5.082349999999999923e-01
4.510000000000000000e+02 4.099059999999999926e-01 4.536560000000000037e-01 5.082299999999999596e-01
4.520000000000000000e+02 4.099209999999999798e-01 4.536769999999999969e-01 5.082480000000000331e-01
4.530000000000000000e+02 4.099140000000000006e-01 4.537010000000000209e-01 5.082430000000000003e-01
4.540000000000000000e+02 4.098410000000000108e-01 4.536189999999999944e-01 5.081809999999999938e-01
4.550000000000000000e+02 4.098620000000000041e-01 4.536029999999999784e-01 5.081870000000000553e-01
4.560000000000000000e+02 4.098580000000000001e-01 4.535919999999999952e-01 5.081750000000000433e-01
4.570000000000000000e+02 4.099249999999999838e-01 4.536910000000000109e-01 5.082410000000000538e-01
4.580000000000000000e+02 4.099389999999999978e-01 4.536839999999999762e-01 5.082630000000000203e-01
4.590000000000000000e+02 4.098620000000000041e-01 4.536229999999999984e-01 5.081919999999999771e-01
4.600000000000000000e+02 4.099369999999999958e-01 4.536990000000000189e-01 5.082649999999999668e-01
4.610000000000000000e+02 4.098990000000000133e-01 4.536589999999999789e-01 5.082259999999999556e-01
4.620000000000000000e+02 4.098970000000000113e-01 4.536410000000000164e-01 5.082269999999999843e-01
4.630000000000000000e+02 4.098669999999999813e-01 4.536149999999999904e-01 5.081989999999999563e-01
4.640000000000000000e+02 4.098149999999999848e-01 4.535259999999999847e-01 5.081409999999999538e-01
4.650000000000000000e+02 4.099059999999999926e-01 4.536370000000000124e-01 5.082280000000000131e-01
4.660000000000000000e+02 4.099079999999999946e-01 4.536629999999999829e-01 5.082309999999999883e-01
4.670000000000000000e+02 4.098890000000000033e-01 4.536189999999999944e-01 5.082130000000000258e-01
4.680000000000000000e+02 4.099030000000000173e-01 4.536290000000000044e-01 5.082280000000000131e-01
4.690000000000000000e+02 4.098820000000000241e-01 4.536040000000000072e-01 5.082079999999999931e-01
4.700000000000000000e+02 4.098950000000000093e-01 4.536390000000000144e-01 5.082299999999999596e-01
4.710000000000000000e+02 4.098490000000000189e-01 4.536089999999999844e-01 5.081790000000000473e-01
4.720000000000000000e+02 4.098220000000000196e-01 4.535950000000000260e-01 5.081470000000000153e-01
4.730000000000000000e+02 4.098289999999999988e-01 4.536060000000000092e-01 5.081520000000000481e-01
4.740000000000000000e+02 4.098550000000000249e-01 4.535910000000000220e-01 5.081759999999999611e-01
4.750000000000000000e+02 4.097609999999999864e-01 4.534719999999999862e-01 5.080930000000000168e-01
4.760000000000000000e+02 4.097759999999999736e-01 4.535060000000000202e-01 5.080989999999999673e-01
4.770000000000000000e+02 4.097870000000000124e-01 4.535069999999999935e-01 5.081020000000000536e-01
4.780000000000000000e+02 4.098240000000000216e-01 4.535159999999999747e-01 5.081369999999999498e-01
4.790000000000000000e+02 4.097799999999999776e-01 4.535020000000000162e-01 5.081099999999999506e-01
4.800000000000000000e+02 4.098510000000000209e-01 4.535919999999999952e-01 5.081689999999999818e-01
4.810000000000000000e+02 4.097819999999999796e-01 4.535020000000000162e-01 5.081040000000000001e-01
4.820000000000000000e+02 4.097720000000000251e-01 4.535020000000000162e-01 5.080900000000000416e-01
4.830000000000000000e+02 4.097750000000000004e-01 4.535069999999999935e-01 5.080949999999999633e-01
4.840000000000000000e+02 4.097339999999999871e-01 4.534610000000000030e-01 5.080489999999999728e-01
4.850000000000000000e+02 4.097569999999999824e-01 4.534420000000000117e-01 5.080789999999999473e-01
4.860000000000000000e+02 4.096330000000000249e-01 4.533429999999999960e-01 5.079599999999999671e-01
4.870000000000000000e+02 4.097330000000000139e-01 4.534449999999999870e-01 5.080470000000000264e-01
4.880000000000000000e+02 4.097259999999999791e-01 4.534380000000000077e-01 5.080419999999999936e-01
4.890000000000000000e+02 4.097149999999999959e-01 4.534299999999999997e-01 5.080379999999999896e-01
4.900000000000000000e+02 4.096850000000000214e-01 4.534000000000000252e-01 5.080069999999999864e-01
4.910000000000000000e+02 4.096529999999999894e-01 4.533679999999999932e-01 5.079679999999999751e-01
4.920000000000000000e+02 4.097210000000000019e-01 4.534329999999999750e-01 5.080360000000000431e-01
4.930000000000000000e+02 4.096810000000000174e-01 4.533780000000000032e-01 5.080010000000000359e-01
4.940000000000000000e+02 4.096910000000000274e-01 4.533610000000000140e-01 5.079970000000000319e-01
4.950000000000000000e+02 4.096690000000000054e-01 4.533590000000000120e-01 5.079879999999999951e-01
4.960000000000000000e+02 4.096540000000000181e-01 4.533760000000000012e-01 5.079730000000000079e-01
4.970000000000000000e+02 4.097069999999999879e-01 4.534070000000000045e-01 5.080179999999999696e-01
4.980000000000000000e+02 4.096810000000000174e-01 4.533599999999999852e-01 5.079930000000000279e-01
4.990000000000000000e+02 4.096759999999999846e-01 4.533780000000000032e-01 5.079960000000000031e-01
5.000000000000000000e+02 4.096150000000000069e-01 4.533099999999999907e-01 5.079390000000000294e-01
5.010000000000000000e+02 4.096670000000000034e-01 4.533539999999999792e-01 5.079719999999999791e-01
5.020000000000000000e+02 4.096520000000000161e-01 4.533360000000000167e-01 5.079590000000000494e-01
5.030000000000000000e+02 4.096799999999999886e-01 4.533420000000000227e-01 5.079879999999999951e-01
5.040000000000000000e+02 4.096600000000000241e-01 4.533719999999999972e-01 5.079780000000000406e-01
5.050000000000000000e+02 4.095699999999999896e-01 4.533090000000000175e-01 5.078960000000000141e-01
5.060000000000000000e+02 4.095900000000000096e-01 4.533010000000000095e-01 5.079110000000000014e-01
5.070000000000000000e+02 4.096580000000000221e-01 4.533479999999999732e-01 5.079700000000000326e-01
5.080000000000000000e+02 4.096489999999999854e-01 4.533289999999999820e-01 5.079559999999999631e-01
5.090000000000000000e+02 4.096839999999999926e-01 4.533619999999999872e-01 5.079930000000000279e-01
5.100000000000000000e+02 4.096310000000000229e-01 4.533229999999999760e-01 5.079439999999999511e-01
5.110000000000000000e+02 4.096000000000000196e-01 4.532729999999999815e-01 5.079160000000000341e-01
5.120000000000000000e+02 4.096199999999999841e-01 4.532939999999999747e-01 5.079249999999999599e-01
5.130000000000000000e+02 4.096560000000000201e-01 4.533349999999999880e-01 5.079639999999999711e-01
5.140000000000000000e+02 4.096440000000000081e-01 4.533440000000000247e-01 5.079559999999999631e-01
5.150000000000000000e+02 4.096389999999999754e-01 4.533550000000000080e-01 5.079590000000000494e-01
5.160000000000000000e+02 4.095440000000000191e-01 4.532479999999999842e-01 5.078660000000000396e-01
5.170000000000000000e+02 4.096299999999999941e-01 4.533260000000000067e-01 5.079380000000000006e-01
5.180000000000000000e+02 4.096099999999999741e-01 4.532959999999999767e-01 5.079200000000000381e-01
5.190000000000000000e+02 4.095949999999999869e-01 4.532599999999999962e-01 5.079150000000000054e-01
5.200000000000000000e+02 4.095889999999999809e-01 4.532640000000000002e-01 5.079069999999999974e-01
5.210000000000000000e+02 4.095840000000000036e-01 4.532630000000000270e-01 5.078970000000000429e-01
5.220000000000000000e+02 4.095820000000000016e-01 4.532399999999999762e-01 5.078949999999999854e-01
5.230000000000000000e+02 4.095409999999999884e-01 4.532079999999999997e-01 5.078510000000000524e-01
5.240000000000000000e+02 4.095420000000000171e-01 4.532030000000000225e-01 5.078570000000000029e-01
5.250000000000000000e+02 4.095929999999999849e-01 4.532619999999999982e-01 5.079050000000000509e-01
5.260000000000000000e+02 4.096000000000000196e-01 4.532860000000000222e-01 5.079120000000000301e-01
5.270000000000000000e+02 4.095489999999999964e-01 4.532030000000000225e-01 5.078620000000000356e-01
5.280000000000000000e+02 4.095480000000000231e-01 4.531930000000000125e-01 5.078510000000000524e-01
5.290000000000000000e+02 4.095550000000000024e-01 4.532189999999999830e-01 5.078549999999999454e-01
5.300000000000000000e+02 4.095260000000000011e-01 4.532030000000000225e-01 5.078340000000000076e-01
5.310000000000000000e+02 4.095079999999999831e-01 4.531569999999999765e-01 5.078160000000000451e-01
5.320000000000000000e+02 4.095329999999999804e-01 4.531800000000000272e-01 5.078369999999999829e-01
5.330000000000000000e+02 4.095550000000000024e-01 4.532320000000000237e-01 5.078639999999999821e-01
5.340000000000000000e+02 4.095599999999999796e-01 4.532379999999999742e-01 5.078629999999999534e-01
5.350000000000000000e+02 4.095590000000000064e-01 4.532220000000000137e-01 5.078629999999999534e-01
5.360000000000000000e+02 4.095509999999999984e-01 4.532129999999999770e-01 5.078510000000000524e-01
5.370000000000000000e+02 4.095340000000000091e-01 4.531899999999999817e-01 5.078350000000000364e-01
5.380000000000000000e+02 4.095210000000000239e-01 4.531800000000000272e-01 5.078329999999999789e-01
5.390000000000000000e+02 4.095260000000000011e-01 4.531720000000000192e-01 5.078350000000000364e-01
5.400000000000000000e+02 4.095110000000000139e-01 4.531839999999999757e-01 5.078209999999999669e-01
5.410000000000000000e+02 4.094999999999999751e-01 4.531600000000000072e-01 5.078009999999999469e-01
5.420000000000000000e+02 4.095309999999999784e-01 4.531930000000000125e-01 5.078409999999999869e-01
5.430000000000000000e+02 4.095010000000000039e-01 4.531649999999999845e-01 5.078059999999999796e-01
5.440000000000000000e+02 4.094940000000000246e-01 4.531439999999999912e-01 5.078009999999999469e-01
5.450000000000000000e+02 4.095179999999999931e-01 4.531680000000000152e-01 5.078230000000000244e-01
5.460000000000000000e+02 4.095570000000000044e-01 4.532050000000000245e-01 5.078580000000000316e-01
5.470000000000000000e+02 4.095710000000000184e-01 4.532379999999999742e-01 5.078759999999999941e-01
5.480000000000000000e+02 4.095289999999999764e-01 4.531680000000000152e-01 5.078310000000000324e-01
5.490000000000000000e+02 4.095369999999999844e-01 4.531749999999999945e-01 5.078439999999999621e-01
5.500000000000000000e+02 4.095480000000000231e-01 4.531729999999999925e-01 5.078529999999999989e-01
5.510000000000000000e+02 4.095400000000000151e-01 4.531689999999999885e-01 5.078430000000000444e-01
5.520000000000000000e+02 4.095400000000000151e-01 4.531700000000000172e-01 5.078420000000000156e-01
5.530000000000000000e+02 4.095599999999999796e-01 4.532050000000000245e-01 5.078660000000000396e-01
5.540000000000000000e+02 4.095369999999999844e-01 4.531600000000000072e-01 5.078369999999999829e-01
5.550000000000000000e+02 4.095219999999999971e-01 4.531620000000000092e-01 5.078249999999999709e-01
5.560000000000000000e+02 4.095079999999999831e-01 4.531589999999999785e-01 5.078179999999999916e-01
5.570000000000000000e+02 4.094990000000000019e-01 4.531390000000000140e-01 5.078089999999999549e-01
5.580000000000000000e+02 4.094849999999999879e-01 4.531180000000000208e-01 5.077939999999999676e-01
5.590000000000000000e+02 4.095199999999999951e-01 4.531569999999999765e-01 5.078279999999999461e-01
5.600000000000000000e+02 4.094700000000000006e-01 4.531180000000000208e-01 5.077840000000000131e-01
5.610000000000000000e+02 4.094940000000000246e-01 4.531359999999999832e-01 5.077930000000000499e-01
5.620000000000000000e+02 4.095019999999999771e-01 4.531370000000000120e-01 5.078040000000000331e-01
5.630000000000000000e+02 4.095139999999999891e-01 4.531339999999999812e-01 5.078200000000000491e-01
5.640000000000000000e+02 4.095010000000000039e-01 4.531259999999999732e-01 5.078080000000000371e-01
5.650000000000000000e+02 4.095059999999999811e-01 4.531310000000000060e-01 5.078139999999999876e-01
5.660000000000000000e+02 4.094909999999999939e-01 4.531290000000000040e-01 5.078030000000000044e-01
5.670000000000000000e+02 4.095460000000000211e-01 4.531580000000000052e-01 5.078500000000000236e-01
5.680000000000000000e+02 4.095269999999999744e-01 4.531490000000000240e-01 5.078319999999999501e-01
5.690000000000000000e+02 4.094960000000000266e-01 4.531459999999999932e-01 5.078059999999999796e-01
5.700000000000000000e+02 4.094780000000000086e-01 4.530939999999999968e-01 5.077819999999999556e-01
5.710000000000000000e+02 4.094769999999999799e-01 4.531270000000000020e-01 5.077880000000000171e-01
5.720000000000000000e+02 4.094309999999999894e-01 4.530629999999999935e-01 5.077439999999999731e-01
5.730000000000000000e+02 4.095110000000000139e-01 4.531350000000000100e-01 5.078160000000000451e-01
5.740000000000000000e+02 4.094769999999999799e-01 4.530770000000000075e-01 5.077859999999999596e-01
5.750000000000000000e+02 4.093950000000000089e-01 4.530120000000000258e-01 5.077059999999999906e-01
5.760000000000000000e+02 4.094630000000000214e-01 4.530710000000000015e-01 5.077700000000000546e-01
5.770000000000000000e+02 4.094800000000000106e-01 4.530899999999999928e-01 5.077810000000000379e-01
5.780000000000000000e+02 4.094650000000000234e-01 4.530839999999999868e-01 5.077679999999999971e-01
5.790000000000000000e+02 4.094619999999999926e-01 4.530620000000000203e-01 5.077650000000000219e-01
5.800000000000000000e+02 4.094789999999999819e-01 4.531069999999999820e-01 5.077859999999999596e-01
5.810000000000000000e+02 4.094409999999999994e-01 4.530600000000000183e-01 5.077479999999999771e-01
5.820000000000000000e+02 4.094829999999999859e-01 4.530959999999999988e-01 5.077829999999999844e-01
5.830000000000000000e+02 4.094820000000000126e-01 4.531000000000000028e-01 5.077869999999999884e-01
5.840000000000000000e+02 4.094610000000000194e-01 4.530649999999999955e-01 5.077620000000000466e-01
5.850000000000000000e+02 4.094650000000000234e-01 4.530710000000000015e-01 5.077650000000000219e-01
5.860000000000000000e+02 4.094079999999999941e-01 4.530069999999999930e-01 5.077120000000000521e-01
5.870000000000000000e+02 4.094459999999999766e-01 4.530669999999999975e-01 5.077479999999999771e-01
5.880000000000000000e+02 4.094289999999999874e-01 4.530520000000000103e-01 5.077289999999999859e-01
5.890000000000000000e+02 4.094470000000000054e-01 4.530520000000000103e-01 5.077469999999999484e-01
5.900000000000000000e+02 4.094389999999999974e-01 4.530640000000000223e-01 5.077490000000000059e-01
5.910000000000000000e+02 4.094300000000000161e-01 4.530379999999999963e-01 5.077279999999999571e-01
5.920000000000000000e+02 4.094439999999999746e-01 4.530560000000000143e-01 5.077439999999999731e-01
5.930000000000000000e+02 4.093579999999999997e-01 4.529659999999999798e-01 5.076640000000000041e-01
5.940000000000000000e+02 4.093990000000000129e-01 4.530170000000000030e-01 5.077009999999999579e-01
5.950000000000000000e+02 4.093970000000000109e-01 4.530020000000000158e-01 5.076979999999999826e-01
5.960000000000000000e+02 4.094180000000000041e-01 4.530310000000000170e-01 5.077209999999999779e-01
5.970000000000000000e+02 4.094269999999999854e-01 4.530330000000000190e-01 5.077310000000000434e-01
5.980000000000000000e+02 4.094119999999999981e-01 4.529929999999999790e-01 5.077089999999999659e-01
5.990000000000000000e+02 4.093919999999999781e-01 4.529869999999999730e-01 5.076899999999999746e-01
6.000000000000000000e+02 4.094220000000000081e-01 4.530290000000000150e-01 5.077249999999999819e-01
6.010000000000000000e+02 4.094140000000000001e-01 4.530250000000000110e-01 5.077150000000000274e-01
6.020000000000000000e+02 4.094090000000000229e-01 4.530230000000000090e-01 5.077080000000000481e-01
6.030000000000000000e+02 4.094280000000000141e-01 4.530399999999999983e-01 5.077279999999999571e-01
6.040000000000000000e+02 4.094050000000000189e-01 4.530089999999999950e-01 5.077070000000000194e-01
6.050000000000000000e+02 4.094369999999999954e-01 4.530330000000000190e-01 5.077380000000000226e-01
6.060000000000000000e+02 4.093800000000000217e-01 4.529750000000000165e-01 5.076810000000000489e-01
6.070000000000000000e+02 4.094519999999999826e-01 4.530540000000000123e-01 5.077509999999999524e-01
6.080000000000000000e+02 4.093589999999999729e-01 4.529580000000000273e-01 5.076680000000000081e-01
6.090000000000000000e+02 4.093789999999999929e-01 4.529739999999999878e-01 5.076810000000000489e-01
6.100000000000000000e+02 4.093689999999999829e-01 4.529810000000000225e-01 5.076779999999999626e-01
6.110000000000000000e+02 4.093350000000000044e-01 4.529369999999999785e-01 5.076429999999999554e-01
6.120000000000000000e+02 4.093499999999999917e-01 4.529569999999999985e-01 5.076580000000000537e-01
6.130000000000000000e+02 4.094229999999999814e-01 4.530310000000000170e-01 5.077279999999999571e-01
6.140000000000000000e+02 4.094180000000000041e-01 4.530239999999999823e-01 5.077230000000000354e-01
6.150000000000000000e+02 4.094200000000000061e-01 4.530230000000000090e-01 5.077199999999999491e-01
6.160000000000000000e+02 4.094260000000000121e-01 4.530290000000000150e-01 5.077239999999999531e-01
6.170000000000000000e+02 4.094209999999999794e-01 4.530080000000000218e-01 5.077209999999999779e-01
6.180000000000000000e+02 4.093519999999999937e-01 4.529449999999999865e-01 5.076600000000000001e-01
6.190000000000000000e+02 4.093709999999999849e-01 4.529520000000000213e-01 5.076730000000000409e-01
6.200000000000000000e+02 4.094099999999999961e-01 4.530000000000000138e-01 5.077150000000000274e-01
6.210000000000000000e+02 4.093840000000000257e-01 4.529850000000000265e-01 5.076889999999999459e-01
6.220000000000000000e+02 4.094059999999999921e-01 4.529900000000000038e-01 5.077150000000000274e-01
6.230000000000000000e+02 4.093959999999999821e-01 4.529830000000000245e-01 5.076969999999999539e-01
6.240000000000000000e+02 4.093990000000000129e-01 4.529929999999999790e-01 5.077080000000000481e-01
6.250000000000000000e+02 4.093660000000000077e-01 4.529739999999999878e-01 5.076749999999999874e-01
6.260000000000000000e+02 4.093870000000000009e-01 4.529750000000000165e-01 5.076920000000000321e-01
6.270000000000000000e+02 4.094329999999999914e-01 4.530129999999999990e-01 5.077380000000000226e-01
6.280000000000000000e+02 4.094220000000000081e-01 4.529859999999999998e-01 5.077180000000000026e-01
6.290000000000000000e+02 4.094030000000000169e-01 4.529670000000000085e-01 5.077030000000000154e-01
6.300000000000000000e+02 4.094349999999999934e-01 4.530219999999999803e-01 5.077390000000000514e-01
6.310000000000000000e+02 4.094220000000000081e-01 4.530170000000000030e-01 5.077279999999999571e-01
6.320000000000000000e+02 4.094260000000000121e-01 4.530210000000000070e-01 5.077310000000000434e-01
6.330000000000000000e+02 4.094180000000000041e-01 4.530069999999999930e-01 5.077180000000000026e-01
6.340000000000000000e+02 4.094079999999999941e-01 4.529880000000000018e-01 5.077110000000000234e-01
6.350000000000000000e+02 4.094519999999999826e-01 4.530270000000000130e-01 5.077530000000000099e-01
6.360000000000000000e+02 4.094530000000000114e-01 4.530370000000000230e-01 5.077559999999999851e-01
6.370000000000000000e+02 4.094679999999999986e-01 4.530480000000000063e-01 5.077700000000000546e-01
6.380000000000000000e+02 4.094149999999999734e-01 4.529869999999999730e-01 5.077159999999999451e-01
6.390000000000000000e+02 4.093890000000000029e-01 4.529750000000000165e-01 5.076889999999999459e-01
6.400000000000000000e+02 4.094740000000000046e-01 4.530480000000000063e-01 5.077800000000000091e-01
6.410000000000000000e+02 4.094249999999999834e-01 4.529960000000000098e-01 5.077279999999999571e-01
6.420000000000000000e+02 4.094610000000000194e-01 4.530350000000000210e-01 5.077669999999999684e-01
6.430000000000000000e+02 4.094619999999999926e-01 4.530359999999999943e-01 5.077629999999999644e-01
6.440000000000000000e+02 4.093800000000000217e-01 4.529719999999999858e-01 5.076819999999999666e-01
6.450000000000000000e+02 4.094459999999999766e-01 4.530410000000000270e-01 5.077479999999999771e-01
6.460000000000000000e+02 4.094389999999999974e-01 4.530250000000000110e-01 5.077420000000000266e-01
6.470000000000000000e+02 4.094220000000000081e-01 4.530009999999999870e-01 5.077260000000000106e-01
6.480000000000000000e+02 4.094229999999999814e-01 4.530000000000000138e-01 5.077270000000000394e-01
6.490000000000000000e+02 4.094260000000000121e-01 4.529940000000000078e-01 5.077279999999999571e-01
6.500000000000000000e+02 4.093559999999999977e-01 4.529290000000000260e-01 5.076619999999999466e-01
6.510000000000000000e+02 4.093660000000000077e-01 4.529500000000000193e-01 5.076739999999999586e-01
6.520000000000000000e+02 4.094099999999999961e-01 4.529909999999999770e-01 5.077129999999999699e-01
6.530000000000000000e+02 4.094439999999999746e-01 4.530170000000000030e-01 5.077469999999999484e-01
6.540000000000000000e+02 4.094289999999999874e-01 4.530020000000000158e-01 5.077329999999999899e-01
6.550000000000000000e+02 4.094059999999999921e-01 4.529699999999999838e-01 5.077080000000000481e-01
6.560000000000000000e+02 4.093229999999999924e-01 4.528760000000000008e-01 5.076300000000000257e-01
6.570000000000000000e+02 4.093919999999999781e-01 4.529610000000000025e-01 5.076969999999999539e-01
6.580000000000000000e+02 4.093919999999999781e-01 4.529659999999999798e-01 5.076939999999999786e-01
6.590000000000000000e+02 4.094070000000000209e-01 4.529670000000000085e-01 5.077040000000000441e-01
6.600000000000000000e+02 4.094119999999999981e-01 4.529790000000000205e-01 5.077089999999999659e-01
6.610000000000000000e+02 4.094119999999999981e-01 4.529859999999999998e-01 5.077120000000000521e-01
6.620000000000000000e+02 4.094329999999999914e-01 4.530029999999999890e-01 5.077310000000000434e-01
6.630000000000000000e+02 4.094160000000000021e-01 4.529900000000000038e-01 5.077169999999999739e-01
6.640000000000000000e+02 4.094110000000000249e-01 4.529989999999999850e-01 5.077139999999999986e-01
6.650000000000000000e+02 4.093729999999999869e-01 4.529389999999999805e-01 5.076650000000000329e-01
6.660000000000000000e+02 4.093689999999999829e-01 4.529329999999999745e-01 5.076669999999999794e-01
6.670000000000000000e+02 4.093729999999999869e-01 4.529389999999999805e-01 5.076709999999999834e-01
6.680000000000000000e+02 4.094169999999999754e-01 4.529790000000000205e-01 5.077120000000000521e-01
6.690000000000000000e+02 4.094280000000000141e-01 4.529830000000000245e-01 5.077279999999999571e-01
6.700000000000000000e+02 4.093419999999999837e-01 4.529190000000000160e-01 5.076410000000000089e-01
6.710000000000000000e+02 4.094110000000000249e-01 4.529909999999999770e-01 5.077089999999999659e-01
6.720000000000000000e+02 4.093720000000000137e-01 4.529329999999999745e-01 5.076669999999999794e-01
6.730000000000000000e+02 4.094479999999999786e-01 4.530080000000000218e-01 5.077540000000000386e-01
6.740000000000000000e+02 4.093649999999999789e-01 4.529340000000000033e-01 5.076669999999999794e-01
6.750000000000000000e+02 4.094189999999999774e-01 4.529819999999999958e-01 5.077239999999999531e-01
6.760000000000000000e+02 4.094070000000000209e-01 4.529739999999999878e-01 5.077110000000000234e-01
6.770000000000000000e+02 4.094400000000000261e-01 4.530000000000000138e-01 5.077450000000000019e-01
6.780000000000000000e+02 4.094019999999999881e-01 4.529560000000000253e-01 5.077080000000000481e-01
6.790000000000000000e+02 4.093910000000000049e-01 4.529549999999999965e-01 5.076939999999999786e-01
6.800000000000000000e+02 4.093269999999999964e-01 4.528750000000000275e-01 5.076359999999999761e-01
6.810000000000000000e+02 4.094180000000000041e-01 4.529639999999999778e-01 5.077230000000000354e-01
6.820000000000000000e+02 4.093950000000000089e-01 4.529610000000000025e-01 5.077099999999999946e-01
6.830000000000000000e+02 4.093459999999999877e-01 4.529070000000000040e-01 5.076519999999999921e-01
6.840000000000000000e+02 4.093740000000000157e-01 4.529079999999999773e-01 5.076720000000000121e-01
6.850000000000000000e+02 4.094130000000000269e-01 4.529650000000000065e-01 5.077199999999999491e-01
6.860000000000000000e+02 4.094289999999999874e-01 4.529980000000000118e-01 5.077319999999999611e-01
6.870000000000000000e+02 4.094459999999999766e-01 4.530020000000000158e-01 5.077519999999999811e-01
6.880000000000000000e+02 4.094389999999999974e-01 4.529779999999999918e-01 5.077369999999999939e-01
6.890000000000000000e+02 4.093979999999999841e-01 4.529560000000000253e-01 5.077059999999999906e-01
6.900000000000000000e+02 4.094059999999999921e-01 4.529659999999999798e-01 5.077120000000000521e-01
6.910000000000000000e+02 4.094260000000000121e-01 4.529659999999999798e-01 5.077239999999999531e-01
6.920000000000000000e+02 4.094030000000000169e-01 4.529429999999999845e-01 5.077129999999999699e-01
6.930000000000000000e+02 4.094090000000000229e-01 4.529580000000000273e-01 5.077139999999999986e-01
6.940000000000000000e+02 4.093999999999999861e-01 4.529580000000000273e-01 5.077000000000000401e-01
6.950000000000000000e+02 4.093229999999999924e-01 4.528710000000000235e-01 5.076230000000000464e-01
6.960000000000000000e+02 4.094019999999999881e-01 4.529449999999999865e-01 5.077000000000000401e-01
6.970000000000000000e+02 4.094119999999999981e-01 4.529460000000000153e-01 5.077230000000000354e-01
6.980000000000000000e+02 4.094050000000000189e-01 4.529480000000000173e-01 5.077019999999999866e-01
6.990000000000000000e+02 4.094320000000000181e-01 4.529630000000000045e-01 5.077350000000000474e-01
7.000000000000000000e+02 4.094619999999999926e-01 4.529549999999999965e-01 5.077559999999999851e-01
7.010000000000000000e+02 4.094889999999999919e-01 4.530000000000000138e-01 5.077810000000000379e-01
7.020000000000000000e+02 4.094300000000000161e-01 4.529219999999999913e-01 5.077230000000000354e-01
7.030000000000000000e+02 4.094329999999999914e-01 4.529130000000000100e-01 5.077279999999999571e-01
7.040000000000000000e+02 4.094280000000000141e-01 4.528929999999999900e-01 5.077319999999999611e-01
7.050000000000000000e+02 4.094400000000000261e-01 4.528880000000000128e-01 5.077420000000000266e-01
7.060000000000000000e+02 4.094479999999999786e-01 4.528840000000000088e-01 5.077439999999999731e-01
7.070000000000000000e+02 4.094659999999999966e-01 4.528909999999999880e-01 5.077599999999999891e-01
7.080000000000000000e+02 4.094659999999999966e-01 4.528840000000000088e-01 5.077629999999999644e-01
7.090000000000000000e+02 4.094590000000000174e-01 4.528800000000000048e-01 5.077589999999999604e-01
7.100000000000000000e+02 4.094769999999999799e-01 4.528909999999999880e-01 5.077749999999999764e-01
7.110000000000000000e+02 4.094840000000000146e-01 4.529039999999999733e-01 5.077779999999999516e-01
7.120000000000000000e+02 4.094800000000000106e-01 4.528809999999999780e-01 5.077779999999999516e-01
7.130000000000000000e+02 4.094709999999999739e-01 4.528789999999999760e-01 5.077690000000000259e-01
7.140000000000000000e+02 4.094749999999999779e-01 4.528840000000000088e-01 5.077730000000000299e-01
7.150000000000000000e+02 4.094749999999999779e-01 4.528880000000000128e-01 5.077730000000000299e-01
7.160000000000000000e+02 4.094769999999999799e-01 4.528889999999999860e-01 5.077739999999999476e-01
7.170000000000000000e+02 4.094769999999999799e-01 4.528889999999999860e-01 5.077739999999999476e-01
7.180000000000000000e+02 4.094769999999999799e-01 4.528900000000000148e-01 5.077739999999999476e-01
7.190000000000000000e+02 4.094769999999999799e-01 4.528900000000000148e-01 5.077749999999999764e-01
7.200000000000000000e+02 4.094769999999999799e-01 4.528900000000000148e-01 5.077749999999999764e-01
7.210000000000000000e+02 4.094780000000000086e-01 4.528900000000000148e-01 5.077749999999999764e-01
7.220000000000000000e+02 4.094780000000000086e-01 4.528900000000000148e-01 5.077749999999999764e-01
7.230000000000000000e+02 4.094780000000000086e-01 4.528909999999999880e-01 5.077760000000000051e-01
7.240000000000000000e+02 4.094780000000000086e-01 4.528909999999999880e-01 5.077760000000000051e-01
7.250000000000000000e+02 4.094789999999999819e-01 4.528909999999999880e-01 5.077760000000000051e-01
7.260000000000000000e+02 4.094789999999999819e-01 4.528909999999999880e-01 5.077760000000000051e-01
7.270000000000000000e+02 4.094789999999999819e-01 4.528920000000000168e-01 5.077760000000000051e-01
7.280000000000000000e+02 4.094789999999999819e-01 4.528920000000000168e-01 5.077770000000000339e-01
7.290000000000000000e+02 4.094789999999999819e-01 4.528920000000000168e-01 5.077770000000000339e-01
7.300000000000000000e+02 4.094800000000000106e-01 4.528920000000000168e-01 5.077770000000000339e-01
7.310000000000000000e+02 4.094800000000000106e-01 4.528920000000000168e-01 5.077770000000000339e-01
7.320000000000000000e+02 4.094800000000000106e-01 4.528929999999999900e-01 5.077779999999999516e-01
7.330000000000000000e+02 4.094800000000000106e-01 4.528929999999999900e-01 5.077779999999999516e-01
7.340000000000000000e+02 4.094809999999999839e-01 4.528929999999999900e-01 5.077779999999999516e-01
7.350000000000000000e+02 4.094809999999999839e-01 4.528929999999999900e-01 5.077779999999999516e-01
7.360000000000000000e+02 4.094809999999999839e-01 4.528940000000000188e-01 5.077779999999999516e-01
7.370000000000000000e+02 4.094809999999999839e-01 4.528940000000000188e-01 5.077789999999999804e-01
7.380000000000000000e+02 4.094809999999999839e-01 4.528940000000000188e-01 5.077789999999999804e-01
7.390000000000000000e+02 4.094820000000000126e-01 4.528940000000000188e-01 5.077789999999999804e-01
7.400000000000000000e+02 4.094820000000000126e-01 4.528940000000000188e-01 5.077789999999999804e-01
7.410000000000000000e+02 4.094820000000000126e-01 4.528949999999999920e-01 5.077800000000000091e-01
7.420000000000000000e+02 4.094820000000000126e-01 4.528949999999999920e-01 5.077800000000000091e-01
7.430000000000000000e+02 4.094820000000000126e-01 4.528949999999999920e-01 5.077800000000000091e-01
7.440000000000000000e+02 4.094829999999999859e-01 4.528949999999999920e-01 5.077800000000000091e-01
7.450000000000000000e+02 4.094829999999999859e-01 4.528949999999999920e-01 5.077800000000000091e-01
7.460000000000000000e+02 4.094829999999999859e-01 4.528960000000000208e-01 5.077810000000000379e-01
7.470000000000000000e+02 4.094829999999999859e-01 4.528960000000000208e-01 5.077810000000000379e-01
7.480000000000000000e+02 4.094840000000000146e-01 4.528960000000000208e-01 5.077810000000000379e-01
7.490000000000000000e+02 4.094840000000000146e-01 4.528960000000000208e-01 5.077810000000000379e-01
7.500000000000000000e+02 4.094840000000000146e-01 4.528969999999999940e-01 5.077810000000000379e-01
7.510000000000000000e+02 4.094840000000000146e-01 4.528969999999999940e-01 5.077819999999999556e-01
7.520000000000000000e+02 4.094840000000000146e-01 4.528969999999999940e-01 5.077819999999999556e-01
7.530000000000000000e+02 4.094849999999999879e-01 4.528969999999999940e-01 5.077819999999999556e-01
7.540000000000000000e+02 4.094849999999999879e-01 4.528969999999999940e-01 5.077819999999999556e-01
7.550000000000000000e+02 4.094849999999999879e-01 4.528980000000000228e-01 5.077819999999999556e-01
7.560000000000000000e+02 4.094849999999999879e-01 4.528980000000000228e-01 5.077829999999999844e-01
7.570000000000000000e+02 4.094849999999999879e-01 4.528980000000000228e-01 5.077829999999999844e-01
7.580000000000000000e+02 4.094860000000000166e-01 4.528980000000000228e-01 5.077829999999999844e-01
7.590000000000000000e+02 4.094860000000000166e-01 4.528980000000000228e-01 5.077829999999999844e-01
7.600000000000000000e+02 4.094860000000000166e-01 4.528989999999999960e-01 5.077829999999999844e-01
7.610000000000000000e+02 4.094860000000000166e-01 4.528989999999999960e-01 5.077840000000000131e-01
7.620000000000000000e+02 4.094860000000000166e-01 4.528989999999999960e-01 5.077840000000000131e-01
7.630000000000000000e+02 4.094869999999999899e-01 4.528989999999999960e-01 5.077840000000000131e-01
7.640000000000000000e+02 4.094869999999999899e-01 4.528989999999999960e-01 5.077840000000000131e-01
7.650000000000000000e+02 4.094869999999999899e-01 4.529000000000000248e-01 5.077840000000000131e-01
7.660000000000000000e+02 4.094869999999999899e-01 4.529000000000000248e-01 5.077850000000000419e-01
7.670000000000000000e+02 4.094869999999999899e-01 4.529000000000000248e-01 5.077850000000000419e-01
7.680000000000000000e+02 4.094880000000000186e-01 4.529000000000000248e-01 5.077850000000000419e-01
7.690000000000000000e+02 4.094880000000000186e-01 4.529000000000000248e-01 5.077850000000000419e-01
7.700000000000000000e+02 4.094880000000000186e-01 4.529009999999999980e-01 5.077850000000000419e-01
7.710000000000000000e+02 4.094880000000000186e-01 4.529009999999999980e-01 5.077859999999999596e-01
7.720000000000000000e+02 4.094880000000000186e-01 4.529009999999999980e-01 5.077859999999999596e-01
7.730000000000000000e+02 4.094889999999999919e-01 4.529009999999999980e-01 5.077859999999999596e-01
7.740000000000000000e+02 4.094889999999999919e-01 4.529009999999999980e-01 5.077859999999999596e-01
7.750000000000000000e+02 4.094889999999999919e-01 4.529020000000000268e-01 5.077859999999999596e-01
7.760000000000000000e+02 4.094889999999999919e-01 4.529020000000000268e-01 5.077869999999999884e-01
7.770000000000000000e+02 4.094889999999999919e-01 4.529020000000000268e-01 5.077869999999999884e-01
7.780000000000000000e+02 4.094900000000000206e-01 4.529020000000000268e-01 5.077869999999999884e-01
7.790000000000000000e+02 4.094900000000000206e-01 4.529020000000000268e-01 5.077869999999999884e-01
7.800000000000000000e+02 4.094900000000000206e-01 4.529020000000000268e-01 5.077869999999999884e-01
7.810000000000000000e+02 4.094900000000000206e-01 4.529030000000000000e-01 5.077880000000000171e-01
7.820000000000000000e+02 4.094900000000000206e-01 4.529030000000000000e-01 5.077880000000000171e-01
7.830000000000000000e+02 4.094900000000000206e-01 4.529030000000000000e-01 5.077880000000000171e-01
7.840000000000000000e+02 4.094909999999999939e-01 4.529030000000000000e-01 5.077880000000000171e-01
7.850000000000000000e+02 4.094909999999999939e-01 4.529030000000000000e-01 5.077880000000000171e-01
7.860000000000000000e+02 4.094909999999999939e-01 4.529039999999999733e-01 5.077890000000000459e-01
7.870000000000000000e+02 4.094909999999999939e-01 4.529039999999999733e-01 5.077890000000000459e-01
7.880000000000000000e+02 4.094909999999999939e-01 4.529039999999999733e-01 5.077890000000000459e-01
7.890000000000000000e+02 4.094920000000000226e-01 4.529039999999999733e-01 5.077890000000000459e-01
7.900000000000000000e+02 4.094920000000000226e-01 4.529039999999999733e-01 5.077890000000000459e-01
7.910000000000000000e+02 4.094920000000000226e-01 4.529050000000000020e-01 5.077890000000000459e-01
7.920000000000000000e+02 4.094920000000000226e-01 4.529050000000000020e-01 5.077899999999999636e-01
7.930000000000000000e+02 4.094920000000000226e-01 4.529050000000000020e-01 5.077899999999999636e-01
7.940000000000000000e+02 4.094929999999999959e-01 4.529050000000000020e-01 5.077899999999999636e-01
7.950000000000000000e+02 4.094929999999999959e-01 4.529050000000000020e-01 5.077899999999999636e-01
7.960000000000000000e+02 4.094929999999999959e-01 4.529059999999999753e-01 5.077899999999999636e-01
7.970000000000000000e+02 4.094929999999999959e-01 4.529059999999999753e-01 5.077909999999999924e-01
7.980000000000000000e+02 4.094929999999999959e-01 4.529059999999999753e-01 5.077909999999999924e-01
7.990000000000000000e+02 4.094929999999999959e-01 4.529059999999999753e-01 5.077909999999999924e-01
8.000000000000000000e+02 4.094940000000000246e-01 4.529059999999999753e-01 5.077909999999999924e-01
8.010000000000000000e+02 4.094940000000000246e-01 4.529059999999999753e-01 5.077909999999999924e-01
8.020000000000000000e+02 4.094940000000000246e-01 4.529070000000000040e-01 5.077920000000000211e-01
8.030000000000000000e+02 4.094940000000000246e-01 4.529070000000000040e-01 5.077920000000000211e-01
8.040000000000000000e+02 4.094940000000000246e-01 4.529070000000000040e-01 5.077920000000000211e-01
8.050000000000000000e+02 4.094949999999999979e-01 4.529070000000000040e-01 5.077920000000000211e-01
8.060000000000000000e+02 4.094949999999999979e-01 4.529070000000000040e-01 5.077920000000000211e-01
8.070000000000000000e+02 4.094949999999999979e-01 4.529079999999999773e-01 5.077920000000000211e-01
8.080000000000000000e+02 4.094949999999999979e-01 4.529079999999999773e-01 5.077930000000000499e-01
8.090000000000000000e+02 4.094949999999999979e-01 4.529079999999999773e-01 5.077930000000000499e-01
8.100000000000000000e+02 4.094949999999999979e-01 4.529079999999999773e-01 5.077930000000000499e-01
8.110000000000000000e+02 4.094960000000000266e-01 4.529079999999999773e-01 5.077930000000000499e-01
8.120000000000000000e+02 4.094960000000000266e-01 4.529079999999999773e-01 5.077930000000000499e-01
8.130000000000000000e+02 4.094960000000000266e-01 4.529090000000000060e-01 5.077930000000000499e-01
8.140000000000000000e+02 4.094960000000000266e-01 4.529090000000000060e-01 5.077939999999999676e-01
8.150000000000000000e+02 4.094960000000000266e-01 4.529090000000000060e-01 5.077939999999999676e-01
8.160000000000000000e+02 4.094969999999999999e-01 4.529090000000000060e-01 5.077939999999999676e-01
8.170000000000000000e+02 4.094969999999999999e-01 4.529090000000000060e-01 5.077939999999999676e-01
8.180000000000000000e+02 4.094969999999999999e-01 4.529090000000000060e-01 5.077939999999999676e-01
8.190000000000000000e+02 4.094969999999999999e-01 4.529099999999999793e-01 5.077949999999999964e-01
8.200000000000000000e+02 4.094969999999999999e-01 4.529099999999999793e-01 5.077949999999999964e-01
8.210000000000000000e+02 4.094969999999999999e-01 4.529099999999999793e-01 5.077949999999999964e-01
8.220000000000000000e+02 4.094979999999999731e-01 4.529099999999999793e-01 5.077949999999999964e-01
8.230000000000000000e+02 4.094979999999999731e-01 4.529099999999999793e-01 5.077949999999999964e-01
8.240000000000000000e+02 4.094979999999999731e-01 4.529099999999999793e-01 5.077949999999999964e-01
8.250000000000000000e+02 4.094979999999999731e-01 4.529110000000000080e-01 5.077960000000000251e-01
8.260000000000000000e+02 4.094979999999999731e-01 4.529110000000000080e-01 5.077960000000000251e-01
8.270000000000000000e+02 4.094979999999999731e-01 4.529110000000000080e-01 5.077960000000000251e-01
8.280000000000000000e+02 4.094990000000000019e-01 4.529110000000000080e-01 5.077960000000000251e-01
8.290000000000000000e+02 4.094990000000000019e-01 4.529110000000000080e-01 5.077960000000000251e-01
8.300000000000000000e+02 4.094990000000000019e-01 4.529119999999999813e-01 5.077960000000000251e-01
8.310000000000000000e+02 4.094990000000000019e-01 4.529119999999999813e-01 5.077970000000000539e-01
8.320000000000000000e+02 4.094990000000000019e-01 4.529119999999999813e-01 5.077970000000000539e-01
8.330000000000000000e+02 4.094990000000000019e-01 4.529119999999999813e-01 5.077970000000000539e-01
8.340000000000000000e+02 4.094999999999999751e-01 4.529119999999999813e-01 5.077970000000000539e-01
8.350000000000000000e+02 4.094999999999999751e-01 4.529119999999999813e-01 5.077970000000000539e-01
8.360000000000000000e+02 4.094999999999999751e-01 4.529130000000000100e-01 5.077970000000000539e-01
8.370000000000000000e+02 4.094999999999999751e-01 4.529130000000000100e-01 5.077979999999999716e-01
8.380000000000000000e+02 4.094999999999999751e-01 4.529130000000000100e-01 5.077979999999999716e-01
8.390000000000000000e+02 4.094999999999999751e-01 4.529130000000000100e-01 5.077979999999999716e-01
8.400000000000000000e+02 4.095010000000000039e-01 4.529130000000000100e-01 5.077979999999999716e-01
8.410000000000000000e+02 4.095010000000000039e-01 4.529130000000000100e-01 5.077979999999999716e-01
8.420000000000000000e+02 4.095010000000000039e-01 4.529139999999999833e-01 5.077979999999999716e-01
8.430000000000000000e+02 4.095010000000000039e-01 4.529139999999999833e-01 5.077990000000000004e-01
8.440000000000000000e+02 4.095010000000000039e-01 4.529139999999999833e-01 5.077990000000000004e-01
8.450000000000000000e+02 4.095010000000000039e-01 4.529139999999999833e-01 5.077990000000000004e-01
8.460000000000000000e+02 4.095019999999999771e-01 4.529139999999999833e-01 5.077990000000000004e-01
8.470000000000000000e+02 4.095019999999999771e-01 4.529139999999999833e-01 5.077990000000000004e-01
8.480000000000000000e+02 4.095019999999999771e-01 4.529150000000000120e-01 5.077990000000000004e-01
8.490000000000000000e+02 4.095019999999999771e-01 4.529150000000000120e-01 5.078000000000000291e-01
8.500000000000000000e+02 4.095019999999999771e-01 4.529150000000000120e-01 5.078000000000000291e-01
8.510000000000000000e+02 4.095019999999999771e-01 4.529150000000000120e-01 5.078000000000000291e-01
8.520000000000000000e+02 4.095030000000000059e-01 4.529150000000000120e-01 5.078000000000000291e-01
8.530000000000000000e+02 4.095030000000000059e-01 4.529150000000000120e-01 5.078000000000000291e-01
8.540000000000000000e+02 4.095030000000000059e-01 4.529150000000000120e-01 5.078000000000000291e-01
8.550000000000000000e+02 4.095030000000000059e-01 4.529159999999999853e-01 5.078009999999999469e-01
8.560000000000000000e+02 4.095030000000000059e-01 4.529159999999999853e-01 5.078009999999999469e-01
8.570000000000000000e+02 4.095030000000000059e-01 4.529159999999999853e-01 5.078009999999999469e-01
8.580000000000000000e+02 4.095039999999999791e-01 4.529159999999999853e-01 5.078009999999999469e-01
8.590000000000000000e+02 4.095039999999999791e-01 4.529159999999999853e-01 5.078009999999999469e-01
8.600000000000000000e+02 4.095039999999999791e-01 4.529159999999999853e-01 5.078009999999999469e-01
8.610000000000000000e+02 4.095039999999999791e-01 4.529170000000000140e-01 5.078019999999999756e-01
8.620000000000000000e+02 4.095039999999999791e-01 4.529170000000000140e-01 5.078019999999999756e-01
8.630000000000000000e+02 4.095039999999999791e-01 4.529170000000000140e-01 5.078019999999999756e-01
8.640000000000000000e+02 4.095050000000000079e-01 4.529170000000000140e-01 5.078019999999999756e-01
8.650000000000000000e+02 4.095050000000000079e-01 4.529170000000000140e-01 5.078019999999999756e-01
8.660000000000000000e+02 4.095050000000000079e-01 4.529170000000000140e-01 5.078019999999999756e-01
8.670000000000000000e+02 4.095050000000000079e-01 4.529179999999999873e-01 5.078019999999999756e-01
8.680000000000000000e+02 4.095050000000000079e-01 4.529179999999999873e-01 5.078030000000000044e-01
8.690000000000000000e+02 4.095050000000000079e-01 4.529179999999999873e-01 5.078030000000000044e-01
8.700000000000000000e+02 4.095050000000000079e-01 4.529179999999999873e-01 5.078030000000000044e-01
8.710000000000000000e+02 4.095059999999999811e-01 4.529179999999999873e-01 5.078030000000000044e-01
8.720000000000000000e+02 4.095059999999999811e-01 4.529179999999999873e-01 5.078030000000000044e-01
8.730000000000000000e+02 4.095059999999999811e-01 4.529179999999999873e-01 5.078030000000000044e-01
8.740000000000000000e+02 4.095059999999999811e-01 4.529190000000000160e-01 5.078040000000000331e-01
8.750000000000000000e+02 4.095059999999999811e-01 4.529190000000000160e-01 5.078040000000000331e-01
8.760000000000000000e+02 4.095059999999999811e-01 4.529190000000000160e-01 5.078040000000000331e-01
8.770000000000000000e+02 4.095059999999999811e-01 4.529190000000000160e-01 5.078040000000000331e-01
8.780000000000000000e+02 4.095070000000000099e-01 4.529190000000000160e-01 5.078040000000000331e-01
8.790000000000000000e+02 4.095070000000000099e-01 4.529190000000000160e-01 5.078040000000000331e-01
8.800000000000000000e+02 4.095070000000000099e-01 4.529199999999999893e-01 5.078040000000000331e-01
8.810000000000000000e+02 4.095070000000000099e-01 4.529199999999999893e-01 5.078049999999999509e-01
8.820000000000000000e+02 4.095070000000000099e-01 4.529199999999999893e-01 5.078049999999999509e-01
8.830000000000000000e+02 4.095070000000000099e-01 4.529199999999999893e-01 5.078049999999999509e-01
8.840000000000000000e+02 4.095079999999999831e-01 4.529199999999999893e-01 5.078049999999999509e-01
8.850000000000000000e+02 4.095079999999999831e-01 4.529199999999999893e-01 5.078049999999999509e-01
8.860000000000000000e+02 4.095079999999999831e-01 4.529199999999999893e-01 5.078049999999999509e-01
8.870000000000000000e+02 4.095079999999999831e-01 4.529210000000000180e-01 5.078059999999999796e-01
8.880000000000000000e+02 4.095079999999999831e-01 4.529210000000000180e-01 5.078059999999999796e-01
8.890000000000000000e+02 4.095079999999999831e-01 4.529210000000000180e-01 5.078059999999999796e-01
8.900000000000000000e+02 4.095079999999999831e-01 4.529210000000000180e-01 5.078059999999999796e-01
8.910000000000000000e+02 4.095090000000000119e-01 4.529210000000000180e-01 5.078059999999999796e-01
8.920000000000000000e+02 4.095090000000000119e-01 4.529210000000000180e-01 5.078059999999999796e-01
8.930000000000000000e+02 4.095090000000000119e-01 4.529210000000000180e-01 5.078059999999999796e-01
8.940000000000000000e+02 4.095090000000000119e-01 4.529219999999999913e-01 5.078070000000000084e-01
8.950000000000000000e+02 4.095090000000000119e-01 4.529219999999999913e-01 5.078070000000000084e-01
8.960000000000000000e+02 4.095090000000000119e-01 4.529219999999999913e-01 5.078070000000000084e-01
8.970000000000000000e+02 4.095090000000000119e-01 4.529219999999999913e-01 5.078070000000000084e-01
8.980000000000000000e+02 4.095099999999999851e-01 4.529219999999999913e-01 5.078070000000000084e-01
8.990000000000000000e+02 4.095099999999999851e-01 4.529219999999999913e-01 5.078070000000000084e-01
9.000000000000000000e+02 4.095099999999999851e-01 4.529219999999999913e-01 5.078070000000000084e-01
9.010000000000000000e+02 4.095099999999999851e-01 4.529230000000000200e-01 5.078080000000000371e-01
9.020000000000000000e+02 4.095099999999999851e-01 4.529230000000000200e-01 5.078080000000000371e-01
9.030000000000000000e+02 4.095099999999999851e-01 4.529230000000000200e-01 5.078080000000000371e-01
9.040000000000000000e+02 4.095099999999999851e-01 4.529230000000000200e-01 5.078080000000000371e-01
9.050000000000000000e+02 4.095110000000000139e-01 4.529230000000000200e-01 5.078080000000000371e-01
9.060000000000000000e+02 4.095110000000000139e-01 4.529230000000000200e-01 5.078080000000000371e-01
9.070000000000000000e+02 4.095110000000000139e-01 4.529230000000000200e-01 5.078080000000000371e-01
9.080000000000000000e+02 4.095110000000000139e-01 4.529239999999999933e-01 5.078089999999999549e-01
9.090000000000000000e+02 4.095110000000000139e-01 4.529239999999999933e-01 5.078089999999999549e-01
9.100000000000000000e+02 4.095110000000000139e-01 4.529239999999999933e-01 5.078089999999999549e-01
9.110000000000000000e+02 4.095110000000000139e-01 4.529239999999999933e-01 5.078089999999999549e-01
9.120000000000000000e+02 4.095119999999999871e-01 4.529239999999999933e-01 5.078089999999999549e-01
9.130000000000000000e+02 4.095119999999999871e-01 4.529239999999999933e-01 5.078089999999999549e-01
9.140000000000000000e+02 4.095119999999999871e-01 4.529239999999999933e-01 5.078089999999999549e-01
9.150000000000000000e+02 4.095119999999999871e-01 4.529250000000000220e-01 5.078099999999999836e-01
9.160000000000000000e+02 4.095119999999999871e-01 4.529250000000000220e-01 5.078099999999999836e-01
9.170000000000000000e+02 4.095119999999999871e-01 4.529250000000000220e-01 5.078099999999999836e-01
9.180000000000000000e+02 4.095119999999999871e-01 4.529250000000000220e-01 5.078099999999999836e-01
9.190000000000000000e+02 4.095130000000000159e-01 4.529250000000000220e-01 5.078099999999999836e-01
9.200000000000000000e+02 4.095130000000000159e-01 4.529250000000000220e-01 5.078099999999999836e-01
9.210000000000000000e+02 4.095130000000000159e-01 4.529250000000000220e-01 5.078099999999999836e-01
9.220000000000000000e+02 4.095130000000000159e-01 4.529259999999999953e-01 5.078110000000000124e-01
9.230000000000000000e+02 4.095130000000000159e-01 4.529259999999999953e-01 5.078110000000000124e-01
9.240000000000000000e+02 4.095130000000000159e-01 4.529259999999999953e-01 5.078110000000000124e-01
9.250000000000000000e+02 4.095130000000000159e-01 4.529259999999999953e-01 5.078110000000000124e-01
9.260000000000000000e+02 4.095139999999999891e-01 4.529259999999999953e-01 5.078110000000000124e-01
9.270000000000000000e+02 4.095139999999999891e-01 4.529259999999999953e-01 5.078110000000000124e-01
9.280000000000000000e+02 4.095139999999999891e-01 4.529259999999999953e-01 5.078110000000000124e-01
9.290000000000000000e+02 4.095139999999999891e-01 4.529270000000000240e-01 5.078110000000000124e-01
9.300000000000000000e+02 4.095139999999999891e-01 4.529270000000000240e-01 5.078120000000000411e-01
9.310000000000000000e+02 4.095139999999999891e-01 4.529270000000000240e-01 5.078120000000000411e-01
9.320000000000000000e+02 4.095139999999999891e-01 4.529270000000000240e-01 5.078120000000000411e-01
9.330000000000000000e+02 4.095139999999999891e-01 4.529270000000000240e-01 5.078120000000000411e-01
9.340000000000000000e+02 4.095150000000000179e-01 4.529270000000000240e-01 5.078120000000000411e-01
9.350000000000000000e+02 4.095150000000000179e-01 4.529270000000000240e-01 5.078120000000000411e-01
9.360000000000000000e+02 4.095150000000000179e-01 4.529270000000000240e-01 5.078120000000000411e-01
9.370000000000000000e+02 4.095150000000000179e-01 4.529279999999999973e-01 5.078129999999999589e-01
9.380000000000000000e+02 4.095150000000000179e-01 4.529279999999999973e-01 5.078129999999999589e-01
9.390000000000000000e+02 4.095150000000000179e-01 4.529279999999999973e-01 5.078129999999999589e-01
9.400000000000000000e+02 4.095150000000000179e-01 4.529279999999999973e-01 5.078129999999999589e-01
9.410000000000000000e+02 4.095159999999999911e-01 4.529279999999999973e-01 5.078129999999999589e-01
9.420000000000000000e+02 4.095159999999999911e-01 4.529279999999999973e-01 5.078129999999999589e-01
9.430000000000000000e+02 4.095159999999999911e-01 4.529279999999999973e-01 5.078129999999999589e-01
9.440000000000000000e+02 4.095159999999999911e-01 4.529290000000000260e-01 5.078129999999999589e-01
9.450000000000000000e+02 4.095159999999999911e-01 4.529290000000000260e-01 5.078139999999999876e-01
9.460000000000000000e+02 4.095159999999999911e-01 4.529290000000000260e-01 5.078139999999999876e-01
9.470000000000000000e+02 4.095159999999999911e-01 4.529290000000000260e-01 5.078139999999999876e-01
9.480000000000000000e+02 4.095159999999999911e-01 4.529290000000000260e-01 5.078139999999999876e-01
9.490000000000000000e+02 4.095170000000000199e-01 4.529290000000000260e-01 5.078139999999999876e-01
9.500000000000000000e+02 4.095170000000000199e-01 4.529290000000000260e-01 5.078139999999999876e-01
9.510000000000000000e+02 4.095170000000000199e-01 4.529290000000000260e-01 5.078139999999999876e-01
9.520000000000000000e+02 4.095170000000000199e-01 4.529299999999999993e-01 5.078150000000000164e-01
9.530000000000000000e+02 4.095170000000000199e-01 4.529299999999999993e-01 5.078150000000000164e-01
9.540000000000000000e+02 4.095170000000000199e-01 4.529299999999999993e-01 5.078150000000000164e-01
9.550000000000000000e+02 4.095170000000000199e-01 4.529299999999999993e-01 5.078150000000000164e-01
9.560000000000000000e+02 4.095179999999999931e-01 4.529299999999999993e-01 5.078150000000000164e-01
9.570000000000000000e+02 4.095179999999999931e-01 4.529299999999999993e-01 5.078150000000000164e-01
9.580000000000000000e+02 4.095179999999999931e-01 4.529299999999999993e-01 5.078150000000000164e-01
9.590000000000000000e+02 4.095179999999999931e-01 4.529299999999999993e-01 5.078150000000000164e-01
9.600000000000000000e+02 4.095179999999999931e-01 4.529309999999999725e-01 5.078160000000000451e-01
9.610000000000000000e+02 4.095179999999999931e-01 4.529309999999999725e-01 5.078160000000000451e-01
9.620000000000000000e+02 4.095179999999999931e-01 4.529309999999999725e-01 5.078160000000000451e-01
9.630000000000000000e+02 4.095179999999999931e-01 4.529309999999999725e-01 5.078160000000000451e-01
9.640000000000000000e+02 4.095190000000000219e-01 4.529309999999999725e-01 5.078160000000000451e-01
9.650000000000000000e+02 4.095190000000000219e-01 4.529309999999999725e-01 5.078160000000000451e-01
9.660000000000000000e+02 4.095190000000000219e-01 4.529309999999999725e-01 5.078160000000000451e-01
9.670000000000000000e+02 4.095190000000000219e-01 4.529309999999999725e-01 5.078160000000000451e-01
9.680000000000000000e+02 4.095190000000000219e-01 4.529320000000000013e-01 5.078169999999999629e-01
9.690000000000000000e+02 4.095190000000000219e-01 4.529320000000000013e-01 5.078169999999999629e-01
9.700000000000000000e+02 4.095190000000000219e-01 4.529320000000000013e-01 5.078169999999999629e-01
9.710000000000000000e+02 4.095190000000000219e-01 4.529320000000000013e-01 5.078169999999999629e-01
9.720000000000000000e+02 4.095199999999999951e-01 4.529320000000000013e-01 5.078169999999999629e-01
9.730000000000000000e+02 4.095199999999999951e-01 4.529320000000000013e-01 5.078169999999999629e-01
9.740000000000000000e+02 4.095199999999999951e-01 4.529320000000000013e-01 5.078169999999999629e-01
9.750000000000000000e+02 4.095199999999999951e-01 4.529320000000000013e-01 5.078169999999999629e-01
9.760000000000000000e+02 4.095199999999999951e-01 4.529329999999999745e-01 5.078179999999999916e-01
9.770000000000000000e+02 4.095199999999999951e-01 4.529329999999999745e-01 5.078179999999999916e-01
9.780000000000000000e+02 4.095199999999999951e-01 4.529329999999999745e-01 5.078179999999999916e-01
9.790000000000000000e+02 4.095199999999999951e-01 4.529329999999999745e-01 5.078179999999999916e-01
9.800000000000000000e+02 4.095210000000000239e-01 4.529329999999999745e-01 5.078179999999999916e-01
9.810000000000000000e+02 4.095210000000000239e-01 4.529329999999999745e-01 5.078179999999999916e-01
9.820000000000000000e+02 4.095210000000000239e-01 4.529329999999999745e-01 5.078179999999999916e-01
9.830000000000000000e+02 4.095210000000000239e-01 4.529329999999999745e-01 5.078179999999999916e-01
9.840000000000000000e+02 4.095210000000000239e-01 4.529340000000000033e-01 5.078190000000000204e-01
9.850000000000000000e+02 4.095210000000000239e-01 4.529340000000000033e-01 5.078190000000000204e-01
9.860000000000000000e+02 4.095210000000000239e-01 4.529340000000000033e-01 5.078190000000000204e-01
9.870000000000000000e+02 4.095210000000000239e-01 4.529340000000000033e-01 5.078190000000000204e-01
9.880000000000000000e+02 4.095210000000000239e-01 4.529340000000000033e-01 5.078190000000000204e-01
9.890000000000000000e+02 4.095219999999999971e-01 4.529340000000000033e-01 5.078190000000000204e-01
9.900000000000000000e+02 4.095219999999999971e-01 4.529340000000000033e-01 5.078190000000000204e-01
9.910000000000000000e+02 4.095219999999999971e-01 4.529340000000000033e-01 5.078190000000000204e-01
9.920000000000000000e+02 4.095219999999999971e-01 4.529349999999999765e-01 5.078190000000000204e-01
9.930000000000000000e+02 4.095219999999999971e-01 4.529349999999999765e-01 5.078200000000000491e-01
9.940000000000000000e+02 4.095219999999999971e-01 4.529349999999999765e-01 5.078200000000000491e-01
9.950000000000000000e+02 4.095219999999999971e-01 4.529349999999999765e-01 5.078200000000000491e-01
9.960000000000000000e+02 4.095219999999999971e-01 4.529349999999999765e-01 5.078200000000000491e-01
9.970000000000000000e+02 4.095230000000000259e-01 4.529349999999999765e-01 5.078200000000000491e-01
9.980000000000000000e+02 4.095230000000000259e-01 4.529349999999999765e-01 5.078200000000000491e-01
9.990000000000000000e+02 4.095230000000000259e-01 4.529349999999999765e-01 5.078200000000000491e-01
1.000000000000000000e+03 4.095230000000000259e-01 4.529349999999999765e-01 5.078200000000000491e-01
1.001000000000000000e+03 4.095230000000000259e-01 4.529360000000000053e-01 5.078209999999999669e-01
1.002000000000000000e+03 4.095230000000000259e-01 4.529360000000000053e-01 5.078209999999999669e-01
1.003000000000000000e+03 4.095230000000000259e-01 4.529360000000000053e-01 5.078209999999999669e-01
1.004000000000000000e+03 4.095230000000000259e-01 4.529360000000000053e-01 5.078209999999999669e-01
1.005000000000000000e+03 4.095230000000000259e-01 4.529360000000000053e-01 5.078209999999999669e-01
1.006000000000000000e+03 4.095239999999999991e-01 4.529360000000000053e-01 5.078209999999999669e-01
1.007000000000000000e+03 4.095239999999999991e-01 4.529360000000000053e-01 5.078209999999999669e-01
1.008000000000000000e+03 4.095239999999999991e-01 4.529360000000000053e-01 5.078209999999999669e-01
1.009000000000000000e+03 4.095239999999999991e-01 4.529369999999999785e-01 5.078209999999999669e-01
