1.000000000000000000e+01 -1.703599999999999906e-02 9.950000000000000511e-03 5.210499999999999854e-02
1.100000000000000000e+01 -2.722600000000000020e-02 1.021900000000000065e-02 5.515199999999999964e-02
1.200000000000000000e+01 -3.764699999999999991e-02 1.032399999999999984e-02 5.802199999999999719e-02
1.300000000000000000e+01 -3.800699999999999912e-02 1.265100000000000079e-02 6.032200000000000062e-02
1.400000000000000000e+01 -3.762499999999999872e-02 1.389199999999999983e-02 6.079600000000000282e-02
1.500000000000000000e+01 -3.727199999999999958e-02 1.466499999999999922e-02 6.155599999999999961e-02
1.600000000000000000e+01 -3.525299999999999961e-02 1.670100000000000057e-02 6.381799999999999973e-02
1.700000000000000000e+01 -3.295800000000000118e-02 1.895700000000000163e-02 6.631900000000000295e-02
1.800000000000000000e+01 -2.811500000000000110e-02 2.333100000000000104e-02 7.113700000000000578e-02
1.900000000000000000e+01 -2.268299999999999830e-02 2.823399999999999868e-02 7.664500000000000479e-02
2.000000000000000000e+01 -1.759399999999999853e-02 3.275399999999999839e-02 8.180300000000000071e-02
2.100000000000000000e+01 -1.372999999999999915e-02 3.648499999999999660e-02 8.586900000000000088e-02
2.200000000000000000e+01 -8.897999999999999660e-03 4.117099999999999926e-02 9.082300000000000095e-02
2.300000000000000000e+01 -4.872999999999999728e-03 4.518300000000000094e-02 9.499699999999999811e-02
2.400000000000000000e+01 -1.374000000000000004e-03 4.876300000000000079e-02 9.859099999999999808e-02
2.500000000000000000e+01 2.256999999999999892e-03 5.247099999999999681e-02 1.021259999999999946e-01
2.600000000000000000e+01 5.596000000000000280e-03 5.589399999999999924e-02 1.054100000000000037e-01
2.700000000000000000e+01 8.826999999999999777e-03 5.918400000000000050e-02 1.086789999999999978e-01
2.800000000000000000e+01 1.199099999999999992e-02 6.234800000000000064e-02 1.118610000000000021e-01
2.900000000000000000e+01 1.541799999999999941e-02 6.570299999999999752e-02 1.153659999999999963e-01
3.000000000000000000e+01 1.936999999999999833e-02 6.953199999999999659e-02 1.194270000000000054e-01
3.100000000000000000e+01 2.375700000000000034e-02 7.375700000000000311e-02 1.239449999999999996e-01
3.200000000000000000e+01 2.725500000000000145e-02 7.712600000000000011e-02 1.275519999999999987e-01
3.300000000000000000e+01 3.037799999999999875e-02 8.022300000000000264e-02 1.307520000000000071e-01
3.400000000000000000e+01 3.332000000000000239e-02 8.316999999999999393e-02 1.337190000000000045e-01
3.500000000000000000e+01 3.525600000000000261e-02 8.513099999999999834e-02 1.356799999999999951e-01
3.600000000000000000e+01 3.717700000000000171e-02 8.709300000000000375e-02 1.376040000000000041e-01
3.700000000000000000e+01 4.045499999999999791e-02 9.036500000000000088e-02 1.409050000000000025e-01
3.800000000000000000e+01 4.413799999999999668e-02 9.398600000000000010e-02 1.446540000000000048e-01
3.900000000000000000e+01 4.826300000000000034e-02 9.797999999999999765e-02 1.488629999999999953e-01
4.000000000000000000e+01 5.225699999999999790e-02 1.018659999999999982e-01 1.529379999999999906e-01
4.100000000000000000e+01 5.613599999999999840e-02 1.056539999999999979e-01 1.568910000000000027e-01
4.200000000000000000e+01 5.920299999999999868e-02 1.087079999999999991e-01 1.600209999999999966e-01
4.300000000000000000e+01 6.193599999999999800e-02 1.114519999999999955e-01 1.628209999999999935e-01
4.400000000000000000e+01 6.401700000000000446e-02 1.135990000000000055e-01 1.649410000000000043e-01
4.500000000000000000e+01 6.652800000000000380e-02 1.161539999999999934e-01 1.674900000000000000e-01
4.600000000000000000e+01 6.939800000000000135e-02 1.190129999999999938e-01 1.704229999999999912e-01
4.700000000000000000e+01 7.253400000000000125e-02 1.220929999999999932e-01 1.736290000000000056e-01
4.800000000000000000e+01 7.588999999999999913e-02 1.253809999999999925e-01 1.770460000000000089e-01
4.900000000000000000e+01 7.950999999999999734e-02 1.289349999999999941e-01 1.807479999999999920e-01
5.000000000000000000e+01 8.297200000000000408e-02 1.323539999999999994e-01 1.843009999999999926e-01
5.100000000000000000e+01 8.629900000000000071e-02 1.356509999999999938e-01 1.877129999999999910e-01
5.200000000000000000e+01 8.918900000000000439e-02 1.385220000000000062e-01 1.906670000000000031e-01
5.300000000000000000e+01 9.159599999999999687e-02 1.409400000000000097e-01 1.931229999999999891e-01
5.400000000000000000e+01 9.391399999999999748e-02 1.432690000000000075e-01 1.954790000000000139e-01
5.500000000000000000e+01 9.651099999999999957e-02 1.458490000000000064e-01 1.981229999999999936e-01
5.600000000000000000e+01 9.923300000000000176e-02 1.485410000000000064e-01 2.008929999999999882e-01
5.700000000000000000e+01 1.023189999999999933e-01 1.515710000000000113e-01 2.040349999999999941e-01
5.800000000000000000e+01 1.060999999999999999e-01 1.552640000000000131e-01 2.078840000000000132e-01
5.900000000000000000e+01 1.099979999999999986e-01 1.590799999999999992e-01 2.118369999999999975e-01
6.000000000000000000e+01 1.135680000000000023e-01 1.625929999999999875e-01 2.154359999999999886e-01
6.100000000000000000e+01 1.165719999999999951e-01 1.655739999999999990e-01 2.184480000000000033e-01
6.200000000000000000e+01 1.192320000000000046e-01 1.682269999999999877e-01 2.211059999999999970e-01
6.300000000000000000e+01 1.214810000000000056e-01 1.704859999999999987e-01 2.233430000000000137e-01
6.400000000000000000e+01 1.240340000000000054e-01 1.730180000000000051e-01 2.259059999999999957e-01
6.500000000000000000e+01 1.265219999999999956e-01 1.754719999999999891e-01 2.284190000000000109e-01
6.600000000000000000e+01 1.294829999999999870e-01 1.783810000000000118e-01 2.314019999999999966e-01
6.700000000000000000e+01 1.325939999999999896e-01 1.814379999999999882e-01 2.345339999999999925e-01
6.800000000000000000e+01 1.360590000000000133e-01 1.848380000000000023e-01 2.380160000000000053e-01
6.900000000000000000e+01 1.390790000000000082e-01 1.878229999999999900e-01 2.410299999999999943e-01
7.000000000000000000e+01 1.418510000000000049e-01 1.905709999999999904e-01 2.437819999999999987e-01
7.100000000000000000e+01 1.443049999999999888e-01 1.930099999999999871e-01 2.462229999999999974e-01
7.200000000000000000e+01 1.468200000000000061e-01 1.955210000000000004e-01 2.487320000000000086e-01
7.300000000000000000e+01 1.492120000000000113e-01 1.979019999999999946e-01 2.511240000000000139e-01
7.400000000000000000e+01 1.519590000000000107e-01 2.006130000000000135e-01 2.538759999999999906e-01
7.500000000000000000e+01 1.550239999999999951e-01 2.036350000000000104e-01 2.569420000000000037e-01
7.600000000000000000e+01 1.582780000000000020e-01 2.068429999999999991e-01 2.601899999999999769e-01
7.700000000000000000e+01 1.614909999999999957e-01 2.100049999999999972e-01 2.633929999999999882e-01
7.800000000000000000e+01 1.643959999999999866e-01 2.128710000000000047e-01 2.662829999999999919e-01
7.900000000000000000e+01 1.667800000000000116e-01 2.152429999999999899e-01 2.686520000000000019e-01
8.000000000000000000e+01 1.689779999999999893e-01 2.174349999999999894e-01 2.708380000000000232e-01
8.100000000000000000e+01 1.712269999999999903e-01 2.196790000000000131e-01 2.730679999999999774e-01
8.200000000000000000e+01 1.735470000000000068e-01 2.219889999999999919e-01 2.753749999999999809e-01
8.300000000000000000e+01 1.760940000000000005e-01 2.245129999999999904e-01 2.779039999999999844e-01
8.400000000000000000e+01 1.790380000000000027e-01 2.274130000000000040e-01 2.808350000000000013e-01
8.500000000000000000e+01 1.819610000000000116e-01 2.302869999999999917e-01 2.837470000000000270e-01
8.600000000000000000e+01 1.845690000000000108e-01 2.328459999999999974e-01 2.863459999999999894e-01
8.700000000000000000e+01 1.871389999999999998e-01 2.353870000000000129e-01 2.888999999999999901e-01
8.800000000000000000e+01 1.897310000000000108e-01 2.379580000000000028e-01 2.914669999999999761e-01
8.900000000000000000e+01 1.920330000000000092e-01 2.402519999999999933e-01 2.937440000000000051e-01
9.000000000000000000e+01 1.944559999999999900e-01 2.426689999999999958e-01 2.961400000000000143e-01
9.100000000000000000e+01 1.970119999999999927e-01 2.452110000000000123e-01 2.986690000000000178e-01
9.200000000000000000e+01 1.995250000000000079e-01 2.476959999999999995e-01 3.011650000000000160e-01
9.300000000000000000e+01 2.019140000000000101e-01 2.500499999999999945e-01 3.035439999999999805e-01
9.400000000000000000e+01 2.045690000000000008e-01 2.526740000000000097e-01 3.061829999999999830e-01
9.500000000000000000e+01 2.071050000000000113e-01 2.551880000000000259e-01 3.086969999999999992e-01
9.600000000000000000e+01 2.097600000000000020e-01 2.578219999999999956e-01 3.113259999999999916e-01
9.700000000000000000e+01 2.122960000000000125e-01 2.603400000000000158e-01 3.138340000000000019e-01
9.800000000000000000e+01 2.148400000000000032e-01 2.628650000000000153e-01 3.163469999999999893e-01
9.900000000000000000e+01 2.172050000000000092e-01 2.652140000000000053e-01 3.186880000000000268e-01
1.000000000000000000e+02 2.194649999999999934e-01 2.674560000000000271e-01 3.209279999999999911e-01
1.010000000000000000e+02 2.215810000000000002e-01 2.695600000000000218e-01 3.230270000000000086e-01
1.020000000000000000e+02 2.237149999999999972e-01 2.716870000000000118e-01 3.251359999999999806e-01
1.030000000000000000e+02 2.260379999999999889e-01 2.740029999999999966e-01 3.274369999999999781e-01
1.040000000000000000e+02 2.282619999999999927e-01 2.762189999999999923e-01 3.296330000000000093e-01
1.050000000000000000e+02 2.306189999999999907e-01 2.785670000000000091e-01 3.319619999999999793e-01
1.060000000000000000e+02 2.329479999999999884e-01 2.808849999999999958e-01 3.342609999999999748e-01
1.070000000000000000e+02 2.353899999999999881e-01 2.833149999999999835e-01 3.366730000000000000e-01
1.080000000000000000e+02 2.375750000000000084e-01 2.854920000000000235e-01 3.388289999999999913e-01
1.090000000000000000e+02 2.398160000000000014e-01 2.877219999999999778e-01 3.410400000000000098e-01
1.100000000000000000e+02 2.421230000000000049e-01 2.900229999999999753e-01 3.433149999999999813e-01
1.110000000000000000e+02 2.444220000000000004e-01 2.923169999999999935e-01 3.455820000000000003e-01
1.120000000000000000e+02 2.464899999999999869e-01 2.943830000000000058e-01 3.476139999999999786e-01
1.130000000000000000e+02 2.486339999999999939e-01 2.965189999999999770e-01 3.497270000000000101e-01
1.140000000000000000e+02 2.508270000000000222e-01 2.987040000000000251e-01 3.518919999999999826e-01
1.150000000000000000e+02 2.529250000000000109e-01 3.007980000000000098e-01 3.539619999999999989e-01
1.160000000000000000e+02 2.550990000000000202e-01 3.029580000000000051e-01 3.561000000000000276e-01
1.170000000000000000e+02 2.575089999999999879e-01 3.053540000000000143e-01 3.584789999999999921e-01
1.180000000000000000e+02 2.599609999999999976e-01 3.077929999999999833e-01 3.608919999999999906e-01
1.190000000000000000e+02 2.623559999999999781e-01 3.101789999999999825e-01 3.632540000000000213e-01
1.200000000000000000e+02 2.646720000000000184e-01 3.124799999999999800e-01 3.655340000000000256e-01
1.210000000000000000e+02 2.669230000000000214e-01 3.147209999999999730e-01 3.677500000000000213e-01
1.220000000000000000e+02 2.690449999999999786e-01 3.168340000000000045e-01 3.698370000000000268e-01
1.230000000000000000e+02 2.710469999999999824e-01 3.188280000000000003e-01 3.718029999999999946e-01
1.240000000000000000e+02 2.729940000000000144e-01 3.207720000000000016e-01 3.737210000000000254e-01
1.250000000000000000e+02 2.751299999999999857e-01 3.229000000000000203e-01 3.758239999999999914e-01
1.260000000000000000e+02 2.773240000000000149e-01 3.250839999999999841e-01 3.779859999999999887e-01
1.270000000000000000e+02 2.795199999999999907e-01 3.272709999999999786e-01 3.801490000000000147e-01
1.280000000000000000e+02 2.817189999999999972e-01 3.294659999999999811e-01 3.823159999999999892e-01
1.290000000000000000e+02 2.839519999999999822e-01 3.316910000000000136e-01 3.845109999999999917e-01
1.300000000000000000e+02 2.859789999999999832e-01 3.337140000000000106e-01 3.865049999999999875e-01
1.310000000000000000e+02 2.879950000000000010e-01 3.357229999999999936e-01 3.884819999999999940e-01
1.320000000000000000e+02 2.899220000000000130e-01 3.376439999999999997e-01 3.903780000000000028e-01
1.330000000000000000e+02 2.918620000000000103e-01 3.395779999999999910e-01 3.922889999999999988e-01
1.340000000000000000e+02 2.939050000000000273e-01 3.416089999999999960e-01 3.942939999999999778e-01
1.350000000000000000e+02 2.960280000000000133e-01 3.437230000000000008e-01 3.963849999999999874e-01
1.360000000000000000e+02 2.980860000000000176e-01 3.457680000000000198e-01 3.984110000000000151e-01
1.370000000000000000e+02 3.000940000000000274e-01 3.477649999999999908e-01 4.003880000000000217e-01
1.380000000000000000e+02 3.020849999999999924e-01 3.497480000000000033e-01 4.023479999999999834e-01
1.390000000000000000e+02 3.039439999999999920e-01 3.515949999999999909e-01 4.041739999999999777e-01
1.400000000000000000e+02 3.057790000000000230e-01 3.534209999999999852e-01 4.059820000000000095e-01
1.410000000000000000e+02 3.075999999999999845e-01 3.552310000000000190e-01 4.077709999999999946e-01
1.420000000000000000e+02 3.094089999999999896e-01 3.570320000000000160e-01 4.095489999999999964e-01
1.430000000000000000e+02 3.113060000000000271e-01 3.589160000000000128e-01 4.114160000000000039e-01
1.440000000000000000e+02 3.133540000000000214e-01 3.609499999999999931e-01 4.134309999999999929e-01
1.450000000000000000e+02 3.154460000000000042e-01 3.630269999999999886e-01 4.154919999999999725e-01
1.460000000000000000e+02 3.175720000000000209e-01 3.651320000000000121e-01 4.175849999999999840e-01
1.470000000000000000e+02 3.196550000000000225e-01 3.672039999999999749e-01 4.196369999999999822e-01
1.480000000000000000e+02 3.216579999999999995e-01 3.691989999999999994e-01 4.216090000000000115e-01
1.490000000000000000e+02 3.234839999999999938e-01 3.710129999999999817e-01 4.234049999999999758e-01
1.500000000000000000e+02 3.251850000000000018e-01 3.727139999999999898e-01 4.250769999999999826e-01
1.510000000000000000e+02 3.268449999999999966e-01 3.743679999999999786e-01 4.267059999999999742e-01
1.520000000000000000e+02 3.286569999999999769e-01 3.761709999999999776e-01 4.284899999999999820e-01
1.530000000000000000e+02 3.303579999999999850e-01 3.778630000000000044e-01 4.301630000000000176e-01
1.540000000000000000e+02 3.320940000000000003e-01 3.795890000000000097e-01 4.318750000000000089e-01
1.550000000000000000e+02 3.338579999999999881e-01 3.813380000000000103e-01 4.336160000000000014e-01
1.560000000000000000e+02 3.355639999999999734e-01 3.830299999999999816e-01 4.352989999999999915e-01
1.570000000000000000e+02 3.371480000000000032e-01 3.845979999999999954e-01 4.368639999999999746e-01
1.580000000000000000e+02 3.387589999999999768e-01 3.861979999999999857e-01 4.384509999999999796e-01
1.590000000000000000e+02 3.403639999999999999e-01 3.877909999999999968e-01 4.400259999999999727e-01
1.600000000000000000e+02 3.418709999999999805e-01 3.892849999999999921e-01 4.415089999999999848e-01
1.610000000000000000e+02 3.434780000000000055e-01 3.908809999999999785e-01 4.430959999999999899e-01
1.620000000000000000e+02 3.452049999999999841e-01 3.925899999999999945e-01 4.447980000000000267e-01
1.630000000000000000e+02 3.469630000000000214e-01 3.943309999999999871e-01 4.465319999999999845e-01
1.640000000000000000e+02 3.486580000000000235e-01 3.960080000000000267e-01 4.482059999999999933e-01
1.650000000000000000e+02 3.503620000000000068e-01 3.976939999999999920e-01 4.498880000000000101e-01
1.660000000000000000e+02 3.519430000000000058e-01 3.992580000000000018e-01 4.514469999999999872e-01
1.670000000000000000e+02 3.534610000000000252e-01 4.007609999999999784e-01 4.529429999999999845e-01
1.680000000000000000e+02 3.549289999999999945e-01 4.022129999999999872e-01 4.543900000000000161e-01
1.690000000000000000e+02 3.563169999999999948e-01 4.035860000000000003e-01 4.557579999999999965e-01
1.700000000000000000e+02 3.577150000000000052e-01 4.049699999999999966e-01 4.571359999999999868e-01
1.710000000000000000e+02 3.591909999999999825e-01 4.064289999999999847e-01 4.585899999999999976e-01
1.720000000000000000e+02 3.605929999999999969e-01 4.078200000000000158e-01 4.599739999999999940e-01
1.730000000000000000e+02 3.619729999999999892e-01 4.091830000000000189e-01 4.613380000000000258e-01
1.740000000000000000e+02 3.634629999999999805e-01 4.106580000000000230e-01 4.628140000000000032e-01
1.750000000000000000e+02 3.649129999999999874e-01 4.120860000000000078e-01 4.642450000000000188e-01
1.760000000000000000e+02 3.663350000000000217e-01 4.134909999999999974e-01 4.656469999999999776e-01
1.770000000000000000e+02 3.677070000000000061e-01 4.148470000000000213e-01 4.670050000000000034e-01
1.780000000000000000e+02 3.690160000000000107e-01 4.161420000000000119e-01 4.682939999999999880e-01
1.790000000000000000e+02 3.702540000000000275e-01 4.173649999999999860e-01 4.695170000000000177e-01
1.800000000000000000e+02 3.715780000000000194e-01 4.186759999999999926e-01 4.708249999999999935e-01
1.810000000000000000e+02 3.728069999999999995e-01 4.198910000000000142e-01 4.720400000000000151e-01
1.820000000000000000e+02 3.740859999999999741e-01 4.211529999999999996e-01 4.733049999999999757e-01
1.830000000000000000e+02 3.754270000000000107e-01 4.224749999999999894e-01 4.746319999999999983e-01
1.840000000000000000e+02 3.768039999999999723e-01 4.238359999999999905e-01 4.759950000000000014e-01
1.850000000000000000e+02 3.780870000000000064e-01 4.251019999999999799e-01 4.772669999999999968e-01
1.860000000000000000e+02 3.794069999999999943e-01 4.264060000000000072e-01 4.785719999999999974e-01
1.870000000000000000e+02 3.806470000000000131e-01 4.276309999999999834e-01 4.797950000000000270e-01
1.880000000000000000e+02 3.818699999999999872e-01 4.288350000000000217e-01 4.810039999999999871e-01
1.890000000000000000e+02 3.830160000000000231e-01 4.299709999999999921e-01 4.821369999999999822e-01
1.900000000000000000e+02 3.841379999999999795e-01 4.310800000000000187e-01 4.832480000000000109e-01
1.910000000000000000e+02 3.852809999999999846e-01 4.322099999999999831e-01 4.843790000000000040e-01
1.920000000000000000e+02 3.864650000000000030e-01 4.333739999999999815e-01 4.855499999999999816e-01
1.930000000000000000e+02 3.876269999999999993e-01 4.345220000000000193e-01 4.867009999999999947e-01
1.940000000000000000e+02 3.887929999999999997e-01 4.356689999999999729e-01 4.878560000000000119e-01
1.950000000000000000e+02 3.899349999999999761e-01 4.367900000000000116e-01 4.889830000000000010e-01
1.960000000000000000e+02 3.909580000000000277e-01 4.378009999999999957e-01 4.899939999999999851e-01
1.970000000000000000e+02 3.919110000000000094e-01 4.387360000000000149e-01 4.909359999999999835e-01
1.980000000000000000e+02 3.927689999999999793e-01 4.395850000000000035e-01 4.917860000000000009e-01
1.990000000000000000e+02 3.935319999999999929e-01 4.403340000000000032e-01 4.925379999999999758e-01
2.000000000000000000e+02 3.943439999999999723e-01 4.411289999999999933e-01 4.933390000000000275e-01
2.010000000000000000e+02 3.951919999999999877e-01 4.419569999999999887e-01 4.941780000000000062e-01
2.020000000000000000e+02 3.961279999999999801e-01 4.428739999999999899e-01 4.951010000000000133e-01
2.030000000000000000e+02 3.970759999999999845e-01 4.438019999999999743e-01 4.960359999999999769e-01
2.040000000000000000e+02 3.979920000000000124e-01 4.446999999999999842e-01 4.969439999999999968e-01
2.050000000000000000e+02 3.987559999999999993e-01 4.454460000000000086e-01 4.976970000000000005e-01
2.060000000000000000e+02 3.993619999999999948e-01 4.460359999999999880e-01 4.982949999999999879e-01
2.070000000000000000e+02 3.997870000000000035e-01 4.464460000000000095e-01 4.987099999999999866e-01
2.080000000000000000e+02 4.001649999999999929e-01 4.468050000000000077e-01 4.990800000000000236e-01
2.090000000000000000e+02 4.006270000000000109e-01 4.472470000000000057e-01 4.995310000000000028e-01
2.100000000000000000e+02 4.011310000000000153e-01 4.477369999999999961e-01 5.000269999999999992e-01
2.110000000000000000e+02 4.017169999999999908e-01 4.483010000000000050e-01 5.006019999999999914e-01
2.120000000000000000e+02 4.023200000000000109e-01 4.488829999999999765e-01 5.011940000000000284e-01
2.130000000000000000e+02 4.029360000000000164e-01 4.494779999999999887e-01 5.018010000000000526e-01
2.140000000000000000e+02 4.034179999999999988e-01 4.499449999999999839e-01 5.022729999999999695e-01
2.150000000000000000e+02 4.037999999999999923e-01 4.503070000000000128e-01 5.026469999999999549e-01
2.160000000000000000e+02 4.040830000000000255e-01 4.505739999999999745e-01 5.029230000000000089e-01
2.170000000000000000e+02 4.043470000000000120e-01 4.508170000000000233e-01 5.031759999999999566e-01
2.180000000000000000e+02 4.045739999999999892e-01 4.510219999999999785e-01 5.033980000000000121e-01
2.190000000000000000e+02 4.048490000000000144e-01 4.512809999999999877e-01 5.036680000000000046e-01
2.200000000000000000e+02 4.052580000000000071e-01 4.516649999999999832e-01 5.040649999999999853e-01
2.210000000000000000e+02 4.056989999999999763e-01 4.520870000000000166e-01 5.044980000000000020e-01
2.220000000000000000e+02 4.061409999999999743e-01 4.525069999999999926e-01 5.049360000000000515e-01
2.230000000000000000e+02 4.064840000000000120e-01 4.528300000000000103e-01 5.052689999999999682e-01
2.240000000000000000e+02 4.067149999999999932e-01 4.530469999999999775e-01 5.054929999999999701e-01
2.250000000000000000e+02 4.068039999999999989e-01 4.531160000000000188e-01 5.055749999999999966e-01
2.260000000000000000e+02 4.068869999999999987e-01 4.531800000000000272e-01 5.056500000000000439e-01
2.270000000000000000e+02 4.069420000000000259e-01 4.532160000000000077e-01 5.056969999999999521e-01
2.280000000000000000e+02 4.070770000000000222e-01 4.533369999999999900e-01 5.058300000000000018e-01
2.290000000000000000e+02 4.073080000000000034e-01 4.535489999999999799e-01 5.060559999999999503e-01
2.300000000000000000e+02 4.076049999999999951e-01 4.538229999999999764e-01 5.063419999999999588e-01
2.310000000000000000e+02 4.078160000000000118e-01 4.540150000000000019e-01 5.065499999999999448e-01
2.320000000000000000e+02 4.080230000000000246e-01 4.541990000000000194e-01 5.067460000000000298e-01
2.330000000000000000e+02 4.081259999999999888e-01 4.542860000000000231e-01 5.068529999999999980e-01
2.340000000000000000e+02 4.081859999999999933e-01 4.543229999999999769e-01 5.069029999999999925e-01
2.350000000000000000e+02 4.082129999999999925e-01 4.543309999999999849e-01 5.069289999999999630e-01
2.360000000000000000e+02 4.082749999999999990e-01 4.543780000000000041e-01 5.069799999999999862e-01
2.370000000000000000e+02 4.083300000000000263e-01 4.544159999999999866e-01 5.070299999999999807e-01
2.380000000000000000e+02 4.084809999999999830e-01 4.545500000000000096e-01 5.071790000000000465e-01
2.390000000000000000e+02 4.086719999999999797e-01 4.547189999999999843e-01 5.073600000000000332e-01
2.400000000000000000e+02 4.088519999999999932e-01 4.548769999999999758e-01 5.075349999999999584e-01
2.410000000000000000e+02 4.089789999999999814e-01 4.549869999999999748e-01 5.076570000000000249e-01
2.420000000000000000e+02 4.090460000000000207e-01 4.550339999999999940e-01 5.077190000000000314e-01
2.430000000000000000e+02 4.090670000000000139e-01 4.550370000000000248e-01 5.077340000000000186e-01
2.440000000000000000e+02 4.090610000000000079e-01 4.550130000000000008e-01 5.077279999999999571e-01
2.450000000000000000e+02 4.090550000000000019e-01 4.549880000000000035e-01 5.077159999999999451e-01
2.460000000000000000e+02 4.091029999999999944e-01 4.550250000000000128e-01 5.077610000000000179e-01
2.470000000000000000e+02 4.091870000000000229e-01 4.550919999999999965e-01 5.078470000000000484e-01
2.480000000000000000e+02 4.092700000000000227e-01 4.551520000000000010e-01 5.079179999999999806e-01
2.490000000000000000e+02 4.093220000000000192e-01 4.551850000000000063e-01 5.079690000000000039e-01
2.500000000000000000e+02 4.093780000000000197e-01 4.552269999999999928e-01 5.080230000000000024e-01
2.510000000000000000e+02 4.094430000000000014e-01 4.552700000000000080e-01 5.080850000000000088e-01
2.520000000000000000e+02 4.095190000000000219e-01 4.553309999999999858e-01 5.081550000000000233e-01
2.530000000000000000e+02 4.095670000000000144e-01 4.553619999999999890e-01 5.082010000000000138e-01
2.540000000000000000e+02 4.095520000000000271e-01 4.553340000000000165e-01 5.081830000000000513e-01
2.550000000000000000e+02 4.095770000000000244e-01 4.553389999999999938e-01 5.082039999999999891e-01
2.560000000000000000e+02 4.095920000000000116e-01 4.553380000000000205e-01 5.082170000000000298e-01
2.570000000000000000e+02 4.096139999999999781e-01 4.553490000000000038e-01 5.082400000000000251e-01
2.580000000000000000e+02 4.096540000000000181e-01 4.553710000000000258e-01 5.082759999999999501e-01
2.590000000000000000e+02 4.097089999999999899e-01 4.554090000000000082e-01 5.083259999999999446e-01
2.600000000000000000e+02 4.097399999999999931e-01 4.554199999999999915e-01 5.083539999999999726e-01
2.610000000000000000e+02 4.097540000000000071e-01 4.554230000000000222e-01 5.083649999999999558e-01
2.620000000000000000e+02 4.097399999999999931e-01 4.553889999999999882e-01 5.083450000000000468e-01
2.630000000000000000e+02 4.097379999999999911e-01 4.553719999999999990e-01 5.083459999999999646e-01
2.640000000000000000e+02 4.097680000000000211e-01 4.553869999999999862e-01 5.083710000000000173e-01
2.650000000000000000e+02 4.097919999999999896e-01 4.554000000000000270e-01 5.083860000000000046e-01
2.660000000000000000e+02 4.097770000000000024e-01 4.553659999999999930e-01 5.083710000000000173e-01
2.670000000000000000e+02 4.098010000000000264e-01 4.553749999999999742e-01 5.083910000000000373e-01
2.680000000000000000e+02 4.098229999999999928e-01 4.553869999999999862e-01 5.084100000000000286e-01
2.690000000000000000e+02 4.098220000000000196e-01 4.553690000000000238e-01 5.084089999999999998e-01
2.700000000000000000e+02 4.098189999999999888e-01 4.553499999999999770e-01 5.084009999999999918e-01
2.710000000000000000e+02 4.098689999999999833e-01 4.553869999999999862e-01 5.084530000000000438e-01
2.720000000000000000e+02 4.099189999999999778e-01 4.554210000000000202e-01 5.084959999999999480e-01
2.730000000000000000e+02 4.099679999999999991e-01 4.554560000000000275e-01 5.085420000000000496e-01
2.740000000000000000e+02 4.100030000000000063e-01 4.554790000000000227e-01 5.085699999999999665e-01
2.750000000000000000e+02 4.099880000000000191e-01 4.554500000000000215e-01 5.085570000000000368e-01
2.760000000000000000e+02 4.099659999999999971e-01 4.554090000000000082e-01 5.085340000000000416e-01
2.770000000000000000e+02 4.099470000000000058e-01 4.553780000000000050e-01 5.085070000000000423e-01
2.780000000000000000e+02 4.099090000000000233e-01 4.553260000000000085e-01 5.084710000000000063e-01
2.790000000000000000e+02 4.099380000000000246e-01 4.553440000000000265e-01 5.084999999999999520e-01
2.800000000000000000e+02 4.100500000000000256e-01 4.554400000000000115e-01 5.086089999999999778e-01
2.810000000000000000e+02 4.101560000000000206e-01 4.555370000000000252e-01 5.087110000000000243e-01
2.820000000000000000e+02 4.102239999999999776e-01 4.555879999999999930e-01 5.087770000000000348e-01
2.830000000000000000e+02 4.102520000000000056e-01 4.556080000000000130e-01 5.088080000000000380e-01
2.840000000000000000e+02 4.102500000000000036e-01 4.555930000000000257e-01 5.088019999999999765e-01
2.850000000000000000e+02 4.102069999999999883e-01 4.555370000000000252e-01 5.087549999999999573e-01
2.860000000000000000e+02 4.101639999999999731e-01 4.554790000000000227e-01 5.087159999999999460e-01
2.870000000000000000e+02 4.101069999999999993e-01 4.554110000000000102e-01 5.086540000000000505e-01
2.880000000000000000e+02 4.101049999999999973e-01 4.553929999999999922e-01 5.086500000000000465e-01
2.890000000000000000e+02 4.101210000000000133e-01 4.554000000000000270e-01 5.086669999999999803e-01
2.900000000000000000e+02 4.101759999999999851e-01 4.554400000000000115e-01 5.087209999999999788e-01
2.910000000000000000e+02 4.101779999999999871e-01 4.554300000000000015e-01 5.087199999999999500e-01
2.920000000000000000e+02 4.101949999999999763e-01 4.554329999999999767e-01 5.087340000000000195e-01
2.930000000000000000e+02 4.102060000000000151e-01 4.554340000000000055e-01 5.087420000000000275e-01
2.940000000000000000e+02 4.101850000000000218e-01 4.554010000000000002e-01 5.087139999999999995e-01
2.950000000000000000e+02 4.101310000000000233e-01 4.553360000000000185e-01 5.086580000000000545e-01
2.960000000000000000e+02 4.101130000000000053e-01 4.553059999999999885e-01 5.086420000000000385e-01
2.970000000000000000e+02 4.101449999999999818e-01 4.553289999999999837e-01 5.086760000000000170e-01
2.980000000000000000e+02 4.101949999999999763e-01 4.553699999999999970e-01 5.087190000000000323e-01
2.990000000000000000e+02 4.102540000000000076e-01 4.554210000000000202e-01 5.087800000000000100e-01
3.000000000000000000e+02 4.102660000000000196e-01 4.554190000000000182e-01 5.087869999999999893e-01
3.010000000000000000e+02 4.102790000000000048e-01 4.554190000000000182e-01 5.087960000000000260e-01
3.020000000000000000e+02 4.102339999999999876e-01 4.553639999999999910e-01 5.087519999999999820e-01
3.030000000000000000e+02 4.101460000000000106e-01 4.552689999999999793e-01 5.086580000000000545e-01
3.040000000000000000e+02 4.100639999999999841e-01 4.551720000000000210e-01 5.085779999999999745e-01
3.050000000000000000e+02 4.100530000000000008e-01 4.551560000000000050e-01 5.085680000000000200e-01
3.060000000000000000e+02 4.100659999999999861e-01 4.551580000000000070e-01 5.085739999999999705e-01
3.070000000000000000e+02 4.101389999999999758e-01 4.552220000000000155e-01 5.086460000000000425e-01
3.080000000000000000e+02 4.102199999999999736e-01 4.552950000000000053e-01 5.087239999999999540e-01
3.090000000000000000e+02 4.103020000000000000e-01 4.553630000000000178e-01 5.088080000000000380e-01
3.100000000000000000e+02 4.103180000000000160e-01 4.553690000000000238e-01 5.088200000000000500e-01
3.110000000000000000e+02 4.102759999999999740e-01 4.553189999999999737e-01 5.087669999999999693e-01
3.120000000000000000e+02 4.101750000000000118e-01 4.552089999999999748e-01 5.086730000000000418e-01
3.130000000000000000e+02 4.100949999999999873e-01 4.551189999999999958e-01 5.085920000000000440e-01
3.140000000000000000e+02 4.100469999999999948e-01 4.550560000000000160e-01 5.085359999999999880e-01
3.150000000000000000e+02 4.100670000000000148e-01 4.550690000000000013e-01 5.085579999999999545e-01
3.160000000000000000e+02 4.101380000000000026e-01 4.551310000000000078e-01 5.086260000000000225e-01
3.170000000000000000e+02 4.102190000000000003e-01 4.552019999999999955e-01 5.087080000000000490e-01
3.180000000000000000e+02 4.102790000000000048e-01 4.552519999999999900e-01 5.087699999999999445e-01
3.190000000000000000e+02 4.102970000000000228e-01 4.552610000000000268e-01 5.087880000000000180e-01
3.200000000000000000e+02 4.102750000000000008e-01 4.552300000000000235e-01 5.087570000000000148e-01
3.210000000000000000e+02 4.102180000000000271e-01 4.551669999999999883e-01 5.087059999999999915e-01
3.220000000000000000e+02 4.101569999999999938e-01 4.550960000000000005e-01 5.086399999999999810e-01
3.230000000000000000e+02 4.101259999999999906e-01 4.550520000000000120e-01 5.086049999999999738e-01
3.240000000000000000e+02 4.101489999999999858e-01 4.550690000000000013e-01 5.086310000000000553e-01
3.250000000000000000e+02 4.101920000000000011e-01 4.551040000000000085e-01 5.086699999999999555e-01
3.260000000000000000e+02 4.102620000000000156e-01 4.551680000000000170e-01 5.087399999999999700e-01
3.270000000000000000e+02 4.103390000000000093e-01 4.552340000000000275e-01 5.088179999999999925e-01
3.280000000000000000e+02 4.103809999999999958e-01 4.552640000000000020e-01 5.088549999999999462e-01
3.290000000000000000e+02 4.103589999999999738e-01 4.552379999999999760e-01 5.088340000000000085e-01
3.300000000000000000e+02 4.103120000000000100e-01 4.551769999999999983e-01 5.087829999999999853e-01
3.310000000000000000e+02 4.102129999999999943e-01 4.550719999999999765e-01 5.086899999999999755e-01
3.320000000000000000e+02 4.101369999999999738e-01 4.549880000000000035e-01 5.086089999999999778e-01
3.330000000000000000e+02 4.101090000000000013e-01 4.549529999999999963e-01 5.085809999999999498e-01
3.340000000000000000e+02 4.101589999999999958e-01 4.549920000000000075e-01 5.086340000000000305e-01
3.350000000000000000e+02 4.101909999999999723e-01 4.550170000000000048e-01 5.086600000000000010e-01
3.360000000000000000e+02 4.102480000000000016e-01 4.550640000000000240e-01 5.087080000000000490e-01
3.370000000000000000e+02 4.102649999999999908e-01 4.550730000000000053e-01 5.087239999999999540e-01
3.380000000000000000e+02 4.102740000000000276e-01 4.550750000000000073e-01 5.087390000000000523e-01
3.390000000000000000e+02 4.102339999999999876e-01 4.550270000000000148e-01 5.086910000000000043e-01
3.400000000000000000e+02 4.101879999999999971e-01 4.549770000000000203e-01 5.086490000000000178e-01
3.410000000000000000e+02 4.101659999999999751e-01 4.549440000000000150e-01 5.086230000000000473e-01
3.420000000000000000e+02 4.101909999999999723e-01 4.549630000000000063e-01 5.086490000000000178e-01
3.430000000000000000e+02 4.102279999999999816e-01 4.549980000000000135e-01 5.086910000000000043e-01
3.440000000000000000e+02 4.102660000000000196e-01 4.550259999999999860e-01 5.087289999999999868e-01
3.450000000000000000e+02 4.103109999999999813e-01 4.550580000000000180e-01 5.087699999999999445e-01
3.460000000000000000e+02 4.103260000000000240e-01 4.550690000000000013e-01 5.087850000000000428e-01
3.470000000000000000e+02 4.103180000000000160e-01 4.550529999999999853e-01 5.087779999999999525e-01
3.480000000000000000e+02 4.102950000000000208e-01 4.550239999999999840e-01 5.087519999999999820e-01
3.490000000000000000e+02 4.102509999999999768e-01 4.549739999999999895e-01 5.087099999999999955e-01
3.500000000000000000e+02 4.102109999999999923e-01 4.549270000000000258e-01 5.086659999999999515e-01
3.510000000000000000e+02 4.102040000000000131e-01 4.549079999999999790e-01 5.086600000000000010e-01
3.520000000000000000e+02 4.102230000000000043e-01 4.549230000000000218e-01 5.086770000000000458e-01
3.530000000000000000e+02 4.102469999999999728e-01 4.549380000000000090e-01 5.086950000000000083e-01
3.540000000000000000e+02 4.102779999999999760e-01 4.549630000000000063e-01 5.087300000000000155e-01
3.550000000000000000e+02 4.102950000000000208e-01 4.549710000000000143e-01 5.087429999999999453e-01
3.560000000000000000e+02 4.103080000000000060e-01 4.549770000000000203e-01 5.087540000000000395e-01
3.570000000000000000e+02 4.102890000000000148e-01 4.549500000000000210e-01 5.087340000000000195e-01
3.580000000000000000e+02 4.102390000000000203e-01 4.548949999999999938e-01 5.086810000000000498e-01
3.590000000000000000e+02 4.102009999999999823e-01 4.548499999999999766e-01 5.086450000000000138e-01
3.600000000000000000e+02 4.101940000000000031e-01 4.548409999999999953e-01 5.086380000000000345e-01
3.610000000000000000e+02 4.102069999999999883e-01 4.548449999999999993e-01 5.086479999999999890e-01
3.620000000000000000e+02 4.102330000000000143e-01 4.548630000000000173e-01 5.086720000000000130e-01
3.630000000000000000e+02 4.102830000000000088e-01 4.549079999999999790e-01 5.087199999999999500e-01
3.640000000000000000e+02 4.103080000000000060e-01 4.549270000000000258e-01 5.087479999999999780e-01
3.650000000000000000e+02 4.103209999999999913e-01 4.549300000000000010e-01 5.087540000000000395e-01
3.660000000000000000e+02 4.103020000000000000e-01 4.549079999999999790e-01 5.087350000000000483e-01
3.670000000000000000e+02 4.102750000000000008e-01 4.548740000000000006e-01 5.087099999999999955e-01
3.680000000000000000e+02 4.102569999999999828e-01 4.548499999999999766e-01 5.086870000000000003e-01
3.690000000000000000e+02 4.102419999999999956e-01 4.548329999999999873e-01 5.086720000000000130e-01
3.700000000000000000e+02 4.102379999999999916e-01 4.548209999999999753e-01 5.086669999999999803e-01
3.710000000000000000e+02 4.102589999999999848e-01 4.548329999999999873e-01 5.086880000000000290e-01
3.720000000000000000e+02 4.102890000000000148e-01 4.548610000000000153e-01 5.087159999999999460e-01
3.730000000000000000e+02 4.103129999999999833e-01 4.548760000000000026e-01 5.087369999999999948e-01
3.740000000000000000e+02 4.103100000000000080e-01 4.548690000000000233e-01 5.087359999999999660e-01
3.750000000000000000e+02 4.103040000000000020e-01 4.548559999999999826e-01 5.087270000000000403e-01
3.760000000000000000e+02 4.102649999999999908e-01 4.548110000000000208e-01 5.086910000000000043e-01
3.770000000000000000e+02 4.102129999999999943e-01 4.547539999999999916e-01 5.086359999999999770e-01
3.780000000000000000e+02 4.101600000000000246e-01 4.546970000000000178e-01 5.085819999999999785e-01
3.790000000000000000e+02 4.101409999999999778e-01 4.546720000000000206e-01 5.085640000000000160e-01
3.800000000000000000e+02 4.101449999999999818e-01 4.546680000000000166e-01 5.085680000000000200e-01
3.810000000000000000e+02 4.101870000000000238e-01 4.547010000000000218e-01 5.086079999999999490e-01
3.820000000000000000e+02 4.102359999999999896e-01 4.547459999999999836e-01 5.086589999999999723e-01
3.830000000000000000e+02 4.102549999999999808e-01 4.547590000000000243e-01 5.086789999999999923e-01
3.840000000000000000e+02 4.102640000000000176e-01 4.547649999999999748e-01 5.086840000000000250e-01
3.850000000000000000e+02 4.102459999999999996e-01 4.547430000000000083e-01 5.086640000000000050e-01
3.860000000000000000e+02 4.102009999999999823e-01 4.546910000000000118e-01 5.086209999999999898e-01
3.870000000000000000e+02 4.101380000000000026e-01 4.546259999999999746e-01 5.085640000000000160e-01
3.880000000000000000e+02 4.100949999999999873e-01 4.545779999999999821e-01 5.085169999999999968e-01
3.890000000000000000e+02 4.100750000000000228e-01 4.545540000000000136e-01 5.084980000000000055e-01
3.900000000000000000e+02 4.100880000000000081e-01 4.545580000000000176e-01 5.085070000000000423e-01
3.910000000000000000e+02 4.101179999999999826e-01 4.545839999999999881e-01 5.085349999999999593e-01
3.920000000000000000e+02 4.101339999999999986e-01 4.545950000000000268e-01 5.085480000000000000e-01
3.930000000000000000e+02 4.101489999999999858e-01 4.546049999999999813e-01 5.085610000000000408e-01
3.940000000000000000e+02 4.101449999999999818e-01 4.545969999999999733e-01 5.085589999999999833e-01
3.950000000000000000e+02 4.101199999999999846e-01 4.545699999999999741e-01 5.085380000000000456e-01
3.960000000000000000e+02 4.100829999999999753e-01 4.545250000000000123e-01 5.084950000000000303e-01
3.970000000000000000e+02 4.100539999999999741e-01 4.544869999999999743e-01 5.084619999999999695e-01
3.980000000000000000e+02 4.100460000000000216e-01 4.544779999999999931e-01 5.084600000000000231e-01
3.990000000000000000e+02 4.100539999999999741e-01 4.544819999999999971e-01 5.084649999999999448e-01
4.000000000000000000e+02 4.100659999999999861e-01 4.544880000000000031e-01 5.084739999999999815e-01
4.010000000000000000e+02 4.100679999999999881e-01 4.544839999999999991e-01 5.084769999999999568e-01
4.020000000000000000e+02 4.100770000000000248e-01 4.544909999999999783e-01 5.084910000000000263e-01
4.030000000000000000e+02 4.100820000000000021e-01 4.544889999999999763e-01 5.084920000000000551e-01
4.040000000000000000e+02 4.100630000000000108e-01 4.544650000000000079e-01 5.084729999999999528e-01
4.050000000000000000e+02 4.100380000000000136e-01 4.544309999999999738e-01 5.084419999999999495e-01
4.060000000000000000e+02 4.100050000000000083e-01 4.543960000000000221e-01 5.084109999999999463e-01
4.070000000000000000e+02 4.099889999999999923e-01 4.543730000000000269e-01 5.083940000000000126e-01
4.080000000000000000e+02 4.099670000000000258e-01 4.543519999999999781e-01 5.083760000000000501e-01
4.090000000000000000e+02 4.099720000000000031e-01 4.543449999999999989e-01 5.083689999999999598e-01
4.100000000000000000e+02 4.099869999999999903e-01 4.543619999999999881e-01 5.083860000000000046e-01
4.110000000000000000e+02 4.100159999999999916e-01 4.543860000000000121e-01 5.084149999999999503e-01
4.120000000000000000e+02 4.100269999999999748e-01 4.543909999999999894e-01 5.084220000000000406e-01
4.130000000000000000e+02 4.100219999999999976e-01 4.543800000000000061e-01 5.084210000000000118e-01
4.140000000000000000e+02 4.100170000000000203e-01 4.543730000000000269e-01 5.084149999999999503e-01
4.150000000000000000e+02 4.100050000000000083e-01 4.543530000000000069e-01 5.083990000000000453e-01
4.160000000000000000e+02 4.099860000000000171e-01 4.543380000000000196e-01 5.083820000000000006e-01
4.170000000000000000e+02 4.099820000000000131e-01 4.543220000000000036e-01 5.083800000000000541e-01
4.180000000000000000e+02 4.099869999999999903e-01 4.543289999999999829e-01 5.083839999999999471e-01
4.190000000000000000e+02 4.100110000000000143e-01 4.543429999999999969e-01 5.084130000000000038e-01
4.200000000000000000e+02 4.100309999999999788e-01 4.543599999999999861e-01 5.084279999999999911e-01
4.210000000000000000e+02 4.100230000000000263e-01 4.543479999999999741e-01 5.084130000000000038e-01
4.220000000000000000e+02 4.100139999999999896e-01 4.543340000000000156e-01 5.084039999999999671e-01
4.230000000000000000e+02 4.099880000000000191e-01 4.543079999999999896e-01 5.083839999999999471e-01
4.240000000000000000e+02 4.099300000000000166e-01 4.542410000000000059e-01 5.083189999999999653e-01
4.250000000000000000e+02 4.098970000000000113e-01 4.542010000000000214e-01 5.082870000000000443e-01
4.260000000000000000e+02 4.098970000000000113e-01 4.541990000000000194e-01 5.082860000000000156e-01
4.270000000000000000e+02 4.098959999999999826e-01 4.541959999999999886e-01 5.082839999999999581e-01
4.280000000000000000e+02 4.099329999999999918e-01 4.542280000000000206e-01 5.083159999999999901e-01
4.290000000000000000e+02 4.099860000000000171e-01 4.542760000000000131e-01 5.083689999999999598e-01
4.300000000000000000e+02 4.099940000000000251e-01 4.542840000000000211e-01 5.083750000000000213e-01
4.310000000000000000e+02 4.099960000000000271e-01 4.542820000000000191e-01 5.083820000000000006e-01
4.320000000000000000e+02 4.099849999999999883e-01 4.542660000000000031e-01 5.083640000000000381e-01
4.330000000000000000e+02 4.099530000000000118e-01 4.542309999999999959e-01 5.083389999999999853e-01
4.340000000000000000e+02 4.099119999999999986e-01 4.541850000000000054e-01 5.082929999999999948e-01
4.350000000000000000e+02 4.098919999999999786e-01 4.541600000000000081e-01 5.082689999999999708e-01
4.360000000000000000e+02 4.098709999999999853e-01 4.541339999999999821e-01 5.082499999999999796e-01
4.370000000000000000e+02 4.098789999999999933e-01 4.541390000000000149e-01 5.082609999999999628e-01
4.380000000000000000e+02 4.098939999999999806e-01 4.541529999999999734e-01 5.082750000000000323e-01
4.390000000000000000e+02 4.099280000000000146e-01 4.541810000000000014e-01 5.083119999999999861e-01
4.400000000000000000e+02 4.099419999999999731e-01 4.541899999999999826e-01 5.083259999999999446e-01
4.410000000000000000e+02 4.099430000000000018e-01 4.541879999999999806e-01 5.083229999999999693e-01
4.420000000000000000e+02 4.099280000000000146e-01 4.541689999999999894e-01 5.083090000000000108e-01
4.430000000000000000e+02 4.098939999999999806e-01 4.541330000000000089e-01 5.082799999999999541e-01
4.440000000000000000e+02 4.098620000000000041e-01 4.540950000000000264e-01 5.082470000000000043e-01
4.450000000000000000e+02 4.098530000000000229e-01 4.540850000000000164e-01 5.082370000000000498e-01
4.460000000000000000e+02 4.098689999999999833e-01 4.540959999999999996e-01 5.082550000000000123e-01
4.470000000000000000e+02 4.098789999999999933e-01 4.541049999999999809e-01 5.082659999999999956e-01
4.480000000000000000e+02 4.099039999999999906e-01 4.541220000000000256e-01 5.082870000000000443e-01
4.490000000000000000e+02 4.099099999999999966e-01 4.541259999999999741e-01 5.082879999999999621e-01
4.500000000000000000e+02 4.098999999999999866e-01 4.541129999999999889e-01 5.082790000000000363e-01
4.510000000000000000e+02 4.098820000000000241e-01 4.540930000000000244e-01 5.082579999999999876e-01
4.520000000000000000e+02 4.098600000000000021e-01 4.540699999999999736e-01 5.082400000000000251e-01
4.530000000000000000e+02 4.098379999999999801e-01 4.540420000000000011e-01 5.082160000000000011e-01
4.540000000000000000e+02 4.098330000000000028e-01 4.540319999999999911e-01 5.082090000000000218e-01
4.550000000000000000e+02 4.098419999999999841e-01 4.540370000000000239e-01 5.082160000000000011e-01
4.560000000000000000e+02 4.098530000000000229e-01 4.540480000000000071e-01 5.082290000000000418e-01
4.570000000000000000e+02 4.098700000000000121e-01 4.540609999999999924e-01 5.082419999999999716e-01
4.580000000000000000e+02 4.098939999999999806e-01 4.540799999999999836e-01 5.082659999999999956e-01
4.590000000000000000e+02 4.099099999999999966e-01 4.540930000000000244e-01 5.082860000000000156e-01
4.600000000000000000e+02 4.099099999999999966e-01 4.540890000000000204e-01 5.082870000000000443e-01
4.610000000000000000e+02 4.098959999999999826e-01 4.540750000000000064e-01 5.082740000000000036e-01
4.620000000000000000e+02 4.098829999999999973e-01 4.540569999999999884e-01 5.082569999999999588e-01
4.630000000000000000e+02 4.098649999999999793e-01 4.540359999999999951e-01 5.082349999999999923e-01
4.640000000000000000e+02 4.098589999999999733e-01 4.540259999999999851e-01 5.082349999999999923e-01
4.650000000000000000e+02 4.098640000000000061e-01 4.540270000000000139e-01 5.082349999999999923e-01
4.660000000000000000e+02 4.098680000000000101e-01 4.540299999999999891e-01 5.082430000000000003e-01
4.670000000000000000e+02 4.098769999999999913e-01 4.540370000000000239e-01 5.082539999999999836e-01
4.680000000000000000e+02 4.098820000000000241e-01 4.540379999999999971e-01 5.082539999999999836e-01
4.690000000000000000e+02 4.098729999999999873e-01 4.540299999999999891e-01 5.082440000000000291e-01
4.700000000000000000e+02 4.098470000000000169e-01 4.539949999999999819e-01 5.082200000000000051e-01
4.710000000000000000e+02 4.098269999999999968e-01 4.539770000000000194e-01 5.081970000000000098e-01
4.720000000000000000e+02 4.098089999999999788e-01 4.539509999999999934e-01 5.081780000000000186e-01
4.730000000000000000e+02 4.097899999999999876e-01 4.539300000000000002e-01 5.081599999999999451e-01
4.740000000000000000e+02 4.097740000000000271e-01 4.539070000000000049e-01 5.081409999999999538e-01
4.750000000000000000e+02 4.097740000000000271e-01 4.539090000000000069e-01 5.081409999999999538e-01
4.760000000000000000e+02 4.097740000000000271e-01 4.539039999999999742e-01 5.081409999999999538e-01
4.770000000000000000e+02 4.097740000000000271e-01 4.539000000000000257e-01 5.081430000000000113e-01
4.780000000000000000e+02 4.097759999999999736e-01 4.539000000000000257e-01 5.081409999999999538e-01
4.790000000000000000e+02 4.097799999999999776e-01 4.539000000000000257e-01 5.081440000000000401e-01
4.800000000000000000e+02 4.097640000000000171e-01 4.538840000000000097e-01 5.081299999999999706e-01
4.810000000000000000e+02 4.097540000000000071e-01 4.538739999999999997e-01 5.081200000000000161e-01
4.820000000000000000e+02 4.097410000000000219e-01 4.538539999999999797e-01 5.081050000000000288e-01
4.830000000000000000e+02 4.097140000000000226e-01 4.538280000000000092e-01 5.080789999999999473e-01
4.840000000000000000e+02 4.096870000000000234e-01 4.537959999999999772e-01 5.080540000000000056e-01
4.850000000000000000e+02 4.096759999999999846e-01 4.537809999999999899e-01 5.080430000000000224e-01
4.860000000000000000e+02 4.096710000000000074e-01 4.537709999999999799e-01 5.080369999999999608e-01
4.870000000000000000e+02 4.096670000000000034e-01 4.537669999999999759e-01 5.080339999999999856e-01
4.880000000000000000e+02 4.096770000000000134e-01 4.537740000000000107e-01 5.080390000000000184e-01
4.890000000000000000e+02 4.096830000000000194e-01 4.537760000000000127e-01 5.080409999999999648e-01
4.900000000000000000e+02 4.096799999999999886e-01 4.537700000000000067e-01 5.080409999999999648e-01
4.910000000000000000e+02 4.096710000000000074e-01 4.537610000000000254e-01 5.080289999999999528e-01
4.920000000000000000e+02 4.096609999999999974e-01 4.537470000000000114e-01 5.080200000000000271e-01
4.930000000000000000e+02 4.096549999999999914e-01 4.537390000000000034e-01 5.080130000000000479e-01
4.940000000000000000e+02 4.096520000000000161e-01 4.537300000000000222e-01 5.080120000000000191e-01
4.950000000000000000e+02 4.096580000000000221e-01 4.537320000000000242e-01 5.080160000000000231e-01
4.960000000000000000e+02 4.096719999999999806e-01 4.537419999999999787e-01 5.080289999999999528e-01
4.970000000000000000e+02 4.096710000000000074e-01 4.537419999999999787e-01 5.080270000000000064e-01
4.980000000000000000e+02 4.096629999999999994e-01 4.537280000000000202e-01 5.080219999999999736e-01
4.990000000000000000e+02 4.096609999999999974e-01 4.537229999999999874e-01 5.080189999999999984e-01
5.000000000000000000e+02 4.096549999999999914e-01 4.537140000000000062e-01 5.080090000000000439e-01
5.010000000000000000e+02 4.096330000000000249e-01 4.536890000000000089e-01 5.079879999999999951e-01
5.020000000000000000e+02 4.096319999999999961e-01 4.536870000000000069e-01 5.079909999999999703e-01
5.030000000000000000e+02 4.096310000000000229e-01 4.536800000000000277e-01 5.079850000000000199e-01
5.040000000000000000e+02 4.096179999999999821e-01 4.536649999999999849e-01 5.079690000000000039e-01
5.050000000000000000e+02 4.096090000000000009e-01 4.536549999999999749e-01 5.079590000000000494e-01
5.060000000000000000e+02 4.096130000000000049e-01 4.536600000000000077e-01 5.079660000000000286e-01
5.070000000000000000e+02 4.096199999999999841e-01 4.536589999999999789e-01 5.079719999999999791e-01
5.080000000000000000e+02 4.096310000000000229e-01 4.536669999999999869e-01 5.079839999999999911e-01
5.090000000000000000e+02 4.096330000000000249e-01 4.536729999999999929e-01 5.079869999999999663e-01
5.100000000000000000e+02 4.096299999999999941e-01 4.536660000000000137e-01 5.079810000000000159e-01
5.110000000000000000e+02 4.096250000000000169e-01 4.536609999999999809e-01 5.079810000000000159e-01
5.120000000000000000e+02 4.096170000000000089e-01 4.536410000000000164e-01 5.079660000000000286e-01
5.130000000000000000e+02 4.096049999999999969e-01 4.536339999999999817e-01 5.079580000000000206e-01
5.140000000000000000e+02 4.096170000000000089e-01 4.536410000000000164e-01 5.079660000000000286e-01
5.150000000000000000e+02 4.096290000000000209e-01 4.536529999999999729e-01 5.079810000000000159e-01
5.160000000000000000e+02 4.096339999999999981e-01 4.536549999999999749e-01 5.079839999999999911e-01
5.170000000000000000e+02 4.096350000000000269e-01 4.536529999999999729e-01 5.079850000000000199e-01
5.180000000000000000e+02 4.096230000000000149e-01 4.536439999999999917e-01 5.079799999999999871e-01
5.190000000000000000e+02 4.096009999999999929e-01 4.536160000000000192e-01 5.079460000000000086e-01
5.200000000000000000e+02 4.095860000000000056e-01 4.536009999999999764e-01 5.079409999999999759e-01
5.210000000000000000e+02 4.095659999999999856e-01 4.535799999999999832e-01 5.079150000000000054e-01
5.220000000000000000e+02 4.095489999999999964e-01 4.535589999999999899e-01 5.079000000000000181e-01
5.230000000000000000e+02 4.095449999999999924e-01 4.535560000000000147e-01 5.078970000000000429e-01
5.240000000000000000e+02 4.095550000000000024e-01 4.535640000000000227e-01 5.079080000000000261e-01
5.250000000000000000e+02 4.095650000000000124e-01 4.535699999999999732e-01 5.079150000000000054e-01
5.260000000000000000e+02 4.095719999999999916e-01 4.535750000000000060e-01 5.079230000000000134e-01
5.270000000000000000e+02 4.095809999999999729e-01 4.535779999999999812e-01 5.079270000000000174e-01
5.280000000000000000e+02 4.095770000000000244e-01 4.535719999999999752e-01 5.079230000000000134e-01
5.290000000000000000e+02 4.095590000000000064e-01 4.535549999999999859e-01 5.079000000000000181e-01
5.300000000000000000e+02 4.095380000000000131e-01 4.535330000000000195e-01 5.078819999999999446e-01
5.310000000000000000e+02 4.095289999999999764e-01 4.535190000000000055e-01 5.078690000000000149e-01
5.320000000000000000e+02 4.095269999999999744e-01 4.535120000000000262e-01 5.078709999999999614e-01
5.330000000000000000e+02 4.095280000000000031e-01 4.535150000000000015e-01 5.078740000000000476e-01
5.340000000000000000e+02 4.095349999999999824e-01 4.535150000000000015e-01 5.078780000000000516e-01
5.350000000000000000e+02 4.095360000000000111e-01 4.535139999999999727e-01 5.078840000000000021e-01
5.360000000000000000e+02 4.095329999999999804e-01 4.535120000000000262e-01 5.078770000000000229e-01
5.370000000000000000e+02 4.095239999999999991e-01 4.535009999999999875e-01 5.078639999999999821e-01
5.380000000000000000e+02 4.095190000000000219e-01 4.534940000000000082e-01 5.078629999999999534e-01
5.390000000000000000e+02 4.095130000000000159e-01 4.534900000000000042e-01 5.078570000000000029e-01
5.400000000000000000e+02 4.095030000000000059e-01 4.534770000000000190e-01 5.078439999999999621e-01
5.410000000000000000e+02 4.095099999999999851e-01 4.534810000000000230e-01 5.078519999999999701e-01
5.420000000000000000e+02 4.095170000000000199e-01 4.534850000000000270e-01 5.078610000000000069e-01
5.430000000000000000e+02 4.095150000000000179e-01 4.534810000000000230e-01 5.078589999999999494e-01
5.440000000000000000e+02 4.095159999999999911e-01 4.534799999999999942e-01 5.078589999999999494e-01
5.450000000000000000e+02 4.095329999999999804e-01 4.534960000000000102e-01 5.078749999999999654e-01
5.460000000000000000e+02 4.095420000000000171e-01 4.534960000000000102e-01 5.078840000000000021e-01
5.470000000000000000e+02 4.095409999999999884e-01 4.534969999999999835e-01 5.078829999999999734e-01
5.480000000000000000e+02 4.095469999999999944e-01 4.535020000000000162e-01 5.078880000000000061e-01
5.490000000000000000e+02 4.095469999999999944e-01 4.534969999999999835e-01 5.078840000000000021e-01
5.500000000000000000e+02 4.095409999999999884e-01 4.534889999999999755e-01 5.078819999999999446e-01
5.510000000000000000e+02 4.095329999999999804e-01 4.534830000000000250e-01 5.078770000000000229e-01
5.520000000000000000e+02 4.095289999999999764e-01 4.534730000000000150e-01 5.078690000000000149e-01
5.530000000000000000e+02 4.095249999999999724e-01 4.534699999999999842e-01 5.078669999999999574e-01
5.540000000000000000e+02 4.095230000000000259e-01 4.534719999999999862e-01 5.078639999999999821e-01
5.550000000000000000e+02 4.095190000000000219e-01 4.534619999999999762e-01 5.078580000000000316e-01
5.560000000000000000e+02 4.095230000000000259e-01 4.534630000000000050e-01 5.078639999999999821e-01
5.570000000000000000e+02 4.095239999999999991e-01 4.534639999999999782e-01 5.078669999999999574e-01
5.580000000000000000e+02 4.095249999999999724e-01 4.534630000000000050e-01 5.078629999999999534e-01
5.590000000000000000e+02 4.095170000000000199e-01 4.534529999999999950e-01 5.078589999999999494e-01
5.600000000000000000e+02 4.095119999999999871e-01 4.534480000000000177e-01 5.078519999999999701e-01
5.610000000000000000e+02 4.095010000000000039e-01 4.534290000000000265e-01 5.078390000000000404e-01
5.620000000000000000e+02 4.094969999999999999e-01 4.534230000000000205e-01 5.078399999999999581e-01
5.630000000000000000e+02 4.094990000000000019e-01 4.534259999999999957e-01 5.078390000000000404e-01
5.640000000000000000e+02 4.095090000000000119e-01 4.534380000000000077e-01 5.078549999999999454e-01
5.650000000000000000e+02 4.095130000000000159e-01 4.534409999999999830e-01 5.078510000000000524e-01
5.660000000000000000e+02 4.095190000000000219e-01 4.534429999999999850e-01 5.078589999999999494e-01
5.670000000000000000e+02 4.095159999999999911e-01 4.534409999999999830e-01 5.078620000000000356e-01
5.680000000000000000e+02 4.095139999999999891e-01 4.534400000000000097e-01 5.078559999999999741e-01
5.690000000000000000e+02 4.095019999999999771e-01 4.534219999999999917e-01 5.078479999999999661e-01
5.700000000000000000e+02 4.094949999999999979e-01 4.534119999999999817e-01 5.078350000000000364e-01
5.710000000000000000e+02 4.094940000000000246e-01 4.534050000000000025e-01 5.078409999999999869e-01
5.720000000000000000e+02 4.094979999999999731e-01 4.534090000000000065e-01 5.078420000000000156e-01
5.730000000000000000e+02 4.094909999999999939e-01 4.534000000000000252e-01 5.078310000000000324e-01
5.740000000000000000e+02 4.094849999999999879e-01 4.533889999999999865e-01 5.078240000000000531e-01
5.750000000000000000e+02 4.094860000000000166e-01 4.533889999999999865e-01 5.078240000000000531e-01
5.760000000000000000e+02 4.094769999999999799e-01 4.533800000000000052e-01 5.078150000000000164e-01
5.770000000000000000e+02 4.094639999999999946e-01 4.533679999999999932e-01 5.078120000000000411e-01
5.780000000000000000e+02 4.094659999999999966e-01 4.533670000000000200e-01 5.078070000000000084e-01
5.790000000000000000e+02 4.094659999999999966e-01 4.533630000000000160e-01 5.078059999999999796e-01
5.800000000000000000e+02 4.094679999999999986e-01 4.533659999999999912e-01 5.078040000000000331e-01
5.810000000000000000e+02 4.094670000000000254e-01 4.533659999999999912e-01 5.078099999999999836e-01
5.820000000000000000e+02 4.094610000000000194e-01 4.533579999999999832e-01 5.077960000000000251e-01
5.830000000000000000e+02 4.094559999999999866e-01 4.533499999999999752e-01 5.077890000000000459e-01
5.840000000000000000e+02 4.094550000000000134e-01 4.533490000000000020e-01 5.077949999999999964e-01
5.850000000000000000e+02 4.094490000000000074e-01 4.533440000000000247e-01 5.077829999999999844e-01
5.860000000000000000e+02 4.094389999999999974e-01 4.533329999999999860e-01 5.077789999999999804e-01
5.870000000000000000e+02 4.094389999999999974e-01 4.533269999999999800e-01 5.077770000000000339e-01
5.880000000000000000e+02 4.094380000000000241e-01 4.533269999999999800e-01 5.077739999999999476e-01
5.890000000000000000e+02 4.094380000000000241e-01 4.533280000000000087e-01 5.077739999999999476e-01
5.900000000000000000e+02 4.094400000000000261e-01 4.533240000000000047e-01 5.077810000000000379e-01
5.910000000000000000e+02 4.094419999999999726e-01 4.533269999999999800e-01 5.077800000000000091e-01
5.920000000000000000e+02 4.094360000000000221e-01 4.533220000000000027e-01 5.077770000000000339e-01
5.930000000000000000e+02 4.094269999999999854e-01 4.533099999999999907e-01 5.077660000000000506e-01
5.940000000000000000e+02 4.094149999999999734e-01 4.532950000000000035e-01 5.077580000000000426e-01
5.950000000000000000e+02 4.094079999999999941e-01 4.532919999999999727e-01 5.077479999999999771e-01
5.960000000000000000e+02 4.094169999999999754e-01 4.532900000000000262e-01 5.077500000000000346e-01
5.970000000000000000e+02 4.094189999999999774e-01 4.532950000000000035e-01 5.077570000000000139e-01
5.980000000000000000e+02 4.094160000000000021e-01 4.532869999999999955e-01 5.077519999999999811e-01
5.990000000000000000e+02 4.094189999999999774e-01 4.532900000000000262e-01 5.077509999999999524e-01
6.000000000000000000e+02 4.094180000000000041e-01 4.532880000000000242e-01 5.077530000000000099e-01
6.010000000000000000e+02 4.094099999999999961e-01 4.532809999999999895e-01 5.077460000000000306e-01
6.020000000000000000e+02 4.094140000000000001e-01 4.532820000000000182e-01 5.077460000000000306e-01
6.030000000000000000e+02 4.094289999999999874e-01 4.532909999999999995e-01 5.077589999999999604e-01
6.040000000000000000e+02 4.094340000000000201e-01 4.532979999999999787e-01 5.077639999999999931e-01
6.050000000000000000e+02 4.094360000000000221e-01 4.532999999999999807e-01 5.077730000000000299e-01
6.060000000000000000e+02 4.094479999999999786e-01 4.533079999999999887e-01 5.077760000000000051e-01
6.070000000000000000e+02 4.094320000000000181e-01 4.532959999999999767e-01 5.077690000000000259e-01
6.080000000000000000e+02 4.094220000000000081e-01 4.532809999999999895e-01 5.077599999999999891e-01
6.090000000000000000e+02 4.094160000000000021e-01 4.532709999999999795e-01 5.077500000000000346e-01
6.100000000000000000e+02 4.093999999999999861e-01 4.532559999999999922e-01 5.077359999999999651e-01
6.110000000000000000e+02 4.093820000000000237e-01 4.532349999999999990e-01 5.077139999999999986e-01
6.120000000000000000e+02 4.093860000000000277e-01 4.532419999999999782e-01 5.077230000000000354e-01
6.130000000000000000e+02 4.093959999999999821e-01 4.532439999999999802e-01 5.077279999999999571e-01
6.140000000000000000e+02 4.093959999999999821e-01 4.532519999999999882e-01 5.077359999999999651e-01
6.150000000000000000e+02 4.094010000000000149e-01 4.532490000000000130e-01 5.077319999999999611e-01
6.160000000000000000e+02 4.094140000000000001e-01 4.532579999999999942e-01 5.077479999999999771e-01
6.170000000000000000e+02 4.094140000000000001e-01 4.532619999999999982e-01 5.077500000000000346e-01
6.180000000000000000e+02 4.094070000000000209e-01 4.532510000000000150e-01 5.077399999999999691e-01
6.190000000000000000e+02 4.094070000000000209e-01 4.532519999999999882e-01 5.077390000000000514e-01
6.200000000000000000e+02 4.094030000000000169e-01 4.532450000000000090e-01 5.077340000000000186e-01
6.210000000000000000e+02 4.093959999999999821e-01 4.532410000000000050e-01 5.077329999999999899e-01
6.220000000000000000e+02 4.093959999999999821e-01 4.532289999999999930e-01 5.077340000000000186e-01
6.230000000000000000e+02 4.093999999999999861e-01 4.532340000000000257e-01 5.077359999999999651e-01
6.240000000000000000e+02 4.094019999999999881e-01 4.532360000000000277e-01 5.077409999999999979e-01
6.250000000000000000e+02 4.094119999999999981e-01 4.532450000000000090e-01 5.077460000000000306e-01
6.260000000000000000e+02 4.094169999999999754e-01 4.532479999999999842e-01 5.077530000000000099e-01
6.270000000000000000e+02 4.094280000000000141e-01 4.532559999999999922e-01 5.077669999999999684e-01
6.280000000000000000e+02 4.094320000000000181e-01 4.532619999999999982e-01 5.077709999999999724e-01
6.290000000000000000e+02 4.094300000000000161e-01 4.532539999999999902e-01 5.077679999999999971e-01
6.300000000000000000e+02 4.094309999999999894e-01 4.532559999999999922e-01 5.077660000000000506e-01
6.310000000000000000e+02 4.094269999999999854e-01 4.532510000000000150e-01 5.077580000000000426e-01
6.320000000000000000e+02 4.094249999999999834e-01 4.532459999999999822e-01 5.077570000000000139e-01
6.330000000000000000e+02 4.094249999999999834e-01 4.532510000000000150e-01 5.077589999999999604e-01
6.340000000000000000e+02 4.094360000000000221e-01 4.532630000000000270e-01 5.077709999999999724e-01
6.350000000000000000e+02 4.094459999999999766e-01 4.532700000000000062e-01 5.077749999999999764e-01
6.360000000000000000e+02 4.094570000000000154e-01 4.532849999999999935e-01 5.077939999999999676e-01
6.370000000000000000e+02 4.094690000000000274e-01 4.532909999999999995e-01 5.078049999999999509e-01
6.380000000000000000e+02 4.094679999999999986e-01 4.532930000000000015e-01 5.078000000000000291e-01
6.390000000000000000e+02 4.094729999999999759e-01 4.532909999999999995e-01 5.078049999999999509e-01
6.400000000000000000e+02 4.094650000000000234e-01 4.532829999999999915e-01 5.077970000000000539e-01
6.410000000000000000e+02 4.094550000000000134e-01 4.532740000000000102e-01 5.077890000000000459e-01
6.420000000000000000e+02 4.094539999999999846e-01 4.532720000000000082e-01 5.077890000000000459e-01
6.430000000000000000e+02 4.094539999999999846e-01 4.532680000000000042e-01 5.077909999999999924e-01
6.440000000000000000e+02 4.094519999999999826e-01 4.532720000000000082e-01 5.077930000000000499e-01
6.450000000000000000e+02 4.094550000000000134e-01 4.532649999999999735e-01 5.077890000000000459e-01
6.460000000000000000e+02 4.094519999999999826e-01 4.532630000000000270e-01 5.077890000000000459e-01
6.470000000000000000e+02 4.094430000000000014e-01 4.532519999999999882e-01 5.077760000000000051e-01
6.480000000000000000e+02 4.094380000000000241e-01 4.532450000000000090e-01 5.077730000000000299e-01
6.490000000000000000e+02 4.094269999999999854e-01 4.532370000000000010e-01 5.077610000000000179e-01
6.500000000000000000e+02 4.094229999999999814e-01 4.532289999999999930e-01 5.077610000000000179e-01
6.510000000000000000e+02 4.094280000000000141e-01 4.532260000000000177e-01 5.077620000000000466e-01
6.520000000000000000e+02 4.094320000000000181e-01 4.532329999999999970e-01 5.077650000000000219e-01
6.530000000000000000e+02 4.094340000000000201e-01 4.532309999999999950e-01 5.077720000000000011e-01
6.540000000000000000e+02 4.094360000000000221e-01 4.532309999999999950e-01 5.077739999999999476e-01
6.550000000000000000e+02 4.094380000000000241e-01 4.532329999999999970e-01 5.077760000000000051e-01
6.560000000000000000e+02 4.094329999999999914e-01 4.532289999999999930e-01 5.077629999999999644e-01
6.570000000000000000e+02 4.094260000000000121e-01 4.532229999999999870e-01 5.077620000000000466e-01
6.580000000000000000e+02 4.094269999999999854e-01 4.532140000000000057e-01 5.077620000000000466e-01
6.590000000000000000e+02 4.094289999999999874e-01 4.532180000000000097e-01 5.077639999999999931e-01
6.600000000000000000e+02 4.094329999999999914e-01 4.532220000000000137e-01 5.077690000000000259e-01
6.610000000000000000e+02 4.094419999999999726e-01 4.532260000000000177e-01 5.077709999999999724e-01
6.620000000000000000e+02 4.094419999999999726e-01 4.532240000000000157e-01 5.077720000000000011e-01
6.630000000000000000e+02 4.094389999999999974e-01 4.532229999999999870e-01 5.077660000000000506e-01
6.640000000000000000e+02 4.094260000000000121e-01 4.532079999999999997e-01 5.077570000000000139e-01
6.650000000000000000e+02 4.094169999999999754e-01 4.531959999999999877e-01 5.077469999999999484e-01
6.660000000000000000e+02 4.094169999999999754e-01 4.531930000000000125e-01 5.077469999999999484e-01
6.670000000000000000e+02 4.094200000000000061e-01 4.531990000000000185e-01 5.077500000000000346e-01
6.680000000000000000e+02 4.094240000000000101e-01 4.531999999999999917e-01 5.077509999999999524e-01
6.690000000000000000e+02 4.094249999999999834e-01 4.532039999999999957e-01 5.077549999999999564e-01
6.700000000000000000e+02 4.094329999999999914e-01 4.532089999999999730e-01 5.077599999999999891e-01
6.710000000000000000e+02 4.094320000000000181e-01 4.532089999999999730e-01 5.077620000000000466e-01
6.720000000000000000e+02 4.094289999999999874e-01 4.532070000000000265e-01 5.077669999999999684e-01
6.730000000000000000e+02 4.094280000000000141e-01 4.532010000000000205e-01 5.077639999999999931e-01
6.740000000000000000e+02 4.094349999999999934e-01 4.532059999999999977e-01 5.077620000000000466e-01
6.750000000000000000e+02 4.094280000000000141e-01 4.531990000000000185e-01 5.077660000000000506e-01
6.760000000000000000e+02 4.094329999999999914e-01 4.532019999999999937e-01 5.077650000000000219e-01
6.770000000000000000e+02 4.094329999999999914e-01 4.531999999999999917e-01 5.077639999999999931e-01
6.780000000000000000e+02 4.094340000000000201e-01 4.532019999999999937e-01 5.077669999999999684e-01
6.790000000000000000e+02 4.094380000000000241e-01 4.532059999999999977e-01 5.077690000000000259e-01
6.800000000000000000e+02 4.094349999999999934e-01 4.532010000000000205e-01 5.077679999999999971e-01
6.810000000000000000e+02 4.094260000000000121e-01 4.531899999999999817e-01 5.077610000000000179e-01
6.820000000000000000e+02 4.094269999999999854e-01 4.531879999999999797e-01 5.077589999999999604e-01
6.830000000000000000e+02 4.094260000000000121e-01 4.531839999999999757e-01 5.077570000000000139e-01
6.840000000000000000e+02 4.094280000000000141e-01 4.531819999999999737e-01 5.077589999999999604e-01
6.850000000000000000e+02 4.094360000000000221e-01 4.531899999999999817e-01 5.077610000000000179e-01
6.860000000000000000e+02 4.094459999999999766e-01 4.531999999999999917e-01 5.077749999999999764e-01
6.870000000000000000e+02 4.094490000000000074e-01 4.532030000000000225e-01 5.077819999999999556e-01
6.880000000000000000e+02 4.094530000000000114e-01 4.532089999999999730e-01 5.077850000000000419e-01
6.890000000000000000e+02 4.094459999999999766e-01 4.531990000000000185e-01 5.077819999999999556e-01
6.900000000000000000e+02 4.094419999999999726e-01 4.531919999999999837e-01 5.077679999999999971e-01
6.910000000000000000e+02 4.094400000000000261e-01 4.531899999999999817e-01 5.077749999999999764e-01
6.920000000000000000e+02 4.094400000000000261e-01 4.531890000000000085e-01 5.077700000000000546e-01
6.930000000000000000e+02 4.094419999999999726e-01 4.531859999999999777e-01 5.077700000000000546e-01
6.940000000000000000e+02 4.094499999999999806e-01 4.531870000000000065e-01 5.077800000000000091e-01
6.950000000000000000e+02 4.094599999999999906e-01 4.531830000000000025e-01 5.077920000000000211e-01
6.960000000000000000e+02 4.094670000000000254e-01 4.531800000000000272e-01 5.077939999999999676e-01
6.970000000000000000e+02 4.094780000000000086e-01 4.531709999999999905e-01 5.078019999999999756e-01
6.980000000000000000e+02 4.094889999999999919e-01 4.531640000000000112e-01 5.078099999999999836e-01
6.990000000000000000e+02 4.095030000000000059e-01 4.531470000000000220e-01 5.078179999999999916e-01
7.000000000000000000e+02 4.095159999999999911e-01 4.531319999999999792e-01 5.078300000000000036e-01
7.010000000000000000e+02 4.095280000000000031e-01 4.531129999999999880e-01 5.078380000000000116e-01
7.020000000000000000e+02 4.095440000000000191e-01 4.531040000000000068e-01 5.078500000000000236e-01
7.030000000000000000e+02 4.095579999999999776e-01 4.530910000000000215e-01 5.078620000000000356e-01
7.040000000000000000e+02 4.095699999999999896e-01 4.530830000000000135e-01 5.078759999999999941e-01
7.050000000000000000e+02 4.095829999999999749e-01 4.530759999999999788e-01 5.078869999999999774e-01
7.060000000000000000e+02 4.095980000000000176e-01 4.530689999999999995e-01 5.078989999999999894e-01
7.070000000000000000e+02 4.096090000000000009e-01 4.530660000000000243e-01 5.079090000000000549e-01
7.080000000000000000e+02 4.096190000000000109e-01 4.530620000000000203e-01 5.079190000000000094e-01
7.090000000000000000e+02 4.096290000000000209e-01 4.530609999999999915e-01 5.079280000000000461e-01
7.100000000000000000e+02 4.096350000000000269e-01 4.530589999999999895e-01 5.079320000000000501e-01
7.110000000000000000e+02 4.096380000000000021e-01 4.530569999999999875e-01 5.079339999999999966e-01
7.120000000000000000e+02 4.096409999999999774e-01 4.530549999999999855e-01 5.079380000000000006e-01
7.130000000000000000e+02 4.096409999999999774e-01 4.530540000000000123e-01 5.079390000000000294e-01
7.140000000000000000e+02 4.096409999999999774e-01 4.530529999999999835e-01 5.079380000000000006e-01
7.150000000000000000e+02 4.096400000000000041e-01 4.530520000000000103e-01 5.079369999999999719e-01
7.160000000000000000e+02 4.096400000000000041e-01 4.530520000000000103e-01 5.079369999999999719e-01
7.170000000000000000e+02 4.096400000000000041e-01 4.530520000000000103e-01 5.079369999999999719e-01
7.180000000000000000e+02 4.096400000000000041e-01 4.530520000000000103e-01 5.079369999999999719e-01
7.190000000000000000e+02 4.096400000000000041e-01 4.530520000000000103e-01 5.079369999999999719e-01
7.200000000000000000e+02 4.096400000000000041e-01 4.530520000000000103e-01 5.079369999999999719e-01
7.210000000000000000e+02 4.096400000000000041e-01 4.530520000000000103e-01 5.079369999999999719e-01
7.220000000000000000e+02 4.096400000000000041e-01 4.530520000000000103e-01 5.079369999999999719e-01
7.230000000000000000e+02 4.096400000000000041e-01 4.530520000000000103e-01 5.079369999999999719e-01
7.240000000000000000e+02 4.096400000000000041e-01 4.530520000000000103e-01 5.079369999999999719e-01
7.250000000000000000e+02 4.096400000000000041e-01 4.530520000000000103e-01 5.079369999999999719e-01
7.260000000000000000e+02 4.096400000000000041e-01 4.530520000000000103e-01 5.079369999999999719e-01
7.270000000000000000e+02 4.096400000000000041e-01 4.530520000000000103e-01 5.079369999999999719e-01
7.280000000000000000e+02 4.096400000000000041e-01 4.530520000000000103e-01 5.079369999999999719e-01
7.290000000000000000e+02 4.096400000000000041e-01 4.530520000000000103e-01 5.079369999999999719e-01
7.300000000000000000e+02 4.096400000000000041e-01 4.530520000000000103e-01 5.079369999999999719e-01
7.310000000000000000e+02 4.096400000000000041e-01 4.530520000000000103e-01 5.079369999999999719e-01
7.320000000000000000e+02 4.096400000000000041e-01 4.530520000000000103e-01 5.079369999999999719e-01
7.330000000000000000e+02 4.096400000000000041e-01 4.530520000000000103e-01 5.079369999999999719e-01
7.340000000000000000e+02 4.096400000000000041e-01 4.530520000000000103e-01 5.079369999999999719e-01
7.350000000000000000e+02 4.096400000000000041e-01 4.530520000000000103e-01 5.079369999999999719e-01
7.360000000000000000e+02 4.096400000000000041e-01 4.530520000000000103e-01 5.079369999999999719e-01
7.370000000000000000e+02 4.096400000000000041e-01 4.530520000000000103e-01 5.079369999999999719e-01
7.380000000000000000e+02 4.096400000000000041e-01 4.530520000000000103e-01 5.079369999999999719e-01
7.390000000000000000e+02 4.096400000000000041e-01 4.530520000000000103e-01 5.079369999999999719e-01
7.400000000000000000e+02 4.096400000000000041e-01 4.530520000000000103e-01 5.079369999999999719e-01
7.410000000000000000e+02 4.096400000000000041e-01 4.530520000000000103e-01 5.079369999999999719e-01
7.420000000000000000e+02 4.096400000000000041e-01 4.530520000000000103e-01 5.079369999999999719e-01
7.430000000000000000e+02 4.096400000000000041e-01 4.530520000000000103e-01 5.079369999999999719e-01
7.440000000000000000e+02 4.096400000000000041e-01 4.530520000000000103e-01 5.079369999999999719e-01
7.450000000000000000e+02 4.096400000000000041e-01 4.530520000000000103e-01 5.079369999999999719e-01
7.460000000000000000e+02 4.096400000000000041e-01 4.530520000000000103e-01 5.079369999999999719e-01
7.470000000000000000e+02 4.096400000000000041e-01 4.530520000000000103e-01 5.079369999999999719e-01
7.480000000000000000e+02 4.096400000000000041e-01 4.530520000000000103e-01 5.079369999999999719e-01
7.490000000000000000e+02 4.096400000000000041e-01 4.530520000000000103e-01 5.079369999999999719e-01
7.500000000000000000e+02 4.096400000000000041e-01 4.530520000000000103e-01 5.079369999999999719e-01
7.510000000000000000e+02 4.096400000000000041e-01 4.530520000000000103e-01 5.079369999999999719e-01
7.520000000000000000e+02 4.096400000000000041e-01 4.530520000000000103e-01 5.079369999999999719e-01
7.530000000000000000e+02 4.096400000000000041e-01 4.530520000000000103e-01 5.079369999999999719e-01
7.540000000000000000e+02 4.096400000000000041e-01 4.530520000000000103e-01 5.079369999999999719e-01
7.550000000000000000e+02 4.096400000000000041e-01 4.530520000000000103e-01 5.079369999999999719e-01
7.560000000000000000e+02 4.096400000000000041e-01 4.530520000000000103e-01 5.079369999999999719e-01
7.570000000000000000e+02 4.096400000000000041e-01 4.530520000000000103e-01 5.079369999999999719e-01
7.580000000000000000e+02 4.096400000000000041e-01 4.530520000000000103e-01 5.079369999999999719e-01
7.590000000000000000e+02 4.096400000000000041e-01 4.530520000000000103e-01 5.079369999999999719e-01
7.600000000000000000e+02 4.096400000000000041e-01 4.530520000000000103e-01 5.079369999999999719e-01
7.610000000000000000e+02 4.096400000000000041e-01 4.530520000000000103e-01 5.079369999999999719e-01
7.620000000000000000e+02 4.096400000000000041e-01 4.530520000000000103e-01 5.079369999999999719e-01
7.630000000000000000e+02 4.096400000000000041e-01 4.530520000000000103e-01 5.079369999999999719e-01
7.640000000000000000e+02 4.096400000000000041e-01 4.530520000000000103e-01 5.079369999999999719e-01
7.650000000000000000e+02 4.096400000000000041e-01 4.530520000000000103e-01 5.079369999999999719e-01
7.660000000000000000e+02 4.096400000000000041e-01 4.530520000000000103e-01 5.079369999999999719e-01
7.670000000000000000e+02 4.096400000000000041e-01 4.530520000000000103e-01 5.079369999999999719e-01
7.680000000000000000e+02 4.096400000000000041e-01 4.530520000000000103e-01 5.079369999999999719e-01
7.690000000000000000e+02 4.096400000000000041e-01 4.530520000000000103e-01 5.079369999999999719e-01
7.700000000000000000e+02 4.096400000000000041e-01 4.530520000000000103e-01 5.079369999999999719e-01
7.710000000000000000e+02 4.096400000000000041e-01 4.530520000000000103e-01 5.079369999999999719e-01
7.720000000000000000e+02 4.096400000000000041e-01 4.530520000000000103e-01 5.079369999999999719e-01
7.730000000000000000e+02 4.096400000000000041e-01 4.530520000000000103e-01 5.079369999999999719e-01
7.740000000000000000e+02 4.096400000000000041e-01 4.530520000000000103e-01 5.079369999999999719e-01
7.750000000000000000e+02 4.096400000000000041e-01 4.530520000000000103e-01 5.079369999999999719e-01
7.760000000000000000e+02 4.096400000000000041e-01 4.530520000000000103e-01 5.079369999999999719e-01
7.770000000000000000e+02 4.096400000000000041e-01 4.530520000000000103e-01 5.079369999999999719e-01
7.780000000000000000e+02 4.096400000000000041e-01 4.530520000000000103e-01 5.079369999999999719e-01
7.790000000000000000e+02 4.096400000000000041e-01 4.530520000000000103e-01 5.079369999999999719e-01
7.800000000000000000e+02 4.096400000000000041e-01 4.530520000000000103e-01 5.079369999999999719e-01
7.810000000000000000e+02 4.096400000000000041e-01 4.530520000000000103e-01 5.079369999999999719e-01
7.820000000000000000e+02 4.096400000000000041e-01 4.530520000000000103e-01 5.079369999999999719e-01
7.830000000000000000e+02 4.096400000000000041e-01 4.530520000000000103e-01 5.079369999999999719e-01
7.840000000000000000e+02 4.096400000000000041e-01 4.530520000000000103e-01 5.079369999999999719e-01
7.850000000000000000e+02 4.096400000000000041e-01 4.530520000000000103e-01 5.079369999999999719e-01
7.860000000000000000e+02 4.096400000000000041e-01 4.530520000000000103e-01 5.079369999999999719e-01
7.870000000000000000e+02 4.096400000000000041e-01 4.530520000000000103e-01 5.079369999999999719e-01
7.880000000000000000e+02 4.096400000000000041e-01 4.530520000000000103e-01 5.079369999999999719e-01
7.890000000000000000e+02 4.096400000000000041e-01 4.530520000000000103e-01 5.079369999999999719e-01
7.900000000000000000e+02 4.096400000000000041e-01 4.530520000000000103e-01 5.079369999999999719e-01
7.910000000000000000e+02 4.096400000000000041e-01 4.530520000000000103e-01 5.079369999999999719e-01
7.920000000000000000e+02 4.096400000000000041e-01 4.530520000000000103e-01 5.079369999999999719e-01
7.930000000000000000e+02 4.096400000000000041e-01 4.530520000000000103e-01 5.079369999999999719e-01
7.940000000000000000e+02 4.096400000000000041e-01 4.530520000000000103e-01 5.079369999999999719e-01
7.950000000000000000e+02 4.096400000000000041e-01 4.530520000000000103e-01 5.079369999999999719e-01
7.960000000000000000e+02 4.096400000000000041e-01 4.530520000000000103e-01 5.079369999999999719e-01
7.970000000000000000e+02 4.096400000000000041e-01 4.530520000000000103e-01 5.079369999999999719e-01
7.980000000000000000e+02 4.096400000000000041e-01 4.530520000000000103e-01 5.079369999999999719e-01
7.990000000000000000e+02 4.096400000000000041e-01 4.530520000000000103e-01 5.079369999999999719e-01
8.000000000000000000e+02 4.096400000000000041e-01 4.530520000000000103e-01 5.079369999999999719e-01
8.010000000000000000e+02 4.096400000000000041e-01 4.530520000000000103e-01 5.079369999999999719e-01
8.020000000000000000e+02 4.096400000000000041e-01 4.530520000000000103e-01 5.079369999999999719e-01
8.030000000000000000e+02 4.096400000000000041e-01 4.530520000000000103e-01 5.079369999999999719e-01
8.040000000000000000e+02 4.096400000000000041e-01 4.530520000000000103e-01 5.079369999999999719e-01
8.050000000000000000e+02 4.096400000000000041e-01 4.530520000000000103e-01 5.079369999999999719e-01
8.060000000000000000e+02 4.096400000000000041e-01 4.530520000000000103e-01 5.079369999999999719e-01
8.070000000000000000e+02 4.096400000000000041e-01 4.530520000000000103e-01 5.079369999999999719e-01
8.080000000000000000e+02 4.096400000000000041e-01 4.530520000000000103e-01 5.079369999999999719e-01
8.090000000000000000e+02 4.096400000000000041e-01 4.530520000000000103e-01 5.079369999999999719e-01
8.100000000000000000e+02 4.096400000000000041e-01 4.530520000000000103e-01 5.079369999999999719e-01
8.110000000000000000e+02 4.096400000000000041e-01 4.530520000000000103e-01 5.079369999999999719e-01
8.120000000000000000e+02 4.096400000000000041e-01 4.530520000000000103e-01 5.079369999999999719e-01
8.130000000000000000e+02 4.096400000000000041e-01 4.530520000000000103e-01 5.079369999999999719e-01
8.140000000000000000e+02 4.096400000000000041e-01 4.530520000000000103e-01 5.079369999999999719e-01
8.150000000000000000e+02 4.096400000000000041e-01 4.530520000000000103e-01 5.079369999999999719e-01
8.160000000000000000e+02 4.096400000000000041e-01 4.530520000000000103e-01 5.079369999999999719e-01
8.170000000000000000e+02 4.096400000000000041e-01 4.530520000000000103e-01 5.079369999999999719e-01
8.180000000000000000e+02 4.096400000000000041e-01 4.530520000000000103e-01 5.079369999999999719e-01
8.190000000000000000e+02 4.096400000000000041e-01 4.530520000000000103e-01 5.079369999999999719e-01
8.200000000000000000e+02 4.096400000000000041e-01 4.530520000000000103e-01 5.079369999999999719e-01
8.210000000000000000e+02 4.096400000000000041e-01 4.530520000000000103e-01 5.079369999999999719e-01
8.220000000000000000e+02 4.096400000000000041e-01 4.530520000000000103e-01 5.079369999999999719e-01
8.230000000000000000e+02 4.096400000000000041e-01 4.530520000000000103e-01 5.079369999999999719e-01
8.240000000000000000e+02 4.096400000000000041e-01 4.530520000000000103e-01 5.079369999999999719e-01
8.250000000000000000e+02 4.096400000000000041e-01 4.530520000000000103e-01 5.079369999999999719e-01
8.260000000000000000e+02 4.096400000000000041e-01 4.530520000000000103e-01 5.079369999999999719e-01
8.270000000000000000e+02 4.096400000000000041e-01 4.530520000000000103e-01 5.079369999999999719e-01
8.280000000000000000e+02 4.096400000000000041e-01 4.530520000000000103e-01 5.079369999999999719e-01
8.290000000000000000e+02 4.096400000000000041e-01 4.530520000000000103e-01 5.079369999999999719e-01
8.300000000000000000e+02 4.096400000000000041e-01 4.530520000000000103e-01 5.079369999999999719e-01
8.310000000000000000e+02 4.096400000000000041e-01 4.530520000000000103e-01 5.079369999999999719e-01
8.320000000000000000e+02 4.096400000000000041e-01 4.530520000000000103e-01 5.079369999999999719e-01
8.330000000000000000e+02 4.096400000000000041e-01 4.530520000000000103e-01 5.079369999999999719e-01
8.340000000000000000e+02 4.096400000000000041e-01 4.530520000000000103e-01 5.079369999999999719e-01
8.350000000000000000e+02 4.096400000000000041e-01 4.530520000000000103e-01 5.079369999999999719e-01
8.360000000000000000e+02 4.096400000000000041e-01 4.530520000000000103e-01 5.079369999999999719e-01
8.370000000000000000e+02 4.096400000000000041e-01 4.530520000000000103e-01 5.079369999999999719e-01
8.380000000000000000e+02 4.096400000000000041e-01 4.530520000000000103e-01 5.079369999999999719e-01
8.390000000000000000e+02 4.096400000000000041e-01 4.530520000000000103e-01 5.079369999999999719e-01
8.400000000000000000e+02 4.096400000000000041e-01 4.530520000000000103e-01 5.079369999999999719e-01
8.410000000000000000e+02 4.096400000000000041e-01 4.530520000000000103e-01 5.079369999999999719e-01
8.420000000000000000e+02 4.096400000000000041e-01 4.530520000000000103e-01 5.079369999999999719e-01
8.430000000000000000e+02 4.096400000000000041e-01 4.530520000000000103e-01 5.079369999999999719e-01
8.440000000000000000e+02 4.096400000000000041e-01 4.530520000000000103e-01 5.079369999999999719e-01
8.450000000000000000e+02 4.096400000000000041e-01 4.530520000000000103e-01 5.079369999999999719e-01
8.460000000000000000e+02 4.096400000000000041e-01 4.530520000000000103e-01 5.079369999999999719e-01
8.470000000000000000e+02 4.096400000000000041e-01 4.530520000000000103e-01 5.079369999999999719e-01
8.480000000000000000e+02 4.096400000000000041e-01 4.530520000000000103e-01 5.079369999999999719e-01
8.490000000000000000e+02 4.096400000000000041e-01 4.530520000000000103e-01 5.079369999999999719e-01
8.500000000000000000e+02 4.096400000000000041e-01 4.530520000000000103e-01 5.079369999999999719e-01
8.510000000000000000e+02 4.096400000000000041e-01 4.530520000000000103e-01 5.079369999999999719e-01
8.520000000000000000e+02 4.096400000000000041e-01 4.530520000000000103e-01 5.079369999999999719e-01
8.530000000000000000e+02 4.096400000000000041e-01 4.530520000000000103e-01 5.079369999999999719e-01
8.540000000000000000e+02 4.096400000000000041e-01 4.530520000000000103e-01 5.079369999999999719e-01
8.550000000000000000e+02 4.096400000000000041e-01 4.530520000000000103e-01 5.079369999999999719e-01
8.560000000000000000e+02 4.096400000000000041e-01 4.530520000000000103e-01 5.079369999999999719e-01
8.570000000000000000e+02 4.096400000000000041e-01 4.530520000000000103e-01 5.079369999999999719e-01
8.580000000000000000e+02 4.096400000000000041e-01 4.530520000000000103e-01 5.079369999999999719e-01
8.590000000000000000e+02 4.096400000000000041e-01 4.530520000000000103e-01 5.079369999999999719e-01
8.600000000000000000e+02 4.096400000000000041e-01 4.530520000000000103e-01 5.079369999999999719e-01
8.610000000000000000e+02 4.096400000000000041e-01 4.530520000000000103e-01 5.079369999999999719e-01
8.620000000000000000e+02 4.096400000000000041e-01 4.530520000000000103e-01 5.079369999999999719e-01
8.630000000000000000e+02 4.096400000000000041e-01 4.530520000000000103e-01 5.079369999999999719e-01
8.640000000000000000e+02 4.096400000000000041e-01 4.530520000000000103e-01 5.079369999999999719e-01
8.650000000000000000e+02 4.096400000000000041e-01 4.530520000000000103e-01 5.079369999999999719e-01
8.660000000000000000e+02 4.096400000000000041e-01 4.530520000000000103e-01 5.079369999999999719e-01
8.670000000000000000e+02 4.096400000000000041e-01 4.530520000000000103e-01 5.079369999999999719e-01
8.680000000000000000e+02 4.096400000000000041e-01 4.530520000000000103e-01 5.079369999999999719e-01
8.690000000000000000e+02 4.096400000000000041e-01 4.530520000000000103e-01 5.079369999999999719e-01
8.700000000000000000e+02 4.096400000000000041e-01 4.530520000000000103e-01 5.079369999999999719e-01
8.710000000000000000e+02 4.096400000000000041e-01 4.530520000000000103e-01 5.079369999999999719e-01
8.720000000000000000e+02 4.096400000000000041e-01 4.530520000000000103e-01 5.079369999999999719e-01
8.730000000000000000e+02 4.096400000000000041e-01 4.530520000000000103e-01 5.079369999999999719e-01
8.740000000000000000e+02 4.096400000000000041e-01 4.530520000000000103e-01 5.079369999999999719e-01
8.750000000000000000e+02 4.096400000000000041e-01 4.530520000000000103e-01 5.079369999999999719e-01
8.760000000000000000e+02 4.096400000000000041e-01 4.530520000000000103e-01 5.079369999999999719e-01
8.770000000000000000e+02 4.096400000000000041e-01 4.530520000000000103e-01 5.079369999999999719e-01
8.780000000000000000e+02 4.096400000000000041e-01 4.530520000000000103e-01 5.079369999999999719e-01
8.790000000000000000e+02 4.096400000000000041e-01 4.530520000000000103e-01 5.079369999999999719e-01
8.800000000000000000e+02 4.096400000000000041e-01 4.530520000000000103e-01 5.079369999999999719e-01
8.810000000000000000e+02 4.096400000000000041e-01 4.530520000000000103e-01 5.079369999999999719e-01
8.820000000000000000e+02 4.096400000000000041e-01 4.530520000000000103e-01 5.079369999999999719e-01
8.830000000000000000e+02 4.096400000000000041e-01 4.530520000000000103e-01 5.079369999999999719e-01
8.840000000000000000e+02 4.096400000000000041e-01 4.530520000000000103e-01 5.079369999999999719e-01
8.850000000000000000e+02 4.096400000000000041e-01 4.530520000000000103e-01 5.079369999999999719e-01
8.860000000000000000e+02 4.096400000000000041e-01 4.530520000000000103e-01 5.079369999999999719e-01
8.870000000000000000e+02 4.096400000000000041e-01 4.530520000000000103e-01 5.079369999999999719e-01
8.880000000000000000e+02 4.096400000000000041e-01 4.530520000000000103e-01 5.079369999999999719e-01
8.890000000000000000e+02 4.096400000000000041e-01 4.530520000000000103e-01 5.079369999999999719e-01
8.900000000000000000e+02 4.096400000000000041e-01 4.530520000000000103e-01 5.079369999999999719e-01
8.910000000000000000e+02 4.096400000000000041e-01 4.530520000000000103e-01 5.079369999999999719e-01
8.920000000000000000e+02 4.096400000000000041e-01 4.530520000000000103e-01 5.079369999999999719e-01
8.930000000000000000e+02 4.096400000000000041e-01 4.530520000000000103e-01 5.079369999999999719e-01
8.940000000000000000e+02 4.096400000000000041e-01 4.530520000000000103e-01 5.079369999999999719e-01
8.950000000000000000e+02 4.096400000000000041e-01 4.530520000000000103e-01 5.079369999999999719e-01
8.960000000000000000e+02 4.096400000000000041e-01 4.530520000000000103e-01 5.079369999999999719e-01
8.970000000000000000e+02 4.096400000000000041e-01 4.530520000000000103e-01 5.079369999999999719e-01
8.980000000000000000e+02 4.096400000000000041e-01 4.530520000000000103e-01 5.079369999999999719e-01
8.990000000000000000e+02 4.096400000000000041e-01 4.530520000000000103e-01 5.079369999999999719e-01
9.000000000000000000e+02 4.096400000000000041e-01 4.530520000000000103e-01 5.079369999999999719e-01
9.010000000000000000e+02 4.096400000000000041e-01 4.530520000000000103e-01 5.079369999999999719e-01
9.020000000000000000e+02 4.096400000000000041e-01 4.530520000000000103e-01 5.079369999999999719e-01
9.030000000000000000e+02 4.096400000000000041e-01 4.530520000000000103e-01 5.079369999999999719e-01
9.040000000000000000e+02 4.096400000000000041e-01 4.530520000000000103e-01 5.079369999999999719e-01
9.050000000000000000e+02 4.096400000000000041e-01 4.530520000000000103e-01 5.079369999999999719e-01
9.060000000000000000e+02 4.096400000000000041e-01 4.530520000000000103e-01 5.079369999999999719e-01
9.070000000000000000e+02 4.096400000000000041e-01 4.530520000000000103e-01 5.079369999999999719e-01
9.080000000000000000e+02 4.096400000000000041e-01 4.530520000000000103e-01 5.079369999999999719e-01
9.090000000000000000e+02 4.096400000000000041e-01 4.530520000000000103e-01 5.079369999999999719e-01
9.100000000000000000e+02 4.096400000000000041e-01 4.530520000000000103e-01 5.079369999999999719e-01
9.110000000000000000e+02 4.096400000000000041e-01 4.530520000000000103e-01 5.079369999999999719e-01
9.120000000000000000e+02 4.096400000000000041e-01 4.530520000000000103e-01 5.079369999999999719e-01
9.130000000000000000e+02 4.096400000000000041e-01 4.530520000000000103e-01 5.079369999999999719e-01
9.140000000000000000e+02 4.096400000000000041e-01 4.530520000000000103e-01 5.079369999999999719e-01
9.150000000000000000e+02 4.096400000000000041e-01 4.530520000000000103e-01 5.079369999999999719e-01
9.160000000000000000e+02 4.096400000000000041e-01 4.530520000000000103e-01 5.079369999999999719e-01
9.170000000000000000e+02 4.096400000000000041e-01 4.530520000000000103e-01 5.079369999999999719e-01
9.180000000000000000e+02 4.096400000000000041e-01 4.530520000000000103e-01 5.079369999999999719e-01
9.190000000000000000e+02 4.096400000000000041e-01 4.530520000000000103e-01 5.079369999999999719e-01
9.200000000000000000e+02 4.096400000000000041e-01 4.530520000000000103e-01 5.079369999999999719e-01
9.210000000000000000e+02 4.096400000000000041e-01 4.530520000000000103e-01 5.079369999999999719e-01
9.220000000000000000e+02 4.096400000000000041e-01 4.530520000000000103e-01 5.079369999999999719e-01
9.230000000000000000e+02 4.096400000000000041e-01 4.530520000000000103e-01 5.079369999999999719e-01
9.240000000000000000e+02 4.096400000000000041e-01 4.530520000000000103e-01 5.079369999999999719e-01
9.250000000000000000e+02 4.096400000000000041e-01 4.530520000000000103e-01 5.079369999999999719e-01
9.260000000000000000e+02 4.096400000000000041e-01 4.530520000000000103e-01 5.079369999999999719e-01
9.270000000000000000e+02 4.096400000000000041e-01 4.530520000000000103e-01 5.079369999999999719e-01
9.280000000000000000e+02 4.096400000000000041e-01 4.530520000000000103e-01 5.079369999999999719e-01
9.290000000000000000e+02 4.096400000000000041e-01 4.530520000000000103e-01 5.079369999999999719e-01
9.300000000000000000e+02 4.096400000000000041e-01 4.530520000000000103e-01 5.079369999999999719e-01
9.310000000000000000e+02 4.096400000000000041e-01 4.530520000000000103e-01 5.079369999999999719e-01
9.320000000000000000e+02 4.096400000000000041e-01 4.530520000000000103e-01 5.079369999999999719e-01
9.330000000000000000e+02 4.096400000000000041e-01 4.530520000000000103e-01 5.079369999999999719e-01
9.340000000000000000e+02 4.096400000000000041e-01 4.530520000000000103e-01 5.079369999999999719e-01
9.350000000000000000e+02 4.096400000000000041e-01 4.530520000000000103e-01 5.079369999999999719e-01
9.360000000000000000e+02 4.096400000000000041e-01 4.530520000000000103e-01 5.079369999999999719e-01
9.370000000000000000e+02 4.096400000000000041e-01 4.530520000000000103e-01 5.079369999999999719e-01
9.380000000000000000e+02 4.096400000000000041e-01 4.530520000000000103e-01 5.079369999999999719e-01
9.390000000000000000e+02 4.096400000000000041e-01 4.530520000000000103e-01 5.079369999999999719e-01
9.400000000000000000e+02 4.096400000000000041e-01 4.530520000000000103e-01 5.079369999999999719e-01
9.410000000000000000e+02 4.096400000000000041e-01 4.530520000000000103e-01 5.079369999999999719e-01
9.420000000000000000e+02 4.096400000000000041e-01 4.530520000000000103e-01 5.079369999999999719e-01
9.430000000000000000e+02 4.096400000000000041e-01 4.530520000000000103e-01 5.079369999999999719e-01
9.440000000000000000e+02 4.096400000000000041e-01 4.530520000000000103e-01 5.079369999999999719e-01
9.450000000000000000e+02 4.096400000000000041e-01 4.530520000000000103e-01 5.079369999999999719e-01
9.460000000000000000e+02 4.096400000000000041e-01 4.530520000000000103e-01 5.079369999999999719e-01
9.470000000000000000e+02 4.096400000000000041e-01 4.530520000000000103e-01 5.079369999999999719e-01
9.480000000000000000e+02 4.096400000000000041e-01 4.530520000000000103e-01 5.079369999999999719e-01
9.490000000000000000e+02 4.096400000000000041e-01 4.530520000000000103e-01 5.079369999999999719e-01
9.500000000000000000e+02 4.096400000000000041e-01 4.530520000000000103e-01 5.079369999999999719e-01
9.510000000000000000e+02 4.096400000000000041e-01 4.530520000000000103e-01 5.079369999999999719e-01
9.520000000000000000e+02 4.096400000000000041e-01 4.530520000000000103e-01 5.079369999999999719e-01
9.530000000000000000e+02 4.096400000000000041e-01 4.530520000000000103e-01 5.079369999999999719e-01
9.540000000000000000e+02 4.096400000000000041e-01 4.530520000000000103e-01 5.079369999999999719e-01
9.550000000000000000e+02 4.096400000000000041e-01 4.530520000000000103e-01 5.079369999999999719e-01
9.560000000000000000e+02 4.096400000000000041e-01 4.530520000000000103e-01 5.079369999999999719e-01
9.570000000000000000e+02 4.096400000000000041e-01 4.530520000000000103e-01 5.079369999999999719e-01
9.580000000000000000e+02 4.096400000000000041e-01 4.530520000000000103e-01 5.079369999999999719e-01
9.590000000000000000e+02 4.096400000000000041e-01 4.530520000000000103e-01 5.079369999999999719e-01
9.600000000000000000e+02 4.096400000000000041e-01 4.530520000000000103e-01 5.079369999999999719e-01
9.610000000000000000e+02 4.096400000000000041e-01 4.530520000000000103e-01 5.079369999999999719e-01
9.620000000000000000e+02 4.096400000000000041e-01 4.530520000000000103e-01 5.079369999999999719e-01
9.630000000000000000e+02 4.096400000000000041e-01 4.530520000000000103e-01 5.079369999999999719e-01
9.640000000000000000e+02 4.096400000000000041e-01 4.530520000000000103e-01 5.079369999999999719e-01
9.650000000000000000e+02 4.096400000000000041e-01 4.530520000000000103e-01 5.079369999999999719e-01
9.660000000000000000e+02 4.096400000000000041e-01 4.530520000000000103e-01 5.079369999999999719e-01
9.670000000000000000e+02 4.096400000000000041e-01 4.530520000000000103e-01 5.079369999999999719e-01
9.680000000000000000e+02 4.096400000000000041e-01 4.530520000000000103e-01 5.079369999999999719e-01
9.690000000000000000e+02 4.096400000000000041e-01 4.530520000000000103e-01 5.079369999999999719e-01
9.700000000000000000e+02 4.096400000000000041e-01 4.530520000000000103e-01 5.079369999999999719e-01
9.710000000000000000e+02 4.096400000000000041e-01 4.530520000000000103e-01 5.079369999999999719e-01
9.720000000000000000e+02 4.096400000000000041e-01 4.530520000000000103e-01 5.079369999999999719e-01
9.730000000000000000e+02 4.096400000000000041e-01 4.530520000000000103e-01 5.079369999999999719e-01
9.740000000000000000e+02 4.096400000000000041e-01 4.530520000000000103e-01 5.079369999999999719e-01
9.750000000000000000e+02 4.096400000000000041e-01 4.530520000000000103e-01 5.079369999999999719e-01
9.760000000000000000e+02 4.096400000000000041e-01 4.530520000000000103e-01 5.079369999999999719e-01
9.770000000000000000e+02 4.096400000000000041e-01 4.530520000000000103e-01 5.079369999999999719e-01
9.780000000000000000e+02 4.096400000000000041e-01 4.530520000000000103e-01 5.079369999999999719e-01
9.790000000000000000e+02 4.096400000000000041e-01 4.530520000000000103e-01 5.079369999999999719e-01
9.800000000000000000e+02 4.096400000000000041e-01 4.530520000000000103e-01 5.079369999999999719e-01
9.810000000000000000e+02 4.096400000000000041e-01 4.530520000000000103e-01 5.079369999999999719e-01
9.820000000000000000e+02 4.096400000000000041e-01 4.530520000000000103e-01 5.079369999999999719e-01
9.830000000000000000e+02 4.096400000000000041e-01 4.530520000000000103e-01 5.079369999999999719e-01
9.840000000000000000e+02 4.096400000000000041e-01 4.530520000000000103e-01 5.079369999999999719e-01
9.850000000000000000e+02 4.096400000000000041e-01 4.530520000000000103e-01 5.079369999999999719e-01
9.860000000000000000e+02 4.096400000000000041e-01 4.530520000000000103e-01 5.079369999999999719e-01
9.870000000000000000e+02 4.096400000000000041e-01 4.530520000000000103e-01 5.079369999999999719e-01
9.880000000000000000e+02 4.096400000000000041e-01 4.530520000000000103e-01 5.079369999999999719e-01
9.890000000000000000e+02 4.096400000000000041e-01 4.530520000000000103e-01 5.079369999999999719e-01
9.900000000000000000e+02 4.096400000000000041e-01 4.530520000000000103e-01 5.079369999999999719e-01
9.910000000000000000e+02 4.096400000000000041e-01 4.530520000000000103e-01 5.079369999999999719e-01
9.920000000000000000e+02 4.096400000000000041e-01 4.530520000000000103e-01 5.079369999999999719e-01
9.930000000000000000e+02 4.096400000000000041e-01 4.530520000000000103e-01 5.079369999999999719e-01
9.940000000000000000e+02 4.096400000000000041e-01 4.530520000000000103e-01 5.079369999999999719e-01
9.950000000000000000e+02 4.096400000000000041e-01 4.530520000000000103e-01 5.079369999999999719e-01
9.960000000000000000e+02 4.096400000000000041e-01 4.530520000000000103e-01 5.079369999999999719e-01
9.970000000000000000e+02 4.096400000000000041e-01 4.530520000000000103e-01 5.079369999999999719e-01
9.980000000000000000e+02 4.096400000000000041e-01 4.530520000000000103e-01 5.079369999999999719e-01
9.990000000000000000e+02 4.096400000000000041e-01 4.530520000000000103e-01 5.079369999999999719e-01
1.000000000000000000e+03 4.096400000000000041e-01 4.530520000000000103e-01 5.079369999999999719e-01
1.001000000000000000e+03 4.096400000000000041e-01 4.530520000000000103e-01 5.079369999999999719e-01
1.002000000000000000e+03 4.096400000000000041e-01 4.530520000000000103e-01 5.079369999999999719e-01
1.003000000000000000e+03 4.096400000000000041e-01 4.530520000000000103e-01 5.079369999999999719e-01
1.004000000000000000e+03 4.096400000000000041e-01 4.530520000000000103e-01 5.079369999999999719e-01
1.005000000000000000e+03 4.096400000000000041e-01 4.530520000000000103e-01 5.079369999999999719e-01
1.006000000000000000e+03 4.096400000000000041e-01 4.530520000000000103e-01 5.079369999999999719e-01
1.007000000000000000e+03 4.096400000000000041e-01 4.530520000000000103e-01 5.079369999999999719e-01
1.008000000000000000e+03 4.096400000000000041e-01 4.530520000000000103e-01 5.079369999999999719e-01
1.009000000000000000e+03 4.096400000000000041e-01 4.530520000000000103e-01 5.079369999999999719e-01
