1.000000000000000000e+01 -2.699299999999999963e-02 3.944999999999999722e-03 4.847800000000000026e-02
1.100000000000000000e+01 -4.114199999999999802e-02 7.561000000000000013e-03 5.719699999999999784e-02
1.200000000000000000e+01 -3.616199999999999970e-02 1.422099999999999927e-02 6.192899999999999794e-02
1.300000000000000000e+01 -3.529800000000000298e-02 1.543600000000000007e-02 6.256100000000000549e-02
1.400000000000000000e+01 -3.739399999999999669e-02 1.394100000000000027e-02 6.094900000000000317e-02
1.500000000000000000e+01 -4.043599999999999972e-02 1.177300000000000048e-02 5.860900000000000137e-02
1.600000000000000000e+01 -3.858899999999999830e-02 1.397699999999999984e-02 6.068799999999999889e-02
1.700000000000000000e+01 -3.268200000000000272e-02 1.963499999999999968e-02 6.672899999999999665e-02
1.800000000000000000e+01 -2.716299999999999965e-02 2.417899999999999910e-02 7.211800000000000155e-02
1.900000000000000000e+01 -2.350599999999999912e-02 2.718399999999999983e-02 7.562499999999999778e-02
2.000000000000000000e+01 -1.863300000000000026e-02 3.170499999999999707e-02 8.050200000000000411e-02
2.100000000000000000e+01 -1.197600000000000053e-02 3.792800000000000338e-02 8.755799999999999694e-02
2.200000000000000000e+01 -8.618999999999999925e-03 4.136700000000000099e-02 9.149200000000000388e-02
2.300000000000000000e+01 -5.313000000000000014e-03 4.483499999999999985e-02 9.468100000000000127e-02
2.400000000000000000e+01 -8.159999999999999936e-04 4.931499999999999773e-02 9.902700000000000391e-02
2.500000000000000000e+01 2.351999999999999924e-03 5.246200000000000169e-02 1.022330000000000044e-01
2.600000000000000000e+01 5.971999999999999878e-03 5.623999999999999833e-02 1.058090000000000003e-01
2.700000000000000000e+01 8.989000000000000462e-03 5.944200000000000178e-02 1.087759999999999977e-01
2.800000000000000000e+01 1.150699999999999987e-02 6.202699999999999880e-02 1.113320000000000004e-01
2.900000000000000000e+01 1.513800000000000041e-02 6.554200000000000303e-02 1.150589999999999946e-01
3.000000000000000000e+01 1.874899999999999831e-02 6.884600000000000442e-02 1.187700000000000006e-01
3.100000000000000000e+01 2.283100000000000060e-02 7.278300000000000047e-02 1.230389999999999956e-01
3.200000000000000000e+01 2.888299999999999895e-02 7.870099999999999318e-02 1.292349999999999888e-01
3.300000000000000000e+01 3.256099999999999967e-02 8.230500000000000316e-02 1.329889999999999961e-01
3.400000000000000000e+01 3.300199999999999662e-02 8.281800000000000272e-02 1.334710000000000063e-01
3.500000000000000000e+01 3.439699999999999702e-02 8.431099999999999706e-02 1.347800000000000109e-01
3.600000000000000000e+01 3.702199999999999935e-02 8.698000000000000176e-02 1.373969999999999914e-01
3.700000000000000000e+01 3.941000000000000059e-02 8.935899999999999399e-02 1.398510000000000031e-01
3.800000000000000000e+01 4.333700000000000052e-02 9.324499999999999456e-02 1.438349999999999906e-01
3.900000000000000000e+01 4.853400000000000075e-02 9.831399999999999861e-02 1.491300000000000125e-01
4.000000000000000000e+01 5.288700000000000345e-02 1.024859999999999938e-01 1.535739999999999883e-01
4.100000000000000000e+01 5.682299999999999851e-02 1.062189999999999940e-01 1.576069999999999971e-01
4.200000000000000000e+01 5.960499999999999826e-02 1.089730000000000004e-01 1.604349999999999943e-01
4.300000000000000000e+01 6.190199999999999869e-02 1.114219999999999933e-01 1.627520000000000078e-01
4.400000000000000000e+01 6.445700000000000041e-02 1.141110000000000041e-01 1.653940000000000132e-01
4.500000000000000000e+01 6.632100000000000495e-02 1.160110000000000030e-01 1.673240000000000005e-01
4.600000000000000000e+01 6.815799999999999637e-02 1.178270000000000012e-01 1.691459999999999908e-01
4.700000000000000000e+01 7.181899999999999396e-02 1.213930000000000009e-01 1.728550000000000086e-01
4.800000000000000000e+01 7.624300000000000521e-02 1.257079999999999864e-01 1.774149999999999894e-01
4.900000000000000000e+01 8.009299999999999753e-02 1.294919999999999960e-01 1.813589999999999924e-01
5.000000000000000000e+01 8.332900000000000029e-02 1.326769999999999894e-01 1.846619999999999928e-01
5.100000000000000000e+01 8.609600000000000586e-02 1.354420000000000068e-01 1.874929999999999930e-01
5.200000000000000000e+01 8.929900000000000337e-02 1.386419999999999875e-01 1.907919999999999894e-01
5.300000000000000000e+01 9.255800000000000138e-02 1.418740000000000001e-01 1.941289999999999960e-01
5.400000000000000000e+01 9.438399999999999568e-02 1.437130000000000074e-01 1.959760000000000113e-01
5.500000000000000000e+01 9.557499999999999329e-02 1.449610000000000065e-01 1.971539999999999959e-01
5.600000000000000000e+01 9.811100000000000376e-02 1.474910000000000110e-01 1.997150000000000036e-01
5.700000000000000000e+01 1.019889999999999963e-01 1.512709999999999888e-01 2.037049999999999972e-01
5.800000000000000000e+01 1.063479999999999981e-01 1.554899999999999893e-01 2.081679999999999919e-01
5.900000000000000000e+01 1.101899999999999963e-01 1.592290000000000094e-01 2.120559999999999945e-01
6.000000000000000000e+01 1.138819999999999971e-01 1.628670000000000118e-01 2.157739999999999936e-01
6.100000000000000000e+01 1.172580000000000011e-01 1.662359999999999949e-01 2.191440000000000055e-01
6.200000000000000000e+01 1.197679999999999995e-01 1.687700000000000033e-01 2.216289999999999927e-01
6.300000000000000000e+01 1.215689999999999965e-01 1.705800000000000094e-01 2.234329999999999927e-01
6.400000000000000000e+01 1.233319999999999972e-01 1.723459999999999992e-01 2.251920000000000033e-01
6.500000000000000000e+01 1.260340000000000071e-01 1.750130000000000019e-01 2.278969999999999885e-01
6.600000000000000000e+01 1.292649999999999910e-01 1.781709999999999960e-01 2.311840000000000006e-01
6.700000000000000000e+01 1.327270000000000116e-01 1.815569999999999962e-01 2.346999999999999920e-01
6.800000000000000000e+01 1.360729999999999995e-01 1.848450000000000093e-01 2.380539999999999878e-01
6.900000000000000000e+01 1.391890000000000072e-01 1.879109999999999947e-01 2.411520000000000052e-01
7.000000000000000000e+01 1.424100000000000088e-01 1.911069999999999991e-01 2.443390000000000006e-01
7.100000000000000000e+01 1.449159999999999893e-01 1.936199999999999866e-01 2.468150000000000066e-01
7.200000000000000000e+01 1.464880000000000071e-01 1.951990000000000114e-01 2.483809999999999907e-01
7.300000000000000000e+01 1.486049999999999871e-01 1.973080000000000112e-01 2.505169999999999897e-01
7.400000000000000000e+01 1.515569999999999973e-01 2.002420000000000033e-01 2.534859999999999891e-01
7.500000000000000000e+01 1.547850000000000059e-01 2.034130000000000105e-01 2.567180000000000017e-01
7.600000000000000000e+01 1.584000000000000130e-01 2.069479999999999931e-01 2.603119999999999878e-01
7.700000000000000000e+01 1.619279999999999886e-01 2.104179999999999939e-01 2.638240000000000030e-01
7.800000000000000000e+01 1.648610000000000075e-01 2.133230000000000126e-01 2.667490000000000139e-01
7.900000000000000000e+01 1.672929999999999973e-01 2.157439999999999913e-01 2.691689999999999916e-01
8.000000000000000000e+01 1.691269999999999996e-01 2.175759999999999916e-01 2.709909999999999819e-01
8.100000000000000000e+01 1.707049999999999956e-01 2.191659999999999997e-01 2.725529999999999897e-01
8.200000000000000000e+01 1.728889999999999871e-01 2.213509999999999922e-01 2.747129999999999850e-01
8.300000000000000000e+01 1.759890000000000065e-01 2.244289999999999896e-01 2.777939999999999854e-01
8.400000000000000000e+01 1.790769999999999862e-01 2.274700000000000055e-01 2.808680000000000065e-01
8.500000000000000000e+01 1.820920000000000039e-01 2.304140000000000077e-01 2.838749999999999885e-01
8.600000000000000000e+01 1.851399999999999990e-01 2.333939999999999904e-01 2.869220000000000104e-01
8.700000000000000000e+01 1.872989999999999933e-01 2.355160000000000031e-01 2.890690000000000204e-01
8.800000000000000000e+01 1.892179999999999973e-01 2.374320000000000042e-01 2.909720000000000084e-01
8.900000000000000000e+01 1.919780000000000098e-01 2.402080000000000048e-01 2.936869999999999759e-01
9.000000000000000000e+01 1.948550000000000004e-01 2.430839999999999945e-01 2.965180000000000038e-01
9.100000000000000000e+01 1.969529999999999892e-01 2.451629999999999920e-01 2.986050000000000093e-01
9.200000000000000000e+01 1.993570000000000064e-01 2.475350000000000050e-01 3.009970000000000145e-01
9.300000000000000000e+01 2.019819999999999949e-01 2.501180000000000070e-01 3.036090000000000177e-01
9.400000000000000000e+01 2.044110000000000094e-01 2.525069999999999815e-01 3.060320000000000262e-01
9.500000000000000000e+01 2.071320000000000106e-01 2.551950000000000052e-01 3.087360000000000104e-01
9.600000000000000000e+01 2.097189999999999888e-01 2.577820000000000111e-01 3.112940000000000151e-01
9.700000000000000000e+01 2.123670000000000002e-01 2.604239999999999888e-01 3.139000000000000123e-01
9.800000000000000000e+01 2.149500000000000022e-01 2.629810000000000203e-01 3.164469999999999783e-01
9.900000000000000000e+01 2.173219999999999874e-01 2.653249999999999775e-01 3.188019999999999743e-01
1.000000000000000000e+02 2.196599999999999941e-01 2.676419999999999910e-01 3.211249999999999938e-01
1.010000000000000000e+02 2.217330000000000134e-01 2.697089999999999765e-01 3.231780000000000208e-01
1.020000000000000000e+02 2.235880000000000090e-01 2.715580000000000216e-01 3.250129999999999963e-01
1.030000000000000000e+02 2.256509999999999905e-01 2.736169999999999991e-01 3.270529999999999826e-01
1.040000000000000000e+02 2.282009999999999872e-01 2.761629999999999918e-01 3.295730000000000048e-01
1.050000000000000000e+02 2.308840000000000059e-01 2.788320000000000243e-01 3.322240000000000193e-01
1.060000000000000000e+02 2.331209999999999949e-01 2.810570000000000013e-01 3.344309999999999783e-01
1.070000000000000000e+02 2.351860000000000062e-01 2.831099999999999728e-01 3.364679999999999893e-01
1.080000000000000000e+02 2.375069999999999959e-01 2.854240000000000110e-01 3.387640000000000096e-01
1.090000000000000000e+02 2.399870000000000059e-01 2.878919999999999813e-01 3.412120000000000153e-01
1.100000000000000000e+02 2.421699999999999964e-01 2.900710000000000233e-01 3.433620000000000005e-01
1.110000000000000000e+02 2.443259999999999876e-01 2.922210000000000085e-01 3.454869999999999886e-01
1.120000000000000000e+02 2.466609999999999914e-01 2.945499999999999785e-01 3.477859999999999840e-01
1.130000000000000000e+02 2.486889999999999934e-01 2.965820000000000123e-01 3.497819999999999818e-01
1.140000000000000000e+02 2.506869999999999932e-01 2.985720000000000041e-01 3.517509999999999803e-01
1.150000000000000000e+02 2.528369999999999784e-01 3.007050000000000001e-01 3.538769999999999971e-01
1.160000000000000000e+02 2.551229999999999887e-01 3.029800000000000271e-01 3.561349999999999794e-01
1.170000000000000000e+02 2.573360000000000092e-01 3.051849999999999841e-01 3.583080000000000154e-01
1.180000000000000000e+02 2.597140000000000004e-01 3.075550000000000228e-01 3.606460000000000221e-01
1.190000000000000000e+02 2.624569999999999959e-01 3.102800000000000002e-01 3.633529999999999816e-01
1.200000000000000000e+02 2.651169999999999916e-01 3.129190000000000027e-01 3.659749999999999948e-01
1.210000000000000000e+02 2.671729999999999938e-01 3.149640000000000217e-01 3.679970000000000185e-01
1.220000000000000000e+02 2.688710000000000266e-01 3.166579999999999950e-01 3.696670000000000234e-01
1.230000000000000000e+02 2.709360000000000102e-01 3.187189999999999745e-01 3.716929999999999956e-01
1.240000000000000000e+02 2.731310000000000127e-01 3.209060000000000246e-01 3.738509999999999889e-01
1.250000000000000000e+02 2.750529999999999919e-01 3.228239999999999998e-01 3.757460000000000244e-01
1.260000000000000000e+02 2.770580000000000265e-01 3.248190000000000244e-01 3.777260000000000062e-01
1.270000000000000000e+02 2.794800000000000062e-01 3.272309999999999941e-01 3.801129999999999787e-01
1.280000000000000000e+02 2.818979999999999819e-01 3.296419999999999906e-01 3.824949999999999739e-01
1.290000000000000000e+02 2.841009999999999924e-01 3.318360000000000198e-01 3.846609999999999752e-01
1.300000000000000000e+02 2.861759999999999859e-01 3.339090000000000114e-01 3.866959999999999842e-01
1.310000000000000000e+02 2.879749999999999810e-01 3.357089999999999796e-01 3.884619999999999740e-01
1.320000000000000000e+02 2.897710000000000008e-01 3.374960000000000182e-01 3.902269999999999905e-01
1.330000000000000000e+02 2.918490000000000251e-01 3.395650000000000057e-01 3.922720000000000096e-01
1.340000000000000000e+02 2.938899999999999846e-01 3.415949999999999820e-01 3.942800000000000193e-01
1.350000000000000000e+02 2.958399999999999919e-01 3.435329999999999773e-01 3.961999999999999966e-01
1.360000000000000000e+02 2.981650000000000134e-01 3.458470000000000155e-01 3.984900000000000109e-01
1.370000000000000000e+02 3.003919999999999924e-01 3.480599999999999805e-01 4.006819999999999826e-01
1.380000000000000000e+02 3.021400000000000197e-01 3.498020000000000018e-01 4.024019999999999819e-01
1.390000000000000000e+02 3.039259999999999740e-01 3.515809999999999769e-01 4.041589999999999905e-01
1.400000000000000000e+02 3.057010000000000005e-01 3.533459999999999934e-01 4.059059999999999890e-01
1.410000000000000000e+02 3.075689999999999813e-01 3.552029999999999910e-01 4.077419999999999933e-01
1.420000000000000000e+02 3.094970000000000221e-01 3.571150000000000158e-01 4.096369999999999734e-01
1.430000000000000000e+02 3.113020000000000231e-01 3.589129999999999820e-01 4.114090000000000247e-01
1.440000000000000000e+02 3.130149999999999877e-01 3.606159999999999921e-01 4.130920000000000147e-01
1.450000000000000000e+02 3.152490000000000014e-01 3.628310000000000146e-01 4.152970000000000272e-01
1.460000000000000000e+02 3.177599999999999869e-01 3.653190000000000048e-01 4.177739999999999787e-01
1.470000000000000000e+02 3.199659999999999727e-01 3.675089999999999746e-01 4.199459999999999860e-01
1.480000000000000000e+02 3.218250000000000277e-01 3.693609999999999949e-01 4.217750000000000110e-01
1.490000000000000000e+02 3.233770000000000255e-01 3.709069999999999867e-01 4.233009999999999828e-01
1.500000000000000000e+02 3.252530000000000143e-01 3.727800000000000002e-01 4.251449999999999951e-01
1.510000000000000000e+02 3.269110000000000071e-01 3.744350000000000178e-01 4.267710000000000115e-01
1.520000000000000000e+02 3.284810000000000230e-01 3.760020000000000029e-01 4.283129999999999993e-01
1.530000000000000000e+02 3.303740000000000010e-01 3.778839999999999977e-01 4.301730000000000276e-01
1.540000000000000000e+02 3.322249999999999925e-01 3.797189999999999732e-01 4.320039999999999991e-01
1.550000000000000000e+02 3.338499999999999801e-01 3.813280000000000003e-01 4.336130000000000262e-01
1.560000000000000000e+02 3.355569999999999942e-01 3.830219999999999736e-01 4.352949999999999875e-01
1.570000000000000000e+02 3.372789999999999955e-01 3.847300000000000164e-01 4.369939999999999936e-01
1.580000000000000000e+02 3.387669999999999848e-01 3.862079999999999957e-01 4.384569999999999856e-01
1.590000000000000000e+02 3.403160000000000074e-01 3.877439999999999776e-01 4.399799999999999822e-01
1.600000000000000000e+02 3.419139999999999957e-01 3.893300000000000094e-01 4.415520000000000000e-01
1.610000000000000000e+02 3.434440000000000270e-01 3.908499999999999752e-01 4.430600000000000094e-01
1.620000000000000000e+02 3.449619999999999909e-01 3.923519999999999786e-01 4.445580000000000087e-01
1.630000000000000000e+02 3.468430000000000124e-01 3.942120000000000068e-01 4.464130000000000043e-01
1.640000000000000000e+02 3.488769999999999927e-01 3.962240000000000206e-01 4.484199999999999853e-01
1.650000000000000000e+02 3.506190000000000140e-01 3.979469999999999952e-01 4.501399999999999846e-01
1.660000000000000000e+02 3.520460000000000256e-01 3.993590000000000195e-01 4.515500000000000069e-01
1.670000000000000000e+02 3.533649999999999847e-01 4.006640000000000201e-01 4.528510000000000035e-01
1.680000000000000000e+02 3.548060000000000103e-01 4.020949999999999802e-01 4.542680000000000051e-01
1.690000000000000000e+02 3.564370000000000038e-01 4.037069999999999825e-01 4.558749999999999747e-01
1.700000000000000000e+02 3.579060000000000019e-01 4.051589999999999914e-01 4.573229999999999795e-01
1.710000000000000000e+02 3.590570000000000150e-01 4.062979999999999925e-01 4.584559999999999746e-01
1.720000000000000000e+02 3.604269999999999974e-01 4.076569999999999916e-01 4.598110000000000253e-01
1.730000000000000000e+02 3.620300000000000185e-01 4.092419999999999947e-01 4.613929999999999976e-01
1.740000000000000000e+02 3.635050000000000225e-01 4.106989999999999807e-01 4.628519999999999857e-01
1.750000000000000000e+02 3.649439999999999906e-01 4.121190000000000131e-01 4.642769999999999953e-01
1.760000000000000000e+02 3.663790000000000102e-01 4.135329999999999839e-01 4.656939999999999968e-01
1.770000000000000000e+02 3.677019999999999733e-01 4.148419999999999885e-01 4.670009999999999994e-01
1.780000000000000000e+02 3.691130000000000244e-01 4.162379999999999969e-01 4.683930000000000038e-01
1.790000000000000000e+02 3.703670000000000018e-01 4.174809999999999910e-01 4.696270000000000167e-01
1.800000000000000000e+02 3.714589999999999836e-01 4.185599999999999876e-01 4.707040000000000113e-01
1.810000000000000000e+02 3.727329999999999810e-01 4.198180000000000245e-01 4.719650000000000234e-01
1.820000000000000000e+02 3.740859999999999741e-01 4.211529999999999996e-01 4.733029999999999737e-01
1.830000000000000000e+02 3.754330000000000167e-01 4.224820000000000242e-01 4.746389999999999776e-01
1.840000000000000000e+02 3.767650000000000166e-01 4.237969999999999793e-01 4.759590000000000209e-01
1.850000000000000000e+02 3.781379999999999741e-01 4.251530000000000031e-01 4.773169999999999913e-01
1.860000000000000000e+02 3.794960000000000000e-01 4.264939999999999842e-01 4.786619999999999764e-01
1.870000000000000000e+02 3.806919999999999749e-01 4.276750000000000274e-01 4.798430000000000195e-01
1.880000000000000000e+02 3.818799999999999972e-01 4.288480000000000070e-01 4.810159999999999991e-01
1.890000000000000000e+02 3.830439999999999956e-01 4.299990000000000201e-01 4.821639999999999815e-01
1.900000000000000000e+02 3.841649999999999787e-01 4.311079999999999912e-01 4.832759999999999834e-01
1.910000000000000000e+02 3.852479999999999793e-01 4.321760000000000046e-01 4.843459999999999988e-01
1.920000000000000000e+02 3.863579999999999792e-01 4.332699999999999885e-01 4.854430000000000134e-01
1.930000000000000000e+02 3.876620000000000066e-01 4.345570000000000266e-01 4.867369999999999752e-01
1.940000000000000000e+02 3.888809999999999767e-01 4.357550000000000034e-01 4.879439999999999888e-01
1.950000000000000000e+02 3.900190000000000046e-01 4.368739999999999846e-01 4.890700000000000047e-01
1.960000000000000000e+02 3.910620000000000207e-01 4.379029999999999867e-01 4.901010000000000089e-01
1.970000000000000000e+02 3.919549999999999979e-01 4.387820000000000054e-01 4.909810000000000008e-01
1.980000000000000000e+02 3.928050000000000153e-01 4.396189999999999820e-01 4.918170000000000042e-01
1.990000000000000000e+02 3.936109999999999887e-01 4.404129999999999989e-01 4.926150000000000251e-01
2.000000000000000000e+02 3.943139999999999978e-01 4.411030000000000229e-01 4.933069999999999955e-01
2.010000000000000000e+02 3.950060000000000238e-01 4.417769999999999753e-01 4.939930000000000154e-01
2.020000000000000000e+02 3.959790000000000254e-01 4.427249999999999797e-01 4.949569999999999803e-01
2.030000000000000000e+02 3.971549999999999803e-01 4.438779999999999948e-01 4.961180000000000034e-01
2.040000000000000000e+02 3.981970000000000232e-01 4.449040000000000217e-01 4.971479999999999788e-01
2.050000000000000000e+02 3.989989999999999926e-01 4.456930000000000058e-01 4.979430000000000245e-01
2.060000000000000000e+02 3.995389999999999775e-01 4.462139999999999995e-01 4.984700000000000242e-01
2.070000000000000000e+02 3.998180000000000067e-01 4.464770000000000127e-01 4.987400000000000166e-01
2.080000000000000000e+02 4.000980000000000092e-01 4.467380000000000240e-01 4.990120000000000111e-01
2.090000000000000000e+02 4.004719999999999946e-01 4.470950000000000202e-01 4.993779999999999886e-01
2.100000000000000000e+02 4.010230000000000183e-01 4.476280000000000259e-01 4.999199999999999755e-01
2.110000000000000000e+02 4.017490000000000228e-01 4.483360000000000123e-01 5.006389999999999452e-01
2.120000000000000000e+02 4.023619999999999974e-01 4.489259999999999917e-01 5.012410000000000476e-01
2.130000000000000000e+02 4.029639999999999889e-01 4.495069999999999899e-01 5.018289999999999695e-01
2.140000000000000000e+02 4.035150000000000126e-01 4.500399999999999956e-01 5.023689999999999545e-01
2.150000000000000000e+02 4.039579999999999838e-01 4.504639999999999755e-01 5.028040000000000287e-01
2.160000000000000000e+02 4.042549999999999755e-01 4.507430000000000048e-01 5.030919999999999837e-01
2.170000000000000000e+02 4.042680000000000162e-01 4.507390000000000008e-01 5.030999999999999917e-01
2.180000000000000000e+02 4.044269999999999810e-01 4.508769999999999722e-01 5.032510000000000039e-01
2.190000000000000000e+02 4.048030000000000239e-01 4.512329999999999952e-01 5.036199999999999566e-01
2.200000000000000000e+02 4.051580000000000181e-01 4.515689999999999982e-01 5.039690000000000003e-01
2.210000000000000000e+02 4.056379999999999986e-01 4.520259999999999834e-01 5.044380000000000530e-01
2.220000000000000000e+02 4.062200000000000255e-01 4.525879999999999903e-01 5.050149999999999917e-01
2.230000000000000000e+02 4.066980000000000040e-01 4.530469999999999775e-01 5.054819999999999869e-01
2.240000000000000000e+02 4.069019999999999859e-01 4.532309999999999950e-01 5.056800000000000184e-01
2.250000000000000000e+02 4.068820000000000214e-01 4.531950000000000145e-01 5.056530000000000191e-01
2.260000000000000000e+02 4.067879999999999829e-01 4.530839999999999868e-01 5.055539999999999479e-01
2.270000000000000000e+02 4.067939999999999889e-01 4.530739999999999768e-01 5.055539999999999479e-01
2.280000000000000000e+02 4.070239999999999969e-01 4.532840000000000202e-01 5.057789999999999786e-01
2.290000000000000000e+02 4.072680000000000189e-01 4.535069999999999935e-01 5.060109999999999886e-01
2.300000000000000000e+02 4.075840000000000019e-01 4.538019999999999832e-01 5.063239999999999963e-01
2.310000000000000000e+02 4.079320000000000168e-01 4.541319999999999801e-01 5.066640000000000033e-01
2.320000000000000000e+02 4.081069999999999975e-01 4.542860000000000231e-01 5.068350000000000355e-01
2.330000000000000000e+02 4.082000000000000073e-01 4.543559999999999821e-01 5.069259999999999877e-01
2.340000000000000000e+02 4.082069999999999865e-01 4.543420000000000236e-01 5.069259999999999877e-01
2.350000000000000000e+02 4.081600000000000228e-01 4.542820000000000191e-01 5.068749999999999645e-01
2.360000000000000000e+02 4.082080000000000153e-01 4.543119999999999936e-01 5.069160000000000332e-01
2.370000000000000000e+02 4.083490000000000175e-01 4.544329999999999758e-01 5.070489999999999720e-01
2.380000000000000000e+02 4.084450000000000025e-01 4.545130000000000003e-01 5.071360000000000312e-01
2.390000000000000000e+02 4.085679999999999867e-01 4.546140000000000181e-01 5.072539999999999827e-01
2.400000000000000000e+02 4.088470000000000160e-01 4.548740000000000006e-01 5.075260000000000327e-01
2.410000000000000000e+02 4.091580000000000217e-01 4.551640000000000130e-01 5.078329999999999789e-01
2.420000000000000000e+02 4.092199999999999727e-01 4.552080000000000015e-01 5.078930000000000389e-01
2.430000000000000000e+02 4.090529999999999999e-01 4.550199999999999800e-01 5.077190000000000314e-01
2.440000000000000000e+02 4.089260000000000117e-01 4.548719999999999986e-01 5.075910000000000144e-01
2.450000000000000000e+02 4.089840000000000142e-01 4.549190000000000178e-01 5.076490000000000169e-01
2.460000000000000000e+02 4.091099999999999737e-01 4.550290000000000168e-01 5.077679999999999971e-01
2.470000000000000000e+02 4.092100000000000182e-01 4.551129999999999898e-01 5.078639999999999821e-01
2.480000000000000000e+02 4.093180000000000152e-01 4.552039999999999975e-01 5.079669999999999463e-01
2.490000000000000000e+02 4.093319999999999736e-01 4.551939999999999875e-01 5.079780000000000406e-01
2.500000000000000000e+02 4.093410000000000104e-01 4.551850000000000063e-01 5.079850000000000199e-01
2.510000000000000000e+02 4.094329999999999914e-01 4.552620000000000000e-01 5.080750000000000544e-01
2.520000000000000000e+02 4.095099999999999851e-01 4.553260000000000085e-01 5.081499999999999906e-01
2.530000000000000000e+02 4.096090000000000009e-01 4.554070000000000062e-01 5.082470000000000043e-01
2.540000000000000000e+02 4.096929999999999739e-01 4.554710000000000147e-01 5.083250000000000268e-01
2.550000000000000000e+02 4.095469999999999944e-01 4.553110000000000213e-01 5.081780000000000186e-01
2.560000000000000000e+02 4.094130000000000269e-01 4.551600000000000090e-01 5.080419999999999936e-01
2.570000000000000000e+02 4.095770000000000244e-01 4.553070000000000173e-01 5.081999999999999851e-01
2.580000000000000000e+02 4.097370000000000179e-01 4.554489999999999927e-01 5.083550000000000013e-01
2.590000000000000000e+02 4.098089999999999788e-01 4.555089999999999972e-01 5.084279999999999911e-01
2.600000000000000000e+02 4.097359999999999891e-01 4.554179999999999895e-01 5.083499999999999686e-01
2.610000000000000000e+02 4.096730000000000094e-01 4.553380000000000205e-01 5.082839999999999581e-01
2.620000000000000000e+02 4.097549999999999804e-01 4.554039999999999755e-01 5.083640000000000381e-01
2.630000000000000000e+02 4.097910000000000164e-01 4.554239999999999955e-01 5.083969999999999878e-01
2.640000000000000000e+02 4.097560000000000091e-01 4.553789999999999782e-01 5.083600000000000341e-01
2.650000000000000000e+02 4.097459999999999991e-01 4.553550000000000098e-01 5.083450000000000468e-01
2.660000000000000000e+02 4.098069999999999768e-01 4.554019999999999735e-01 5.083980000000000166e-01
2.670000000000000000e+02 4.097910000000000164e-01 4.553670000000000218e-01 5.083760000000000501e-01
2.680000000000000000e+02 4.097930000000000184e-01 4.553559999999999830e-01 5.083809999999999718e-01
2.690000000000000000e+02 4.098499999999999921e-01 4.553980000000000250e-01 5.084359999999999991e-01
2.700000000000000000e+02 4.098430000000000129e-01 4.553740000000000010e-01 5.084239999999999871e-01
2.710000000000000000e+02 4.098330000000000028e-01 4.553530000000000078e-01 5.084159999999999791e-01
2.720000000000000000e+02 4.098419999999999841e-01 4.553459999999999730e-01 5.084210000000000118e-01
2.730000000000000000e+02 4.099820000000000131e-01 4.554730000000000167e-01 5.085589999999999833e-01
2.740000000000000000e+02 4.100860000000000061e-01 4.555609999999999937e-01 5.086589999999999723e-01
2.750000000000000000e+02 4.100840000000000041e-01 4.555429999999999757e-01 5.086519999999999930e-01
2.760000000000000000e+02 4.099599999999999911e-01 4.554039999999999755e-01 5.085229999999999473e-01
2.770000000000000000e+02 4.098240000000000216e-01 4.552550000000000208e-01 5.083870000000000333e-01
2.780000000000000000e+02 4.098939999999999806e-01 4.553099999999999925e-01 5.084560000000000191e-01
2.790000000000000000e+02 4.099519999999999831e-01 4.553550000000000098e-01 5.085100000000000176e-01
2.800000000000000000e+02 4.099889999999999923e-01 4.553780000000000050e-01 5.085490000000000288e-01
2.810000000000000000e+02 4.100989999999999913e-01 4.554770000000000207e-01 5.086540000000000505e-01
2.820000000000000000e+02 4.103010000000000268e-01 4.556660000000000155e-01 5.088580000000000325e-01
2.830000000000000000e+02 4.104169999999999763e-01 4.557680000000000065e-01 5.089700000000000335e-01
2.840000000000000000e+02 4.102919999999999900e-01 4.556330000000000102e-01 5.088420000000000165e-01
2.850000000000000000e+02 4.101239999999999886e-01 4.554509999999999947e-01 5.086720000000000130e-01
2.860000000000000000e+02 4.100829999999999753e-01 4.554010000000000002e-01 5.086310000000000553e-01
2.870000000000000000e+02 4.101440000000000086e-01 4.554480000000000195e-01 5.086889999999999468e-01
2.880000000000000000e+02 4.101529999999999898e-01 4.554400000000000115e-01 5.086990000000000123e-01
2.890000000000000000e+02 4.100739999999999941e-01 4.553519999999999790e-01 5.086190000000000433e-01
2.900000000000000000e+02 4.100820000000000021e-01 4.553429999999999978e-01 5.086249999999999938e-01
2.910000000000000000e+02 4.102120000000000211e-01 4.554630000000000067e-01 5.087540000000000395e-01
2.920000000000000000e+02 4.102979999999999960e-01 4.555339999999999945e-01 5.088319999999999510e-01
2.930000000000000000e+02 4.102370000000000183e-01 4.554639999999999800e-01 5.087669999999999693e-01
2.940000000000000000e+02 4.101469999999999838e-01 4.553639999999999910e-01 5.086789999999999923e-01
2.950000000000000000e+02 4.101250000000000173e-01 4.553300000000000125e-01 5.086540000000000505e-01
2.960000000000000000e+02 4.100860000000000061e-01 4.552820000000000200e-01 5.086140000000000105e-01
2.970000000000000000e+02 4.100920000000000121e-01 4.552760000000000140e-01 5.086190000000000433e-01
2.980000000000000000e+02 4.101670000000000038e-01 4.553420000000000245e-01 5.086950000000000083e-01
2.990000000000000000e+02 4.102569999999999828e-01 4.554179999999999895e-01 5.087800000000000100e-01
3.000000000000000000e+02 4.103709999999999858e-01 4.555210000000000092e-01 5.088899999999999535e-01
3.010000000000000000e+02 4.103410000000000113e-01 4.554830000000000267e-01 5.088620000000000365e-01
3.020000000000000000e+02 4.102089999999999903e-01 4.553420000000000245e-01 5.087279999999999580e-01
3.030000000000000000e+02 4.101469999999999838e-01 4.552709999999999813e-01 5.086629999999999763e-01
3.040000000000000000e+02 4.100639999999999841e-01 4.551760000000000250e-01 5.085790000000000033e-01
3.050000000000000000e+02 4.099599999999999911e-01 4.550649999999999973e-01 5.084729999999999528e-01
3.060000000000000000e+02 4.099809999999999843e-01 4.550719999999999765e-01 5.084920000000000551e-01
3.070000000000000000e+02 4.101210000000000133e-01 4.552030000000000243e-01 5.086330000000000018e-01
3.080000000000000000e+02 4.102750000000000008e-01 4.553459999999999730e-01 5.087800000000000100e-01
3.090000000000000000e+02 4.103680000000000105e-01 4.554259999999999975e-01 5.088650000000000118e-01
3.100000000000000000e+02 4.103600000000000025e-01 4.554110000000000102e-01 5.088559999999999750e-01
3.110000000000000000e+02 4.103319999999999745e-01 4.553730000000000278e-01 5.088279999999999470e-01
3.120000000000000000e+02 4.102129999999999943e-01 4.552439999999999820e-01 5.087080000000000490e-01
3.130000000000000000e+02 4.100570000000000048e-01 4.550759999999999805e-01 5.085499999999999465e-01
3.140000000000000000e+02 4.099479999999999791e-01 4.549619999999999775e-01 5.084400000000000031e-01
3.150000000000000000e+02 4.099539999999999851e-01 4.549579999999999735e-01 5.084450000000000358e-01
3.160000000000000000e+02 4.101170000000000093e-01 4.551129999999999898e-01 5.086070000000000313e-01
3.170000000000000000e+02 4.102850000000000108e-01 4.552660000000000040e-01 5.087760000000000060e-01
3.180000000000000000e+02 4.103709999999999858e-01 4.553420000000000245e-01 5.088570000000000038e-01
3.190000000000000000e+02 4.103399999999999825e-01 4.553050000000000153e-01 5.088270000000000293e-01
3.200000000000000000e+02 4.102509999999999768e-01 4.552100000000000035e-01 5.087350000000000483e-01
3.210000000000000000e+02 4.102109999999999923e-01 4.551569999999999783e-01 5.086950000000000083e-01
3.220000000000000000e+02 4.101870000000000238e-01 4.551259999999999750e-01 5.086699999999999555e-01
3.230000000000000000e+02 4.101270000000000193e-01 4.550569999999999893e-01 5.086079999999999490e-01
3.240000000000000000e+02 4.100509999999999988e-01 4.549750000000000183e-01 5.085330000000000128e-01
3.250000000000000000e+02 4.100960000000000161e-01 4.550069999999999948e-01 5.085720000000000240e-01
3.260000000000000000e+02 4.102799999999999780e-01 4.551819999999999755e-01 5.087589999999999613e-01
3.270000000000000000e+02 4.104240000000000110e-01 4.553170000000000273e-01 5.089019999999999655e-01
3.280000000000000000e+02 4.104599999999999915e-01 4.553420000000000245e-01 5.089350000000000263e-01
3.290000000000000000e+02 4.103979999999999850e-01 4.552729999999999833e-01 5.088709999999999622e-01
3.300000000000000000e+02 4.103010000000000268e-01 4.551680000000000170e-01 5.087730000000000308e-01
3.310000000000000000e+02 4.102239999999999776e-01 4.550819999999999865e-01 5.086950000000000083e-01
3.320000000000000000e+02 4.101409999999999778e-01 4.549920000000000075e-01 5.086119999999999530e-01
3.330000000000000000e+02 4.100280000000000036e-01 4.548730000000000273e-01 5.084990000000000343e-01
3.340000000000000000e+02 4.100280000000000036e-01 4.548639999999999906e-01 5.084959999999999480e-01
3.350000000000000000e+02 4.102000000000000091e-01 4.550259999999999860e-01 5.086640000000000050e-01
3.360000000000000000e+02 4.103609999999999758e-01 4.551760000000000250e-01 5.088240000000000540e-01
3.370000000000000000e+02 4.103559999999999985e-01 4.551640000000000130e-01 5.088179999999999925e-01
3.380000000000000000e+02 4.102459999999999996e-01 4.550460000000000060e-01 5.087099999999999955e-01
3.390000000000000000e+02 4.101699999999999791e-01 4.549630000000000063e-01 5.086349999999999483e-01
3.400000000000000000e+02 4.101859999999999951e-01 4.549730000000000163e-01 5.086509999999999643e-01
3.410000000000000000e+02 4.102089999999999903e-01 4.549889999999999768e-01 5.086730000000000418e-01
3.420000000000000000e+02 4.101440000000000086e-01 4.549179999999999890e-01 5.086100000000000065e-01
3.430000000000000000e+02 4.101429999999999798e-01 4.549110000000000098e-01 5.086070000000000313e-01
3.440000000000000000e+02 4.102589999999999848e-01 4.550179999999999780e-01 5.087199999999999500e-01
3.450000000000000000e+02 4.103849999999999998e-01 4.551350000000000118e-01 5.088470000000000493e-01
3.460000000000000000e+02 4.104140000000000010e-01 4.551569999999999783e-01 5.088759999999999950e-01
3.470000000000000000e+02 4.103260000000000240e-01 4.550609999999999933e-01 5.087880000000000180e-01
3.480000000000000000e+02 4.102299999999999836e-01 4.549590000000000023e-01 5.086889999999999468e-01
3.490000000000000000e+02 4.102190000000000003e-01 4.549400000000000110e-01 5.086749999999999883e-01
3.500000000000000000e+02 4.102620000000000156e-01 4.549759999999999915e-01 5.087159999999999460e-01
3.510000000000000000e+02 4.102120000000000211e-01 4.549190000000000178e-01 5.086650000000000338e-01
3.520000000000000000e+02 4.101520000000000166e-01 4.548519999999999786e-01 5.086079999999999490e-01
3.530000000000000000e+02 4.101870000000000238e-01 4.548800000000000066e-01 5.086370000000000058e-01
3.540000000000000000e+02 4.103029999999999733e-01 4.549849999999999728e-01 5.087500000000000355e-01
3.550000000000000000e+02 4.103959999999999830e-01 4.550699999999999745e-01 5.088399999999999590e-01
3.560000000000000000e+02 4.103450000000000153e-01 4.550120000000000275e-01 5.087920000000000220e-01
3.570000000000000000e+02 4.102540000000000076e-01 4.549159999999999870e-01 5.087000000000000410e-01
3.580000000000000000e+02 4.102210000000000023e-01 4.548740000000000006e-01 5.086629999999999763e-01
3.590000000000000000e+02 4.102120000000000211e-01 4.548619999999999886e-01 5.086549999999999683e-01
3.600000000000000000e+02 4.101670000000000038e-01 4.548119999999999941e-01 5.086070000000000313e-01
3.610000000000000000e+02 4.101719999999999811e-01 4.548090000000000188e-01 5.086110000000000353e-01
3.620000000000000000e+02 4.102180000000000271e-01 4.548499999999999766e-01 5.086589999999999723e-01
3.630000000000000000e+02 4.102790000000000048e-01 4.548989999999999978e-01 5.087139999999999995e-01
3.640000000000000000e+02 4.103519999999999945e-01 4.549719999999999875e-01 5.087909999999999933e-01
3.650000000000000000e+02 4.103769999999999918e-01 4.549880000000000035e-01 5.088089999999999558e-01
3.660000000000000000e+02 4.103220000000000200e-01 4.549270000000000258e-01 5.087549999999999573e-01
3.670000000000000000e+02 4.102480000000000016e-01 4.548470000000000013e-01 5.086779999999999635e-01
3.680000000000000000e+02 4.102100000000000191e-01 4.548050000000000148e-01 5.086410000000000098e-01
3.690000000000000000e+02 4.102180000000000271e-01 4.548099999999999921e-01 5.086490000000000178e-01
3.700000000000000000e+02 4.102870000000000128e-01 4.548730000000000273e-01 5.087180000000000035e-01
3.710000000000000000e+02 4.102580000000000116e-01 4.548340000000000161e-01 5.086850000000000538e-01
3.720000000000000000e+02 4.102290000000000103e-01 4.547990000000000088e-01 5.086589999999999723e-01
3.730000000000000000e+02 4.103080000000000060e-01 4.548710000000000253e-01 5.087340000000000195e-01
3.740000000000000000e+02 4.103789999999999938e-01 4.549380000000000090e-01 5.088059999999999805e-01
3.750000000000000000e+02 4.103749999999999898e-01 4.549270000000000258e-01 5.087990000000000013e-01
3.760000000000000000e+02 4.102549999999999808e-01 4.547999999999999821e-01 5.086819999999999675e-01
3.770000000000000000e+02 4.101750000000000118e-01 4.547160000000000091e-01 5.086030000000000273e-01
3.780000000000000000e+02 4.101339999999999986e-01 4.546700000000000186e-01 5.085589999999999833e-01
3.790000000000000000e+02 4.101159999999999806e-01 4.546459999999999946e-01 5.085410000000000208e-01
3.800000000000000000e+02 4.101420000000000066e-01 4.546649999999999858e-01 5.085629999999999873e-01
3.810000000000000000e+02 4.101480000000000126e-01 4.546629999999999838e-01 5.085690000000000488e-01
3.820000000000000000e+02 4.102060000000000151e-01 4.547160000000000091e-01 5.086289999999999978e-01
3.830000000000000000e+02 4.103100000000000080e-01 4.548189999999999733e-01 5.087300000000000155e-01
3.840000000000000000e+02 4.103470000000000173e-01 4.548479999999999746e-01 5.087709999999999733e-01
3.850000000000000000e+02 4.102649999999999908e-01 4.547619999999999996e-01 5.086889999999999468e-01
3.860000000000000000e+02 4.101719999999999811e-01 4.546660000000000146e-01 5.085920000000000440e-01
3.870000000000000000e+02 4.101230000000000153e-01 4.546100000000000141e-01 5.085439999999999960e-01
3.880000000000000000e+02 4.100809999999999733e-01 4.545669999999999988e-01 5.085020000000000095e-01
3.890000000000000000e+02 4.100610000000000088e-01 4.545379999999999976e-01 5.084840000000000471e-01
3.900000000000000000e+02 4.100449999999999928e-01 4.545159999999999756e-01 5.084649999999999448e-01
3.910000000000000000e+02 4.100809999999999733e-01 4.545449999999999768e-01 5.084950000000000303e-01
3.920000000000000000e+02 4.101750000000000118e-01 4.546350000000000113e-01 5.085920000000000440e-01
3.930000000000000000e+02 4.102169999999999983e-01 4.546729999999999938e-01 5.086319999999999730e-01
3.940000000000000000e+02 4.101549999999999918e-01 4.546089999999999853e-01 5.085730000000000528e-01
3.950000000000000000e+02 4.101029999999999953e-01 4.545460000000000056e-01 5.085150000000000503e-01
3.960000000000000000e+02 4.100770000000000248e-01 4.545179999999999776e-01 5.084899999999999975e-01
3.970000000000000000e+02 4.100520000000000276e-01 4.544880000000000031e-01 5.084629999999999983e-01
3.980000000000000000e+02 4.100320000000000076e-01 4.544630000000000059e-01 5.084419999999999495e-01
3.990000000000000000e+02 4.100210000000000243e-01 4.544469999999999898e-01 5.084349999999999703e-01
4.000000000000000000e+02 4.100530000000000008e-01 4.544739999999999891e-01 5.084670000000000023e-01
4.010000000000000000e+02 4.101099999999999746e-01 4.545250000000000123e-01 5.085220000000000296e-01
4.020000000000000000e+02 4.101020000000000221e-01 4.545109999999999983e-01 5.085100000000000176e-01
4.030000000000000000e+02 4.100530000000000008e-01 4.544560000000000266e-01 5.084619999999999695e-01
4.040000000000000000e+02 4.100579999999999781e-01 4.544610000000000039e-01 5.084659999999999735e-01
4.050000000000000000e+02 4.100730000000000208e-01 4.544699999999999851e-01 5.084800000000000431e-01
4.060000000000000000e+02 4.100210000000000243e-01 4.544130000000000114e-01 5.084250000000000158e-01
4.070000000000000000e+02 4.099619999999999931e-01 4.543510000000000049e-01 5.083649999999999558e-01
4.080000000000000000e+02 4.099309999999999898e-01 4.543150000000000244e-01 5.083309999999999773e-01
4.090000000000000000e+02 4.099479999999999791e-01 4.543249999999999789e-01 5.083459999999999646e-01
4.100000000000000000e+02 4.099909999999999943e-01 4.543639999999999901e-01 5.083900000000000086e-01
4.110000000000000000e+02 4.100239999999999996e-01 4.543900000000000161e-01 5.084220000000000406e-01
4.120000000000000000e+02 4.100500000000000256e-01 4.544150000000000134e-01 5.084459999999999535e-01
4.130000000000000000e+02 4.100539999999999741e-01 4.544110000000000094e-01 5.084530000000000438e-01
4.140000000000000000e+02 4.100219999999999976e-01 4.543749999999999734e-01 5.084170000000000078e-01
4.150000000000000000e+02 4.099860000000000171e-01 4.543380000000000196e-01 5.083820000000000006e-01
4.160000000000000000e+02 4.099769999999999803e-01 4.543260000000000076e-01 5.083760000000000501e-01
4.170000000000000000e+02 4.099889999999999923e-01 4.543340000000000156e-01 5.083870000000000333e-01
4.180000000000000000e+02 4.099720000000000031e-01 4.543110000000000204e-01 5.083689999999999598e-01
4.190000000000000000e+02 4.099780000000000091e-01 4.543130000000000224e-01 5.083720000000000461e-01
4.200000000000000000e+02 4.100340000000000096e-01 4.543639999999999901e-01 5.084300000000000486e-01
4.210000000000000000e+02 4.100739999999999941e-01 4.544000000000000261e-01 5.084670000000000023e-01
4.220000000000000000e+02 4.100599999999999801e-01 4.543809999999999794e-01 5.084530000000000438e-01
4.230000000000000000e+02 4.099670000000000258e-01 4.542840000000000211e-01 5.083579999999999766e-01
4.240000000000000000e+02 4.099280000000000146e-01 4.542410000000000059e-01 5.083199999999999941e-01
4.250000000000000000e+02 4.098870000000000013e-01 4.541939999999999866e-01 5.082740000000000036e-01
4.260000000000000000e+02 4.098350000000000048e-01 4.541370000000000129e-01 5.082200000000000051e-01
4.270000000000000000e+02 4.098899999999999766e-01 4.541910000000000114e-01 5.082750000000000323e-01
4.280000000000000000e+02 4.099369999999999958e-01 4.542320000000000246e-01 5.083220000000000516e-01
4.290000000000000000e+02 4.099740000000000051e-01 4.542660000000000031e-01 5.083609999999999518e-01
4.300000000000000000e+02 4.100400000000000156e-01 4.543280000000000096e-01 5.084250000000000158e-01
4.310000000000000000e+02 4.100349999999999828e-01 4.543209999999999749e-01 5.084199999999999831e-01
4.320000000000000000e+02 4.099749999999999783e-01 4.542570000000000219e-01 5.083579999999999766e-01
4.330000000000000000e+02 4.099389999999999978e-01 4.542160000000000086e-01 5.083229999999999693e-01
4.340000000000000000e+02 4.099149999999999738e-01 4.541859999999999786e-01 5.082959999999999701e-01
4.350000000000000000e+02 4.098950000000000093e-01 4.541629999999999834e-01 5.082759999999999501e-01
4.360000000000000000e+02 4.098519999999999941e-01 4.541169999999999929e-01 5.082339999999999636e-01
4.370000000000000000e+02 4.098390000000000088e-01 4.541020000000000056e-01 5.082210000000000338e-01
4.380000000000000000e+02 4.098800000000000221e-01 4.541379999999999861e-01 5.082649999999999668e-01
4.390000000000000000e+02 4.099329999999999918e-01 4.541870000000000074e-01 5.083149999999999613e-01
4.400000000000000000e+02 4.099889999999999923e-01 4.542379999999999751e-01 5.083750000000000213e-01
4.410000000000000000e+02 4.099900000000000211e-01 4.542359999999999731e-01 5.083769999999999678e-01
4.420000000000000000e+02 4.099180000000000046e-01 4.541600000000000081e-01 5.083020000000000316e-01
4.430000000000000000e+02 4.098620000000000041e-01 4.540980000000000016e-01 5.082470000000000043e-01
4.440000000000000000e+02 4.098570000000000269e-01 4.540910000000000224e-01 5.082449999999999468e-01
4.450000000000000000e+02 4.098479999999999901e-01 4.540779999999999816e-01 5.082320000000000171e-01
4.460000000000000000e+02 4.098459999999999881e-01 4.540719999999999756e-01 5.082250000000000378e-01
4.470000000000000000e+02 4.098840000000000261e-01 4.541100000000000136e-01 5.082680000000000531e-01
4.480000000000000000e+02 4.099189999999999778e-01 4.541379999999999861e-01 5.082969999999999988e-01
4.490000000000000000e+02 4.099269999999999858e-01 4.541410000000000169e-01 5.083020000000000316e-01
4.500000000000000000e+02 4.099169999999999758e-01 4.541279999999999761e-01 5.082929999999999948e-01
4.510000000000000000e+02 4.098820000000000241e-01 4.540919999999999956e-01 5.082590000000000163e-01
4.520000000000000000e+02 4.098559999999999981e-01 4.540640000000000231e-01 5.082309999999999883e-01
4.530000000000000000e+02 4.098280000000000256e-01 4.540330000000000199e-01 5.082029999999999603e-01
4.540000000000000000e+02 4.098149999999999848e-01 4.540159999999999751e-01 5.081909999999999483e-01
4.550000000000000000e+02 4.098269999999999968e-01 4.540250000000000119e-01 5.082039999999999891e-01
4.560000000000000000e+02 4.098519999999999941e-01 4.540460000000000051e-01 5.082250000000000378e-01
4.570000000000000000e+02 4.098789999999999933e-01 4.540699999999999736e-01 5.082550000000000123e-01
4.580000000000000000e+02 4.098859999999999726e-01 4.540750000000000064e-01 5.082630000000000203e-01
4.590000000000000000e+02 4.099119999999999986e-01 4.540939999999999976e-01 5.082879999999999621e-01
4.600000000000000000e+02 4.099260000000000126e-01 4.541049999999999809e-01 5.082989999999999453e-01
4.610000000000000000e+02 4.099229999999999818e-01 4.541000000000000036e-01 5.082999999999999741e-01
4.620000000000000000e+02 4.098910000000000053e-01 4.540640000000000231e-01 5.082630000000000203e-01
4.630000000000000000e+02 4.098370000000000068e-01 4.540100000000000247e-01 5.082140000000000546e-01
4.640000000000000000e+02 4.098249999999999948e-01 4.539920000000000067e-01 5.082010000000000138e-01
4.650000000000000000e+02 4.098459999999999881e-01 4.540080000000000227e-01 5.082170000000000298e-01
4.660000000000000000e+02 4.099030000000000173e-01 4.540649999999999964e-01 5.082729999999999748e-01
4.670000000000000000e+02 4.099070000000000213e-01 4.540640000000000231e-01 5.082790000000000363e-01
4.680000000000000000e+02 4.098669999999999813e-01 4.540210000000000079e-01 5.082389999999999963e-01
4.690000000000000000e+02 4.098700000000000121e-01 4.540219999999999811e-01 5.082419999999999716e-01
4.700000000000000000e+02 4.098640000000000061e-01 4.540150000000000019e-01 5.082349999999999923e-01
4.710000000000000000e+02 4.098530000000000229e-01 4.539989999999999859e-01 5.082219999999999516e-01
4.720000000000000000e+02 4.097939999999999916e-01 4.539360000000000062e-01 5.081670000000000353e-01
4.730000000000000000e+02 4.097520000000000051e-01 4.538909999999999889e-01 5.081229999999999913e-01
4.740000000000000000e+02 4.097750000000000004e-01 4.539090000000000069e-01 5.081409999999999538e-01
4.750000000000000000e+02 4.097689999999999944e-01 4.539020000000000277e-01 5.081369999999999498e-01
4.760000000000000000e+02 4.097750000000000004e-01 4.539039999999999742e-01 5.081440000000000401e-01
4.770000000000000000e+02 4.097850000000000104e-01 4.539130000000000109e-01 5.081529999999999658e-01
4.780000000000000000e+02 4.097680000000000211e-01 4.538929999999999909e-01 5.081320000000000281e-01
4.790000000000000000e+02 4.097720000000000251e-01 4.538940000000000197e-01 5.081369999999999498e-01
4.800000000000000000e+02 4.097919999999999896e-01 4.539099999999999802e-01 5.081560000000000521e-01
4.810000000000000000e+02 4.097700000000000231e-01 4.538860000000000117e-01 5.081329999999999458e-01
4.820000000000000000e+02 4.097310000000000119e-01 4.538460000000000272e-01 5.080970000000000208e-01
4.830000000000000000e+02 4.097100000000000186e-01 4.538229999999999764e-01 5.080759999999999721e-01
4.840000000000000000e+02 4.096949999999999759e-01 4.538039999999999852e-01 5.080599999999999561e-01
4.850000000000000000e+02 4.096629999999999994e-01 4.537669999999999759e-01 5.080289999999999528e-01
4.860000000000000000e+02 4.096480000000000121e-01 4.537519999999999887e-01 5.080090000000000439e-01
4.870000000000000000e+02 4.096690000000000054e-01 4.537669999999999759e-01 5.080320000000000391e-01
4.880000000000000000e+02 4.096859999999999946e-01 4.537820000000000187e-01 5.080470000000000264e-01
4.890000000000000000e+02 4.096899999999999986e-01 4.537820000000000187e-01 5.080500000000000016e-01
4.900000000000000000e+02 4.096899999999999986e-01 4.537800000000000167e-01 5.080500000000000016e-01
4.910000000000000000e+02 4.096730000000000094e-01 4.537590000000000234e-01 5.080310000000000104e-01
4.920000000000000000e+02 4.096520000000000161e-01 4.537370000000000014e-01 5.080090000000000439e-01
4.930000000000000000e+02 4.096429999999999794e-01 4.537249999999999894e-01 5.080010000000000359e-01
4.940000000000000000e+02 4.096480000000000121e-01 4.537240000000000162e-01 5.080069999999999864e-01
4.950000000000000000e+02 4.096629999999999994e-01 4.537340000000000262e-01 5.080200000000000271e-01
4.960000000000000000e+02 4.096639999999999726e-01 4.537349999999999994e-01 5.080230000000000024e-01
4.970000000000000000e+02 4.096770000000000134e-01 4.537439999999999807e-01 5.080360000000000431e-01
4.980000000000000000e+02 4.096899999999999986e-01 4.537550000000000194e-01 5.080489999999999728e-01
4.990000000000000000e+02 4.096650000000000014e-01 4.537249999999999894e-01 5.080219999999999736e-01
5.000000000000000000e+02 4.096369999999999734e-01 4.536959999999999882e-01 5.079919999999999991e-01
5.010000000000000000e+02 4.096360000000000001e-01 4.536930000000000129e-01 5.079930000000000279e-01
5.020000000000000000e+02 4.096239999999999881e-01 4.536780000000000257e-01 5.079789999999999583e-01
5.030000000000000000e+02 4.096170000000000089e-01 4.536680000000000157e-01 5.079730000000000079e-01
5.040000000000000000e+02 4.096339999999999981e-01 4.536839999999999762e-01 5.079869999999999663e-01
5.050000000000000000e+02 4.096190000000000109e-01 4.536669999999999869e-01 5.079740000000000366e-01
5.060000000000000000e+02 4.095869999999999789e-01 4.536339999999999817e-01 5.079430000000000334e-01
5.070000000000000000e+02 4.095980000000000176e-01 4.536410000000000164e-01 5.079519999999999591e-01
5.080000000000000000e+02 4.096290000000000209e-01 4.536700000000000177e-01 5.079839999999999911e-01
5.090000000000000000e+02 4.096639999999999726e-01 4.537010000000000209e-01 5.080170000000000519e-01
5.100000000000000000e+02 4.096580000000000221e-01 4.536930000000000129e-01 5.080080000000000151e-01
5.110000000000000000e+02 4.096119999999999761e-01 4.536410000000000164e-01 5.079630000000000534e-01
5.120000000000000000e+02 4.095880000000000076e-01 4.536180000000000212e-01 5.079420000000000046e-01
5.130000000000000000e+02 4.096060000000000256e-01 4.536339999999999817e-01 5.079590000000000494e-01
5.140000000000000000e+02 4.096080000000000276e-01 4.536339999999999817e-01 5.079609999999999959e-01
5.150000000000000000e+02 4.096270000000000189e-01 4.536519999999999997e-01 5.079789999999999583e-01
5.160000000000000000e+02 4.096480000000000121e-01 4.536709999999999909e-01 5.080019999999999536e-01
5.170000000000000000e+02 4.096429999999999794e-01 4.536629999999999829e-01 5.079939999999999456e-01
5.180000000000000000e+02 4.096330000000000249e-01 4.536510000000000264e-01 5.079860000000000486e-01
5.190000000000000000e+02 4.096130000000000049e-01 4.536299999999999777e-01 5.079639999999999711e-01
5.200000000000000000e+02 4.095730000000000204e-01 4.535879999999999912e-01 5.079259999999999886e-01
5.210000000000000000e+02 4.095500000000000251e-01 4.535640000000000227e-01 5.079010000000000469e-01
5.220000000000000000e+02 4.095559999999999756e-01 4.535680000000000267e-01 5.079069999999999974e-01
5.230000000000000000e+02 4.095440000000000191e-01 4.535529999999999839e-01 5.078970000000000429e-01
5.240000000000000000e+02 4.095300000000000051e-01 4.535399999999999987e-01 5.078840000000000021e-01
5.250000000000000000e+02 4.095570000000000044e-01 4.535609999999999919e-01 5.079040000000000221e-01
5.260000000000000000e+02 4.095909999999999829e-01 4.535930000000000240e-01 5.079399999999999471e-01
5.270000000000000000e+02 4.096000000000000196e-01 4.536000000000000032e-01 5.079489999999999839e-01
5.280000000000000000e+02 4.095849999999999769e-01 4.535790000000000100e-01 5.079310000000000214e-01
5.290000000000000000e+02 4.095559999999999756e-01 4.535500000000000087e-01 5.079010000000000469e-01
5.300000000000000000e+02 4.095389999999999864e-01 4.535319999999999907e-01 5.078819999999999446e-01
5.310000000000000000e+02 4.095150000000000179e-01 4.535049999999999915e-01 5.078580000000000316e-01
5.320000000000000000e+02 4.095070000000000099e-01 4.534909999999999775e-01 5.078510000000000524e-01
5.330000000000000000e+02 4.095249999999999724e-01 4.535109999999999975e-01 5.078700000000000436e-01
5.340000000000000000e+02 4.095530000000000004e-01 4.535319999999999907e-01 5.078949999999999854e-01
5.350000000000000000e+02 4.095520000000000271e-01 4.535279999999999867e-01 5.078930000000000389e-01
5.360000000000000000e+02 4.095309999999999784e-01 4.535080000000000222e-01 5.078759999999999941e-01
5.370000000000000000e+02 4.095260000000000011e-01 4.534969999999999835e-01 5.078690000000000149e-01
5.380000000000000000e+02 4.095130000000000159e-01 4.534880000000000022e-01 5.078540000000000276e-01
5.390000000000000000e+02 4.095070000000000099e-01 4.534790000000000210e-01 5.078489999999999949e-01
5.400000000000000000e+02 4.095179999999999931e-01 4.534900000000000042e-01 5.078610000000000069e-01
5.410000000000000000e+02 4.095030000000000059e-01 4.534750000000000170e-01 5.078479999999999661e-01
5.420000000000000000e+02 4.094929999999999959e-01 4.534599999999999742e-01 5.078340000000000076e-01
5.430000000000000000e+02 4.095269999999999744e-01 4.534940000000000082e-01 5.078690000000000149e-01
5.440000000000000000e+02 4.095360000000000111e-01 4.534949999999999815e-01 5.078780000000000516e-01
5.450000000000000000e+02 4.095099999999999851e-01 4.534699999999999842e-01 5.078529999999999989e-01
5.460000000000000000e+02 4.095260000000000011e-01 4.534830000000000250e-01 5.078730000000000189e-01
5.470000000000000000e+02 4.095610000000000084e-01 4.535159999999999747e-01 5.079019999999999646e-01
5.480000000000000000e+02 4.095679999999999876e-01 4.535199999999999787e-01 5.079050000000000509e-01
5.490000000000000000e+02 4.095509999999999984e-01 4.535020000000000162e-01 5.078939999999999566e-01
5.500000000000000000e+02 4.095280000000000031e-01 4.534810000000000230e-01 5.078709999999999614e-01
5.510000000000000000e+02 4.095230000000000259e-01 4.534710000000000130e-01 5.078669999999999574e-01
5.520000000000000000e+02 4.095409999999999884e-01 4.534830000000000250e-01 5.078799999999999981e-01
5.530000000000000000e+02 4.095329999999999804e-01 4.534799999999999942e-01 5.078730000000000189e-01
5.540000000000000000e+02 4.095110000000000139e-01 4.534549999999999970e-01 5.078549999999999454e-01
5.550000000000000000e+02 4.095159999999999911e-01 4.534560000000000257e-01 5.078580000000000316e-01
5.560000000000000000e+02 4.095210000000000239e-01 4.534580000000000277e-01 5.078610000000000069e-01
5.570000000000000000e+02 4.095269999999999744e-01 4.534659999999999802e-01 5.078669999999999574e-01
5.580000000000000000e+02 4.095349999999999824e-01 4.534699999999999842e-01 5.078759999999999941e-01
5.590000000000000000e+02 4.095199999999999951e-01 4.534560000000000257e-01 5.078629999999999534e-01
5.600000000000000000e+02 4.095139999999999891e-01 4.534480000000000177e-01 5.078570000000000029e-01
5.610000000000000000e+02 4.094969999999999999e-01 4.534279999999999977e-01 5.078359999999999541e-01
5.620000000000000000e+02 4.094780000000000086e-01 4.534070000000000045e-01 5.078219999999999956e-01
5.630000000000000000e+02 4.094920000000000226e-01 4.534190000000000165e-01 5.078350000000000364e-01
5.640000000000000000e+02 4.095090000000000119e-01 4.534360000000000057e-01 5.078500000000000236e-01
5.650000000000000000e+02 4.095239999999999991e-01 4.534520000000000217e-01 5.078660000000000396e-01
5.660000000000000000e+02 4.095320000000000071e-01 4.534560000000000257e-01 5.078730000000000189e-01
5.670000000000000000e+02 4.095170000000000199e-01 4.534409999999999830e-01 5.078610000000000069e-01
5.680000000000000000e+02 4.095019999999999771e-01 4.534230000000000205e-01 5.078449999999999909e-01
5.690000000000000000e+02 4.095050000000000079e-01 4.534210000000000185e-01 5.078489999999999949e-01
5.700000000000000000e+02 4.095039999999999791e-01 4.534199999999999897e-01 5.078460000000000196e-01
5.710000000000000000e+02 4.094889999999999919e-01 4.534009999999999985e-01 5.078310000000000324e-01
5.720000000000000000e+02 4.094780000000000086e-01 4.533880000000000132e-01 5.078190000000000204e-01
5.730000000000000000e+02 4.095039999999999791e-01 4.534110000000000085e-01 5.078430000000000444e-01
5.740000000000000000e+02 4.095079999999999831e-01 4.534110000000000085e-01 5.078500000000000236e-01
5.750000000000000000e+02 4.094820000000000126e-01 4.533829999999999805e-01 5.078230000000000244e-01
5.760000000000000000e+02 4.094679999999999986e-01 4.533679999999999932e-01 5.078059999999999796e-01
5.770000000000000000e+02 4.094559999999999866e-01 4.533570000000000100e-01 5.077979999999999716e-01
5.780000000000000000e+02 4.094679999999999986e-01 4.533690000000000220e-01 5.078049999999999509e-01
5.790000000000000000e+02 4.094729999999999759e-01 4.533719999999999972e-01 5.078139999999999876e-01
5.800000000000000000e+02 4.094619999999999926e-01 4.533610000000000140e-01 5.078030000000000044e-01
5.810000000000000000e+02 4.094630000000000214e-01 4.533599999999999852e-01 5.078000000000000291e-01
5.820000000000000000e+02 4.094709999999999739e-01 4.533650000000000180e-01 5.078120000000000411e-01
5.830000000000000000e+02 4.094659999999999966e-01 4.533579999999999832e-01 5.078040000000000331e-01
5.840000000000000000e+02 4.094439999999999746e-01 4.533380000000000187e-01 5.077840000000000131e-01
5.850000000000000000e+02 4.094400000000000261e-01 4.533329999999999860e-01 5.077789999999999804e-01
5.860000000000000000e+02 4.094479999999999786e-01 4.533380000000000187e-01 5.077840000000000131e-01
5.870000000000000000e+02 4.094439999999999746e-01 4.533309999999999840e-01 5.077810000000000379e-01
5.880000000000000000e+02 4.094340000000000201e-01 4.533200000000000007e-01 5.077720000000000011e-01
5.890000000000000000e+02 4.094260000000000121e-01 4.533119999999999927e-01 5.077629999999999644e-01
5.900000000000000000e+02 4.094369999999999954e-01 4.533229999999999760e-01 5.077760000000000051e-01
5.910000000000000000e+02 4.094559999999999866e-01 4.533400000000000207e-01 5.077970000000000539e-01
5.920000000000000000e+02 4.094570000000000154e-01 4.533409999999999940e-01 5.077930000000000499e-01
5.930000000000000000e+02 4.094329999999999914e-01 4.533139999999999947e-01 5.077700000000000546e-01
5.940000000000000000e+02 4.094010000000000149e-01 4.532780000000000142e-01 5.077390000000000514e-01
5.950000000000000000e+02 4.093919999999999781e-01 4.532720000000000082e-01 5.077310000000000434e-01
5.960000000000000000e+02 4.094119999999999981e-01 4.532880000000000242e-01 5.077500000000000346e-01
5.970000000000000000e+02 4.094300000000000161e-01 4.533019999999999827e-01 5.077669999999999684e-01
5.980000000000000000e+02 4.094389999999999974e-01 4.533099999999999907e-01 5.077760000000000051e-01
5.990000000000000000e+02 4.094200000000000061e-01 4.532919999999999727e-01 5.077570000000000139e-01
6.000000000000000000e+02 4.093879999999999741e-01 4.532590000000000230e-01 5.077279999999999571e-01
6.010000000000000000e+02 4.094070000000000209e-01 4.532740000000000102e-01 5.077399999999999691e-01
6.020000000000000000e+02 4.094209999999999794e-01 4.532860000000000222e-01 5.077580000000000426e-01
6.030000000000000000e+02 4.094269999999999854e-01 4.532919999999999727e-01 5.077599999999999891e-01
6.040000000000000000e+02 4.094450000000000034e-01 4.533070000000000155e-01 5.077779999999999516e-01
6.050000000000000000e+02 4.094300000000000161e-01 4.532900000000000262e-01 5.077650000000000219e-01
6.060000000000000000e+02 4.094309999999999894e-01 4.532919999999999727e-01 5.077650000000000219e-01
6.070000000000000000e+02 4.094599999999999906e-01 4.533190000000000275e-01 5.077930000000000499e-01
6.080000000000000000e+02 4.094479999999999786e-01 4.533059999999999867e-01 5.077819999999999556e-01
6.090000000000000000e+02 4.093950000000000089e-01 4.532510000000000150e-01 5.077300000000000146e-01
6.100000000000000000e+02 4.093769999999999909e-01 4.532300000000000217e-01 5.077120000000000521e-01
6.110000000000000000e+02 4.093910000000000049e-01 4.532459999999999822e-01 5.077249999999999819e-01
6.120000000000000000e+02 4.093879999999999741e-01 4.532419999999999782e-01 5.077220000000000066e-01
6.130000000000000000e+02 4.093820000000000237e-01 4.532329999999999970e-01 5.077190000000000314e-01
6.140000000000000000e+02 4.093959999999999821e-01 4.532459999999999822e-01 5.077329999999999899e-01
6.150000000000000000e+02 4.094059999999999921e-01 4.532570000000000210e-01 5.077390000000000514e-01
6.160000000000000000e+02 4.094099999999999961e-01 4.532570000000000210e-01 5.077439999999999731e-01
6.170000000000000000e+02 4.094169999999999754e-01 4.532610000000000250e-01 5.077519999999999811e-01
6.180000000000000000e+02 4.094249999999999834e-01 4.532700000000000062e-01 5.077589999999999604e-01
6.190000000000000000e+02 4.094059999999999921e-01 4.532490000000000130e-01 5.077430000000000554e-01
6.200000000000000000e+02 4.093879999999999741e-01 4.532260000000000177e-01 5.077230000000000354e-01
6.210000000000000000e+02 4.093950000000000089e-01 4.532349999999999990e-01 5.077319999999999611e-01
6.220000000000000000e+02 4.093990000000000129e-01 4.532349999999999990e-01 5.077340000000000186e-01
6.230000000000000000e+02 4.093970000000000109e-01 4.532340000000000257e-01 5.077329999999999899e-01
6.240000000000000000e+02 4.093990000000000129e-01 4.532329999999999970e-01 5.077359999999999651e-01
6.250000000000000000e+02 4.094070000000000209e-01 4.532399999999999762e-01 5.077430000000000554e-01
6.260000000000000000e+02 4.094209999999999794e-01 4.532539999999999902e-01 5.077589999999999604e-01
6.270000000000000000e+02 4.094309999999999894e-01 4.532599999999999962e-01 5.077660000000000506e-01
6.280000000000000000e+02 4.094329999999999914e-01 4.532599999999999962e-01 5.077700000000000546e-01
6.290000000000000000e+02 4.094389999999999974e-01 4.532640000000000002e-01 5.077739999999999476e-01
6.300000000000000000e+02 4.094329999999999914e-01 4.532570000000000210e-01 5.077660000000000506e-01
6.310000000000000000e+02 4.094200000000000061e-01 4.532450000000000090e-01 5.077549999999999564e-01
6.320000000000000000e+02 4.094209999999999794e-01 4.532470000000000110e-01 5.077570000000000139e-01
6.330000000000000000e+02 4.094200000000000061e-01 4.532430000000000070e-01 5.077509999999999524e-01
6.340000000000000000e+02 4.094269999999999854e-01 4.532550000000000190e-01 5.077639999999999931e-01
6.350000000000000000e+02 4.094499999999999806e-01 4.532749999999999835e-01 5.077859999999999596e-01
6.360000000000000000e+02 4.094579999999999886e-01 4.532829999999999915e-01 5.077909999999999924e-01
6.370000000000000000e+02 4.094700000000000006e-01 4.532939999999999747e-01 5.078080000000000371e-01
6.380000000000000000e+02 4.094789999999999819e-01 4.533019999999999827e-01 5.078139999999999876e-01
6.390000000000000000e+02 4.094700000000000006e-01 4.532919999999999727e-01 5.078040000000000331e-01
6.400000000000000000e+02 4.094599999999999906e-01 4.532820000000000182e-01 5.077960000000000251e-01
6.410000000000000000e+02 4.094599999999999906e-01 4.532800000000000162e-01 5.077970000000000539e-01
6.420000000000000000e+02 4.094499999999999806e-01 4.532669999999999755e-01 5.077850000000000419e-01
6.430000000000000000e+02 4.094389999999999974e-01 4.532519999999999882e-01 5.077709999999999724e-01
6.440000000000000000e+02 4.094579999999999886e-01 4.532700000000000062e-01 5.077909999999999924e-01
6.450000000000000000e+02 4.094619999999999926e-01 4.532769999999999855e-01 5.078019999999999756e-01
6.460000000000000000e+02 4.094599999999999906e-01 4.532720000000000082e-01 5.077930000000000499e-01
6.470000000000000000e+02 4.094519999999999826e-01 4.532640000000000002e-01 5.077840000000000131e-01
6.480000000000000000e+02 4.094269999999999854e-01 4.532370000000000010e-01 5.077620000000000466e-01
6.490000000000000000e+02 4.094169999999999754e-01 4.532249999999999890e-01 5.077530000000000099e-01
6.500000000000000000e+02 4.094269999999999854e-01 4.532249999999999890e-01 5.077639999999999931e-01
6.510000000000000000e+02 4.094220000000000081e-01 4.532249999999999890e-01 5.077599999999999891e-01
6.520000000000000000e+02 4.094240000000000101e-01 4.532229999999999870e-01 5.077610000000000179e-01
6.530000000000000000e+02 4.094369999999999954e-01 4.532329999999999970e-01 5.077730000000000299e-01
6.540000000000000000e+02 4.094470000000000054e-01 4.532459999999999822e-01 5.077810000000000379e-01
6.550000000000000000e+02 4.094409999999999994e-01 4.532340000000000257e-01 5.077749999999999764e-01
6.560000000000000000e+02 4.094309999999999894e-01 4.532229999999999870e-01 5.077620000000000466e-01
6.570000000000000000e+02 4.094309999999999894e-01 4.532200000000000117e-01 5.077629999999999644e-01
6.580000000000000000e+02 4.094249999999999834e-01 4.532120000000000037e-01 5.077570000000000139e-01
6.590000000000000000e+02 4.094180000000000041e-01 4.532050000000000245e-01 5.077509999999999524e-01
6.600000000000000000e+02 4.094320000000000181e-01 4.532140000000000057e-01 5.077650000000000219e-01
6.610000000000000000e+02 4.094479999999999786e-01 4.532320000000000237e-01 5.077800000000000091e-01
6.620000000000000000e+02 4.094570000000000154e-01 4.532399999999999762e-01 5.077859999999999596e-01
6.630000000000000000e+02 4.094439999999999746e-01 4.532260000000000177e-01 5.077749999999999764e-01
6.640000000000000000e+02 4.094240000000000101e-01 4.531999999999999917e-01 5.077540000000000386e-01
6.650000000000000000e+02 4.094149999999999734e-01 4.531959999999999877e-01 5.077420000000000266e-01
6.660000000000000000e+02 4.094050000000000189e-01 4.531810000000000005e-01 5.077340000000000186e-01
6.670000000000000000e+02 4.094099999999999961e-01 4.531899999999999817e-01 5.077390000000000514e-01
6.680000000000000000e+02 4.094300000000000161e-01 4.532079999999999997e-01 5.077589999999999604e-01
6.690000000000000000e+02 4.094349999999999934e-01 4.532140000000000057e-01 5.077679999999999971e-01
6.700000000000000000e+02 4.094289999999999874e-01 4.532120000000000037e-01 5.077650000000000219e-01
6.710000000000000000e+02 4.094240000000000101e-01 4.532039999999999957e-01 5.077549999999999564e-01
6.720000000000000000e+02 4.094289999999999874e-01 4.532039999999999957e-01 5.077610000000000179e-01
6.730000000000000000e+02 4.094340000000000201e-01 4.532089999999999730e-01 5.077660000000000506e-01
6.740000000000000000e+02 4.094280000000000141e-01 4.531999999999999917e-01 5.077610000000000179e-01
6.750000000000000000e+02 4.094280000000000141e-01 4.531999999999999917e-01 5.077620000000000466e-01
6.760000000000000000e+02 4.094329999999999914e-01 4.532010000000000205e-01 5.077629999999999644e-01
6.770000000000000000e+02 4.094360000000000221e-01 4.532059999999999977e-01 5.077669999999999684e-01
6.780000000000000000e+02 4.094389999999999974e-01 4.532070000000000265e-01 5.077709999999999724e-01
6.790000000000000000e+02 4.094309999999999894e-01 4.531930000000000125e-01 5.077629999999999644e-01
6.800000000000000000e+02 4.094349999999999934e-01 4.531979999999999897e-01 5.077669999999999684e-01
6.810000000000000000e+02 4.094470000000000054e-01 4.532070000000000265e-01 5.077789999999999804e-01
6.820000000000000000e+02 4.094329999999999914e-01 4.531910000000000105e-01 5.077639999999999931e-01
6.830000000000000000e+02 4.094079999999999941e-01 4.531669999999999865e-01 5.077409999999999979e-01
6.840000000000000000e+02 4.094130000000000269e-01 4.531689999999999885e-01 5.077439999999999731e-01
6.850000000000000000e+02 4.094289999999999874e-01 4.531870000000000065e-01 5.077580000000000426e-01
6.860000000000000000e+02 4.094550000000000134e-01 4.532089999999999730e-01 5.077840000000000131e-01
6.870000000000000000e+02 4.094670000000000254e-01 4.532200000000000117e-01 5.077970000000000539e-01
6.880000000000000000e+02 4.094579999999999886e-01 4.532109999999999750e-01 5.077859999999999596e-01
6.890000000000000000e+02 4.094409999999999994e-01 4.531930000000000125e-01 5.077770000000000339e-01
6.900000000000000000e+02 4.094349999999999934e-01 4.531879999999999797e-01 5.077650000000000219e-01
6.910000000000000000e+02 4.094349999999999934e-01 4.531839999999999757e-01 5.077660000000000506e-01
6.920000000000000000e+02 4.094380000000000241e-01 4.531879999999999797e-01 5.077639999999999931e-01
6.930000000000000000e+02 4.094459999999999766e-01 4.531930000000000125e-01 5.077749999999999764e-01
6.940000000000000000e+02 4.094470000000000054e-01 4.531850000000000045e-01 5.077760000000000051e-01
6.950000000000000000e+02 4.094519999999999826e-01 4.531800000000000272e-01 5.077800000000000091e-01
6.960000000000000000e+02 4.094679999999999986e-01 4.531830000000000025e-01 5.077939999999999676e-01
6.970000000000000000e+02 4.094929999999999959e-01 4.531879999999999797e-01 5.078110000000000124e-01
6.980000000000000000e+02 4.094929999999999959e-01 4.531700000000000172e-01 5.078139999999999876e-01
6.990000000000000000e+02 4.094929999999999959e-01 4.531439999999999912e-01 5.078099999999999836e-01
7.000000000000000000e+02 4.095050000000000079e-01 4.531279999999999752e-01 5.078179999999999916e-01
7.010000000000000000e+02 4.095289999999999764e-01 4.531160000000000188e-01 5.078380000000000116e-01
7.020000000000000000e+02 4.095500000000000251e-01 4.531040000000000068e-01 5.078570000000000029e-01
7.030000000000000000e+02 4.095599999999999796e-01 4.530899999999999928e-01 5.078660000000000396e-01
7.040000000000000000e+02 4.095690000000000164e-01 4.530779999999999808e-01 5.078709999999999614e-01
7.050000000000000000e+02 4.095820000000000016e-01 4.530680000000000263e-01 5.078859999999999486e-01
7.060000000000000000e+02 4.095980000000000176e-01 4.530660000000000243e-01 5.079000000000000181e-01
7.070000000000000000e+02 4.096150000000000069e-01 4.530680000000000263e-01 5.079150000000000054e-01
7.080000000000000000e+02 4.096239999999999881e-01 4.530649999999999955e-01 5.079219999999999846e-01
7.090000000000000000e+02 4.096290000000000209e-01 4.530609999999999915e-01 5.079280000000000461e-01
7.100000000000000000e+02 4.096360000000000001e-01 4.530580000000000163e-01 5.079320000000000501e-01
7.110000000000000000e+02 4.096409999999999774e-01 4.530569999999999875e-01 5.079369999999999719e-01
7.120000000000000000e+02 4.096429999999999794e-01 4.530569999999999875e-01 5.079399999999999471e-01
7.130000000000000000e+02 4.096409999999999774e-01 4.530540000000000123e-01 5.079380000000000006e-01
7.140000000000000000e+02 4.096400000000000041e-01 4.530520000000000103e-01 5.079369999999999719e-01
7.150000000000000000e+02 4.096400000000000041e-01 4.530520000000000103e-01 5.079369999999999719e-01
7.160000000000000000e+02 4.096400000000000041e-01 4.530520000000000103e-01 5.079369999999999719e-01
7.170000000000000000e+02 4.096400000000000041e-01 4.530520000000000103e-01 5.079369999999999719e-01
7.180000000000000000e+02 4.096400000000000041e-01 4.530520000000000103e-01 5.079369999999999719e-01
7.190000000000000000e+02 4.096400000000000041e-01 4.530520000000000103e-01 5.079369999999999719e-01
7.200000000000000000e+02 4.096400000000000041e-01 4.530520000000000103e-01 5.079369999999999719e-01
7.210000000000000000e+02 4.096400000000000041e-01 4.530520000000000103e-01 5.079369999999999719e-01
7.220000000000000000e+02 4.096400000000000041e-01 4.530520000000000103e-01 5.079369999999999719e-01
7.230000000000000000e+02 4.096400000000000041e-01 4.530520000000000103e-01 5.079369999999999719e-01
7.240000000000000000e+02 4.096400000000000041e-01 4.530520000000000103e-01 5.079369999999999719e-01
7.250000000000000000e+02 4.096400000000000041e-01 4.530520000000000103e-01 5.079369999999999719e-01
7.260000000000000000e+02 4.096400000000000041e-01 4.530520000000000103e-01 5.079369999999999719e-01
7.270000000000000000e+02 4.096400000000000041e-01 4.530520000000000103e-01 5.079369999999999719e-01
7.280000000000000000e+02 4.096400000000000041e-01 4.530520000000000103e-01 5.079369999999999719e-01
7.290000000000000000e+02 4.096400000000000041e-01 4.530520000000000103e-01 5.079369999999999719e-01
7.300000000000000000e+02 4.096400000000000041e-01 4.530520000000000103e-01 5.079369999999999719e-01
7.310000000000000000e+02 4.096400000000000041e-01 4.530520000000000103e-01 5.079369999999999719e-01
7.320000000000000000e+02 4.096400000000000041e-01 4.530520000000000103e-01 5.079369999999999719e-01
7.330000000000000000e+02 4.096400000000000041e-01 4.530520000000000103e-01 5.079369999999999719e-01
7.340000000000000000e+02 4.096400000000000041e-01 4.530520000000000103e-01 5.079369999999999719e-01
7.350000000000000000e+02 4.096400000000000041e-01 4.530520000000000103e-01 5.079369999999999719e-01
7.360000000000000000e+02 4.096400000000000041e-01 4.530520000000000103e-01 5.079369999999999719e-01
7.370000000000000000e+02 4.096400000000000041e-01 4.530520000000000103e-01 5.079369999999999719e-01
7.380000000000000000e+02 4.096400000000000041e-01 4.530520000000000103e-01 5.079369999999999719e-01
7.390000000000000000e+02 4.096400000000000041e-01 4.530520000000000103e-01 5.079369999999999719e-01
7.400000000000000000e+02 4.096400000000000041e-01 4.530520000000000103e-01 5.079369999999999719e-01
7.410000000000000000e+02 4.096400000000000041e-01 4.530520000000000103e-01 5.079369999999999719e-01
7.420000000000000000e+02 4.096400000000000041e-01 4.530520000000000103e-01 5.079369999999999719e-01
7.430000000000000000e+02 4.096400000000000041e-01 4.530520000000000103e-01 5.079369999999999719e-01
7.440000000000000000e+02 4.096400000000000041e-01 4.530520000000000103e-01 5.079369999999999719e-01
7.450000000000000000e+02 4.096400000000000041e-01 4.530520000000000103e-01 5.079369999999999719e-01
7.460000000000000000e+02 4.096400000000000041e-01 4.530520000000000103e-01 5.079369999999999719e-01
7.470000000000000000e+02 4.096400000000000041e-01 4.530520000000000103e-01 5.079369999999999719e-01
7.480000000000000000e+02 4.096400000000000041e-01 4.530520000000000103e-01 5.079369999999999719e-01
7.490000000000000000e+02 4.096400000000000041e-01 4.530520000000000103e-01 5.079369999999999719e-01
7.500000000000000000e+02 4.096400000000000041e-01 4.530520000000000103e-01 5.079369999999999719e-01
7.510000000000000000e+02 4.096400000000000041e-01 4.530520000000000103e-01 5.079369999999999719e-01
7.520000000000000000e+02 4.096400000000000041e-01 4.530520000000000103e-01 5.079369999999999719e-01
7.530000000000000000e+02 4.096400000000000041e-01 4.530520000000000103e-01 5.079369999999999719e-01
7.540000000000000000e+02 4.096400000000000041e-01 4.530520000000000103e-01 5.079369999999999719e-01
7.550000000000000000e+02 4.096400000000000041e-01 4.530520000000000103e-01 5.079369999999999719e-01
7.560000000000000000e+02 4.096400000000000041e-01 4.530520000000000103e-01 5.079369999999999719e-01
7.570000000000000000e+02 4.096400000000000041e-01 4.530520000000000103e-01 5.079369999999999719e-01
7.580000000000000000e+02 4.096400000000000041e-01 4.530520000000000103e-01 5.079369999999999719e-01
7.590000000000000000e+02 4.096400000000000041e-01 4.530520000000000103e-01 5.079369999999999719e-01
7.600000000000000000e+02 4.096400000000000041e-01 4.530520000000000103e-01 5.079369999999999719e-01
7.610000000000000000e+02 4.096400000000000041e-01 4.530520000000000103e-01 5.079369999999999719e-01
7.620000000000000000e+02 4.096400000000000041e-01 4.530520000000000103e-01 5.079369999999999719e-01
7.630000000000000000e+02 4.096400000000000041e-01 4.530520000000000103e-01 5.079369999999999719e-01
7.640000000000000000e+02 4.096400000000000041e-01 4.530520000000000103e-01 5.079369999999999719e-01
7.650000000000000000e+02 4.096400000000000041e-01 4.530520000000000103e-01 5.079369999999999719e-01
7.660000000000000000e+02 4.096400000000000041e-01 4.530520000000000103e-01 5.079369999999999719e-01
7.670000000000000000e+02 4.096400000000000041e-01 4.530520000000000103e-01 5.079369999999999719e-01
7.680000000000000000e+02 4.096400000000000041e-01 4.530520000000000103e-01 5.079369999999999719e-01
7.690000000000000000e+02 4.096400000000000041e-01 4.530520000000000103e-01 5.079369999999999719e-01
7.700000000000000000e+02 4.096400000000000041e-01 4.530520000000000103e-01 5.079369999999999719e-01
7.710000000000000000e+02 4.096400000000000041e-01 4.530520000000000103e-01 5.079369999999999719e-01
7.720000000000000000e+02 4.096400000000000041e-01 4.530520000000000103e-01 5.079369999999999719e-01
7.730000000000000000e+02 4.096400000000000041e-01 4.530520000000000103e-01 5.079369999999999719e-01
7.740000000000000000e+02 4.096400000000000041e-01 4.530520000000000103e-01 5.079369999999999719e-01
7.750000000000000000e+02 4.096400000000000041e-01 4.530520000000000103e-01 5.079369999999999719e-01
7.760000000000000000e+02 4.096400000000000041e-01 4.530520000000000103e-01 5.079369999999999719e-01
7.770000000000000000e+02 4.096400000000000041e-01 4.530520000000000103e-01 5.079369999999999719e-01
7.780000000000000000e+02 4.096400000000000041e-01 4.530520000000000103e-01 5.079369999999999719e-01
7.790000000000000000e+02 4.096400000000000041e-01 4.530520000000000103e-01 5.079369999999999719e-01
7.800000000000000000e+02 4.096400000000000041e-01 4.530520000000000103e-01 5.079369999999999719e-01
7.810000000000000000e+02 4.096400000000000041e-01 4.530520000000000103e-01 5.079369999999999719e-01
7.820000000000000000e+02 4.096400000000000041e-01 4.530520000000000103e-01 5.079369999999999719e-01
7.830000000000000000e+02 4.096400000000000041e-01 4.530520000000000103e-01 5.079369999999999719e-01
7.840000000000000000e+02 4.096400000000000041e-01 4.530520000000000103e-01 5.079369999999999719e-01
7.850000000000000000e+02 4.096400000000000041e-01 4.530520000000000103e-01 5.079369999999999719e-01
7.860000000000000000e+02 4.096400000000000041e-01 4.530520000000000103e-01 5.079369999999999719e-01
7.870000000000000000e+02 4.096400000000000041e-01 4.530520000000000103e-01 5.079369999999999719e-01
7.880000000000000000e+02 4.096400000000000041e-01 4.530520000000000103e-01 5.079369999999999719e-01
7.890000000000000000e+02 4.096400000000000041e-01 4.530520000000000103e-01 5.079369999999999719e-01
7.900000000000000000e+02 4.096400000000000041e-01 4.530520000000000103e-01 5.079369999999999719e-01
7.910000000000000000e+02 4.096400000000000041e-01 4.530520000000000103e-01 5.079369999999999719e-01
7.920000000000000000e+02 4.096400000000000041e-01 4.530520000000000103e-01 5.079369999999999719e-01
7.930000000000000000e+02 4.096400000000000041e-01 4.530520000000000103e-01 5.079369999999999719e-01
7.940000000000000000e+02 4.096400000000000041e-01 4.530520000000000103e-01 5.079369999999999719e-01
7.950000000000000000e+02 4.096400000000000041e-01 4.530520000000000103e-01 5.079369999999999719e-01
7.960000000000000000e+02 4.096400000000000041e-01 4.530520000000000103e-01 5.079369999999999719e-01
7.970000000000000000e+02 4.096400000000000041e-01 4.530520000000000103e-01 5.079369999999999719e-01
7.980000000000000000e+02 4.096400000000000041e-01 4.530520000000000103e-01 5.079369999999999719e-01
7.990000000000000000e+02 4.096400000000000041e-01 4.530520000000000103e-01 5.079369999999999719e-01
8.000000000000000000e+02 4.096400000000000041e-01 4.530520000000000103e-01 5.079369999999999719e-01
8.010000000000000000e+02 4.096400000000000041e-01 4.530520000000000103e-01 5.079369999999999719e-01
8.020000000000000000e+02 4.096400000000000041e-01 4.530520000000000103e-01 5.079369999999999719e-01
8.030000000000000000e+02 4.096400000000000041e-01 4.530520000000000103e-01 5.079369999999999719e-01
8.040000000000000000e+02 4.096400000000000041e-01 4.530520000000000103e-01 5.079369999999999719e-01
8.050000000000000000e+02 4.096400000000000041e-01 4.530520000000000103e-01 5.079369999999999719e-01
8.060000000000000000e+02 4.096400000000000041e-01 4.530520000000000103e-01 5.079369999999999719e-01
8.070000000000000000e+02 4.096400000000000041e-01 4.530520000000000103e-01 5.079369999999999719e-01
8.080000000000000000e+02 4.096400000000000041e-01 4.530520000000000103e-01 5.079369999999999719e-01
8.090000000000000000e+02 4.096400000000000041e-01 4.530520000000000103e-01 5.079369999999999719e-01
8.100000000000000000e+02 4.096400000000000041e-01 4.530520000000000103e-01 5.079369999999999719e-01
8.110000000000000000e+02 4.096400000000000041e-01 4.530520000000000103e-01 5.079369999999999719e-01
8.120000000000000000e+02 4.096400000000000041e-01 4.530520000000000103e-01 5.079369999999999719e-01
8.130000000000000000e+02 4.096400000000000041e-01 4.530520000000000103e-01 5.079369999999999719e-01
8.140000000000000000e+02 4.096400000000000041e-01 4.530520000000000103e-01 5.079369999999999719e-01
8.150000000000000000e+02 4.096400000000000041e-01 4.530520000000000103e-01 5.079369999999999719e-01
8.160000000000000000e+02 4.096400000000000041e-01 4.530520000000000103e-01 5.079369999999999719e-01
8.170000000000000000e+02 4.096400000000000041e-01 4.530520000000000103e-01 5.079369999999999719e-01
8.180000000000000000e+02 4.096400000000000041e-01 4.530520000000000103e-01 5.079369999999999719e-01
8.190000000000000000e+02 4.096400000000000041e-01 4.530520000000000103e-01 5.079369999999999719e-01
8.200000000000000000e+02 4.096400000000000041e-01 4.530520000000000103e-01 5.079369999999999719e-01
8.210000000000000000e+02 4.096400000000000041e-01 4.530520000000000103e-01 5.079369999999999719e-01
8.220000000000000000e+02 4.096400000000000041e-01 4.530520000000000103e-01 5.079369999999999719e-01
8.230000000000000000e+02 4.096400000000000041e-01 4.530520000000000103e-01 5.079369999999999719e-01
8.240000000000000000e+02 4.096400000000000041e-01 4.530520000000000103e-01 5.079369999999999719e-01
8.250000000000000000e+02 4.096400000000000041e-01 4.530520000000000103e-01 5.079369999999999719e-01
8.260000000000000000e+02 4.096400000000000041e-01 4.530520000000000103e-01 5.079369999999999719e-01
8.270000000000000000e+02 4.096400000000000041e-01 4.530520000000000103e-01 5.079369999999999719e-01
8.280000000000000000e+02 4.096400000000000041e-01 4.530520000000000103e-01 5.079369999999999719e-01
8.290000000000000000e+02 4.096400000000000041e-01 4.530520000000000103e-01 5.079369999999999719e-01
8.300000000000000000e+02 4.096400000000000041e-01 4.530520000000000103e-01 5.079369999999999719e-01
8.310000000000000000e+02 4.096400000000000041e-01 4.530520000000000103e-01 5.079369999999999719e-01
8.320000000000000000e+02 4.096400000000000041e-01 4.530520000000000103e-01 5.079369999999999719e-01
8.330000000000000000e+02 4.096400000000000041e-01 4.530520000000000103e-01 5.079369999999999719e-01
8.340000000000000000e+02 4.096400000000000041e-01 4.530520000000000103e-01 5.079369999999999719e-01
8.350000000000000000e+02 4.096400000000000041e-01 4.530520000000000103e-01 5.079369999999999719e-01
8.360000000000000000e+02 4.096400000000000041e-01 4.530520000000000103e-01 5.079369999999999719e-01
8.370000000000000000e+02 4.096400000000000041e-01 4.530520000000000103e-01 5.079369999999999719e-01
8.380000000000000000e+02 4.096400000000000041e-01 4.530520000000000103e-01 5.079369999999999719e-01
8.390000000000000000e+02 4.096400000000000041e-01 4.530520000000000103e-01 5.079369999999999719e-01
8.400000000000000000e+02 4.096400000000000041e-01 4.530520000000000103e-01 5.079369999999999719e-01
8.410000000000000000e+02 4.096400000000000041e-01 4.530520000000000103e-01 5.079369999999999719e-01
8.420000000000000000e+02 4.096400000000000041e-01 4.530520000000000103e-01 5.079369999999999719e-01
8.430000000000000000e+02 4.096400000000000041e-01 4.530520000000000103e-01 5.079369999999999719e-01
8.440000000000000000e+02 4.096400000000000041e-01 4.530520000000000103e-01 5.079369999999999719e-01
8.450000000000000000e+02 4.096400000000000041e-01 4.530520000000000103e-01 5.079369999999999719e-01
8.460000000000000000e+02 4.096400000000000041e-01 4.530520000000000103e-01 5.079369999999999719e-01
8.470000000000000000e+02 4.096400000000000041e-01 4.530520000000000103e-01 5.079369999999999719e-01
8.480000000000000000e+02 4.096400000000000041e-01 4.530520000000000103e-01 5.079369999999999719e-01
8.490000000000000000e+02 4.096400000000000041e-01 4.530520000000000103e-01 5.079369999999999719e-01
8.500000000000000000e+02 4.096400000000000041e-01 4.530520000000000103e-01 5.079369999999999719e-01
8.510000000000000000e+02 4.096400000000000041e-01 4.530520000000000103e-01 5.079369999999999719e-01
8.520000000000000000e+02 4.096400000000000041e-01 4.530520000000000103e-01 5.079369999999999719e-01
8.530000000000000000e+02 4.096400000000000041e-01 4.530520000000000103e-01 5.079369999999999719e-01
8.540000000000000000e+02 4.096400000000000041e-01 4.530520000000000103e-01 5.079369999999999719e-01
8.550000000000000000e+02 4.096400000000000041e-01 4.530520000000000103e-01 5.079369999999999719e-01
8.560000000000000000e+02 4.096400000000000041e-01 4.530520000000000103e-01 5.079369999999999719e-01
8.570000000000000000e+02 4.096400000000000041e-01 4.530520000000000103e-01 5.079369999999999719e-01
8.580000000000000000e+02 4.096400000000000041e-01 4.530520000000000103e-01 5.079369999999999719e-01
8.590000000000000000e+02 4.096400000000000041e-01 4.530520000000000103e-01 5.079369999999999719e-01
8.600000000000000000e+02 4.096400000000000041e-01 4.530520000000000103e-01 5.079369999999999719e-01
8.610000000000000000e+02 4.096400000000000041e-01 4.530520000000000103e-01 5.079369999999999719e-01
8.620000000000000000e+02 4.096400000000000041e-01 4.530520000000000103e-01 5.079369999999999719e-01
8.630000000000000000e+02 4.096400000000000041e-01 4.530520000000000103e-01 5.079369999999999719e-01
8.640000000000000000e+02 4.096400000000000041e-01 4.530520000000000103e-01 5.079369999999999719e-01
8.650000000000000000e+02 4.096400000000000041e-01 4.530520000000000103e-01 5.079369999999999719e-01
8.660000000000000000e+02 4.096400000000000041e-01 4.530520000000000103e-01 5.079369999999999719e-01
8.670000000000000000e+02 4.096400000000000041e-01 4.530520000000000103e-01 5.079369999999999719e-01
8.680000000000000000e+02 4.096400000000000041e-01 4.530520000000000103e-01 5.079369999999999719e-01
8.690000000000000000e+02 4.096400000000000041e-01 4.530520000000000103e-01 5.079369999999999719e-01
8.700000000000000000e+02 4.096400000000000041e-01 4.530520000000000103e-01 5.079369999999999719e-01
8.710000000000000000e+02 4.096400000000000041e-01 4.530520000000000103e-01 5.079369999999999719e-01
8.720000000000000000e+02 4.096400000000000041e-01 4.530520000000000103e-01 5.079369999999999719e-01
8.730000000000000000e+02 4.096400000000000041e-01 4.530520000000000103e-01 5.079369999999999719e-01
8.740000000000000000e+02 4.096400000000000041e-01 4.530520000000000103e-01 5.079369999999999719e-01
8.750000000000000000e+02 4.096400000000000041e-01 4.530520000000000103e-01 5.079369999999999719e-01
8.760000000000000000e+02 4.096400000000000041e-01 4.530520000000000103e-01 5.079369999999999719e-01
8.770000000000000000e+02 4.096400000000000041e-01 4.530520000000000103e-01 5.079369999999999719e-01
8.780000000000000000e+02 4.096400000000000041e-01 4.530520000000000103e-01 5.079369999999999719e-01
8.790000000000000000e+02 4.096400000000000041e-01 4.530520000000000103e-01 5.079369999999999719e-01
8.800000000000000000e+02 4.096400000000000041e-01 4.530520000000000103e-01 5.079369999999999719e-01
8.810000000000000000e+02 4.096400000000000041e-01 4.530520000000000103e-01 5.079369999999999719e-01
8.820000000000000000e+02 4.096400000000000041e-01 4.530520000000000103e-01 5.079369999999999719e-01
8.830000000000000000e+02 4.096400000000000041e-01 4.530520000000000103e-01 5.079369999999999719e-01
8.840000000000000000e+02 4.096400000000000041e-01 4.530520000000000103e-01 5.079369999999999719e-01
8.850000000000000000e+02 4.096400000000000041e-01 4.530520000000000103e-01 5.079369999999999719e-01
8.860000000000000000e+02 4.096400000000000041e-01 4.530520000000000103e-01 5.079369999999999719e-01
8.870000000000000000e+02 4.096400000000000041e-01 4.530520000000000103e-01 5.079369999999999719e-01
8.880000000000000000e+02 4.096400000000000041e-01 4.530520000000000103e-01 5.079369999999999719e-01
8.890000000000000000e+02 4.096400000000000041e-01 4.530520000000000103e-01 5.079369999999999719e-01
8.900000000000000000e+02 4.096400000000000041e-01 4.530520000000000103e-01 5.079369999999999719e-01
8.910000000000000000e+02 4.096400000000000041e-01 4.530520000000000103e-01 5.079369999999999719e-01
8.920000000000000000e+02 4.096400000000000041e-01 4.530520000000000103e-01 5.079369999999999719e-01
8.930000000000000000e+02 4.096400000000000041e-01 4.530520000000000103e-01 5.079369999999999719e-01
8.940000000000000000e+02 4.096400000000000041e-01 4.530520000000000103e-01 5.079369999999999719e-01
8.950000000000000000e+02 4.096400000000000041e-01 4.530520000000000103e-01 5.079369999999999719e-01
8.960000000000000000e+02 4.096400000000000041e-01 4.530520000000000103e-01 5.079369999999999719e-01
8.970000000000000000e+02 4.096400000000000041e-01 4.530520000000000103e-01 5.079369999999999719e-01
8.980000000000000000e+02 4.096400000000000041e-01 4.530520000000000103e-01 5.079369999999999719e-01
8.990000000000000000e+02 4.096400000000000041e-01 4.530520000000000103e-01 5.079369999999999719e-01
9.000000000000000000e+02 4.096400000000000041e-01 4.530520000000000103e-01 5.079369999999999719e-01
9.010000000000000000e+02 4.096400000000000041e-01 4.530520000000000103e-01 5.079369999999999719e-01
9.020000000000000000e+02 4.096400000000000041e-01 4.530520000000000103e-01 5.079369999999999719e-01
9.030000000000000000e+02 4.096400000000000041e-01 4.530520000000000103e-01 5.079369999999999719e-01
9.040000000000000000e+02 4.096400000000000041e-01 4.530520000000000103e-01 5.079369999999999719e-01
9.050000000000000000e+02 4.096400000000000041e-01 4.530520000000000103e-01 5.079369999999999719e-01
9.060000000000000000e+02 4.096400000000000041e-01 4.530520000000000103e-01 5.079369999999999719e-01
9.070000000000000000e+02 4.096400000000000041e-01 4.530520000000000103e-01 5.079369999999999719e-01
9.080000000000000000e+02 4.096400000000000041e-01 4.530520000000000103e-01 5.079369999999999719e-01
9.090000000000000000e+02 4.096400000000000041e-01 4.530520000000000103e-01 5.079369999999999719e-01
9.100000000000000000e+02 4.096400000000000041e-01 4.530520000000000103e-01 5.079369999999999719e-01
9.110000000000000000e+02 4.096400000000000041e-01 4.530520000000000103e-01 5.079369999999999719e-01
9.120000000000000000e+02 4.096400000000000041e-01 4.530520000000000103e-01 5.079369999999999719e-01
9.130000000000000000e+02 4.096400000000000041e-01 4.530520000000000103e-01 5.079369999999999719e-01
9.140000000000000000e+02 4.096400000000000041e-01 4.530520000000000103e-01 5.079369999999999719e-01
9.150000000000000000e+02 4.096400000000000041e-01 4.530520000000000103e-01 5.079369999999999719e-01
9.160000000000000000e+02 4.096400000000000041e-01 4.530520000000000103e-01 5.079369999999999719e-01
9.170000000000000000e+02 4.096400000000000041e-01 4.530520000000000103e-01 5.079369999999999719e-01
9.180000000000000000e+02 4.096400000000000041e-01 4.530520000000000103e-01 5.079369999999999719e-01
9.190000000000000000e+02 4.096400000000000041e-01 4.530520000000000103e-01 5.079369999999999719e-01
9.200000000000000000e+02 4.096400000000000041e-01 4.530520000000000103e-01 5.079369999999999719e-01
9.210000000000000000e+02 4.096400000000000041e-01 4.530520000000000103e-01 5.079369999999999719e-01
9.220000000000000000e+02 4.096400000000000041e-01 4.530520000000000103e-01 5.079369999999999719e-01
9.230000000000000000e+02 4.096400000000000041e-01 4.530520000000000103e-01 5.079369999999999719e-01
9.240000000000000000e+02 4.096400000000000041e-01 4.530520000000000103e-01 5.079369999999999719e-01
9.250000000000000000e+02 4.096400000000000041e-01 4.530520000000000103e-01 5.079369999999999719e-01
9.260000000000000000e+02 4.096400000000000041e-01 4.530520000000000103e-01 5.079369999999999719e-01
9.270000000000000000e+02 4.096400000000000041e-01 4.530520000000000103e-01 5.079369999999999719e-01
9.280000000000000000e+02 4.096400000000000041e-01 4.530520000000000103e-01 5.079369999999999719e-01
9.290000000000000000e+02 4.096400000000000041e-01 4.530520000000000103e-01 5.079369999999999719e-01
9.300000000000000000e+02 4.096400000000000041e-01 4.530520000000000103e-01 5.079369999999999719e-01
9.310000000000000000e+02 4.096400000000000041e-01 4.530520000000000103e-01 5.079369999999999719e-01
9.320000000000000000e+02 4.096400000000000041e-01 4.530520000000000103e-01 5.079369999999999719e-01
9.330000000000000000e+02 4.096400000000000041e-01 4.530520000000000103e-01 5.079369999999999719e-01
9.340000000000000000e+02 4.096400000000000041e-01 4.530520000000000103e-01 5.079369999999999719e-01
9.350000000000000000e+02 4.096400000000000041e-01 4.530520000000000103e-01 5.079369999999999719e-01
9.360000000000000000e+02 4.096400000000000041e-01 4.530520000000000103e-01 5.079369999999999719e-01
9.370000000000000000e+02 4.096400000000000041e-01 4.530520000000000103e-01 5.079369999999999719e-01
9.380000000000000000e+02 4.096400000000000041e-01 4.530520000000000103e-01 5.079369999999999719e-01
9.390000000000000000e+02 4.096400000000000041e-01 4.530520000000000103e-01 5.079369999999999719e-01
9.400000000000000000e+02 4.096400000000000041e-01 4.530520000000000103e-01 5.079369999999999719e-01
9.410000000000000000e+02 4.096400000000000041e-01 4.530520000000000103e-01 5.079369999999999719e-01
9.420000000000000000e+02 4.096400000000000041e-01 4.530520000000000103e-01 5.079369999999999719e-01
9.430000000000000000e+02 4.096400000000000041e-01 4.530520000000000103e-01 5.079369999999999719e-01
9.440000000000000000e+02 4.096400000000000041e-01 4.530520000000000103e-01 5.079369999999999719e-01
9.450000000000000000e+02 4.096400000000000041e-01 4.530520000000000103e-01 5.079369999999999719e-01
9.460000000000000000e+02 4.096400000000000041e-01 4.530520000000000103e-01 5.079369999999999719e-01
9.470000000000000000e+02 4.096400000000000041e-01 4.530520000000000103e-01 5.079369999999999719e-01
9.480000000000000000e+02 4.096400000000000041e-01 4.530520000000000103e-01 5.079369999999999719e-01
9.490000000000000000e+02 4.096400000000000041e-01 4.530520000000000103e-01 5.079369999999999719e-01
9.500000000000000000e+02 4.096400000000000041e-01 4.530520000000000103e-01 5.079369999999999719e-01
9.510000000000000000e+02 4.096400000000000041e-01 4.530520000000000103e-01 5.079369999999999719e-01
9.520000000000000000e+02 4.096400000000000041e-01 4.530520000000000103e-01 5.079369999999999719e-01
9.530000000000000000e+02 4.096400000000000041e-01 4.530520000000000103e-01 5.079369999999999719e-01
9.540000000000000000e+02 4.096400000000000041e-01 4.530520000000000103e-01 5.079369999999999719e-01
9.550000000000000000e+02 4.096400000000000041e-01 4.530520000000000103e-01 5.079369999999999719e-01
9.560000000000000000e+02 4.096400000000000041e-01 4.530520000000000103e-01 5.079369999999999719e-01
9.570000000000000000e+02 4.096400000000000041e-01 4.530520000000000103e-01 5.079369999999999719e-01
9.580000000000000000e+02 4.096400000000000041e-01 4.530520000000000103e-01 5.079369999999999719e-01
9.590000000000000000e+02 4.096400000000000041e-01 4.530520000000000103e-01 5.079369999999999719e-01
9.600000000000000000e+02 4.096400000000000041e-01 4.530520000000000103e-01 5.079369999999999719e-01
9.610000000000000000e+02 4.096400000000000041e-01 4.530520000000000103e-01 5.079369999999999719e-01
9.620000000000000000e+02 4.096400000000000041e-01 4.530520000000000103e-01 5.079369999999999719e-01
9.630000000000000000e+02 4.096400000000000041e-01 4.530520000000000103e-01 5.079369999999999719e-01
9.640000000000000000e+02 4.096400000000000041e-01 4.530520000000000103e-01 5.079369999999999719e-01
9.650000000000000000e+02 4.096400000000000041e-01 4.530520000000000103e-01 5.079369999999999719e-01
9.660000000000000000e+02 4.096400000000000041e-01 4.530520000000000103e-01 5.079369999999999719e-01
9.670000000000000000e+02 4.096400000000000041e-01 4.530520000000000103e-01 5.079369999999999719e-01
9.680000000000000000e+02 4.096400000000000041e-01 4.530520000000000103e-01 5.079369999999999719e-01
9.690000000000000000e+02 4.096400000000000041e-01 4.530520000000000103e-01 5.079369999999999719e-01
9.700000000000000000e+02 4.096400000000000041e-01 4.530520000000000103e-01 5.079369999999999719e-01
9.710000000000000000e+02 4.096400000000000041e-01 4.530520000000000103e-01 5.079369999999999719e-01
9.720000000000000000e+02 4.096400000000000041e-01 4.530520000000000103e-01 5.079369999999999719e-01
9.730000000000000000e+02 4.096400000000000041e-01 4.530520000000000103e-01 5.079369999999999719e-01
9.740000000000000000e+02 4.096400000000000041e-01 4.530520000000000103e-01 5.079369999999999719e-01
9.750000000000000000e+02 4.096400000000000041e-01 4.530520000000000103e-01 5.079369999999999719e-01
9.760000000000000000e+02 4.096400000000000041e-01 4.530520000000000103e-01 5.079369999999999719e-01
9.770000000000000000e+02 4.096400000000000041e-01 4.530520000000000103e-01 5.079369999999999719e-01
9.780000000000000000e+02 4.096400000000000041e-01 4.530520000000000103e-01 5.079369999999999719e-01
9.790000000000000000e+02 4.096400000000000041e-01 4.530520000000000103e-01 5.079369999999999719e-01
9.800000000000000000e+02 4.096400000000000041e-01 4.530520000000000103e-01 5.079369999999999719e-01
9.810000000000000000e+02 4.096400000000000041e-01 4.530520000000000103e-01 5.079369999999999719e-01
9.820000000000000000e+02 4.096400000000000041e-01 4.530520000000000103e-01 5.079369999999999719e-01
9.830000000000000000e+02 4.096400000000000041e-01 4.530520000000000103e-01 5.079369999999999719e-01
9.840000000000000000e+02 4.096400000000000041e-01 4.530520000000000103e-01 5.079369999999999719e-01
9.850000000000000000e+02 4.096400000000000041e-01 4.530520000000000103e-01 5.079369999999999719e-01
9.860000000000000000e+02 4.096400000000000041e-01 4.530520000000000103e-01 5.079369999999999719e-01
9.870000000000000000e+02 4.096400000000000041e-01 4.530520000000000103e-01 5.079369999999999719e-01
9.880000000000000000e+02 4.096400000000000041e-01 4.530520000000000103e-01 5.079369999999999719e-01
9.890000000000000000e+02 4.096400000000000041e-01 4.530520000000000103e-01 5.079369999999999719e-01
9.900000000000000000e+02 4.096400000000000041e-01 4.530520000000000103e-01 5.079369999999999719e-01
9.910000000000000000e+02 4.096400000000000041e-01 4.530520000000000103e-01 5.079369999999999719e-01
9.920000000000000000e+02 4.096400000000000041e-01 4.530520000000000103e-01 5.079369999999999719e-01
9.930000000000000000e+02 4.096400000000000041e-01 4.530520000000000103e-01 5.079369999999999719e-01
9.940000000000000000e+02 4.096400000000000041e-01 4.530520000000000103e-01 5.079369999999999719e-01
9.950000000000000000e+02 4.096400000000000041e-01 4.530520000000000103e-01 5.079369999999999719e-01
9.960000000000000000e+02 4.096400000000000041e-01 4.530520000000000103e-01 5.079369999999999719e-01
9.970000000000000000e+02 4.096400000000000041e-01 4.530520000000000103e-01 5.079369999999999719e-01
9.980000000000000000e+02 4.096400000000000041e-01 4.530520000000000103e-01 5.079369999999999719e-01
9.990000000000000000e+02 4.096400000000000041e-01 4.530520000000000103e-01 5.079369999999999719e-01
1.000000000000000000e+03 4.096400000000000041e-01 4.530520000000000103e-01 5.079369999999999719e-01
1.001000000000000000e+03 4.096400000000000041e-01 4.530520000000000103e-01 5.079369999999999719e-01
1.002000000000000000e+03 4.096400000000000041e-01 4.530520000000000103e-01 5.079369999999999719e-01
1.003000000000000000e+03 4.096400000000000041e-01 4.530520000000000103e-01 5.079369999999999719e-01
1.004000000000000000e+03 4.096400000000000041e-01 4.530520000000000103e-01 5.079369999999999719e-01
1.005000000000000000e+03 4.096400000000000041e-01 4.530520000000000103e-01 5.079369999999999719e-01
1.006000000000000000e+03 4.096400000000000041e-01 4.530520000000000103e-01 5.079369999999999719e-01
1.007000000000000000e+03 4.096400000000000041e-01 4.530520000000000103e-01 5.079369999999999719e-01
1.008000000000000000e+03 4.096400000000000041e-01 4.530520000000000103e-01 5.079369999999999719e-01
1.009000000000000000e+03 4.096400000000000041e-01 4.530520000000000103e-01 5.079369999999999719e-01
