1.000000000000000000e+01 -3.764200000000000185e-02 -6.705000000000000022e-03 3.782800000000000051e-02
1.100000000000000000e+01 -5.090399999999999786e-02 -2.200999999999999832e-03 4.743399999999999700e-02
1.200000000000000000e+01 -4.517299999999999788e-02 5.209000000000000088e-03 5.291799999999999976e-02
1.300000000000000000e+01 -4.366600000000000342e-02 7.067999999999999630e-03 5.419299999999999812e-02
1.400000000000000000e+01 -4.520400000000000112e-02 6.132000000000000298e-03 5.313899999999999874e-02
1.500000000000000000e+01 -4.775800000000000184e-02 4.451000000000000095e-03 5.128699999999999926e-02
1.600000000000000000e+01 -4.547999999999999959e-02 7.086000000000000285e-03 5.379699999999999760e-02
1.700000000000000000e+01 -3.919000000000000261e-02 1.312699999999999978e-02 6.022099999999999675e-02
1.800000000000000000e+01 -3.332800000000000346e-02 1.801300000000000123e-02 6.595199999999999674e-02
1.900000000000000000e+01 -2.936400000000000121e-02 2.132600000000000121e-02 6.976699999999999569e-02
2.000000000000000000e+01 -2.421099999999999988e-02 2.612700000000000092e-02 7.492300000000000348e-02
2.100000000000000000e+01 -1.730100000000000041e-02 3.260300000000000004e-02 8.223300000000000054e-02
2.200000000000000000e+01 -1.371299999999999950e-02 3.627400000000000069e-02 8.639900000000000357e-02
2.300000000000000000e+01 -1.019399999999999994e-02 3.995400000000000340e-02 8.980000000000000482e-02
2.400000000000000000e+01 -5.501999999999999946e-03 4.463000000000000300e-02 9.434199999999999531e-02
2.500000000000000000e+01 -2.152999999999999966e-03 4.795599999999999863e-02 9.772699999999999443e-02
2.600000000000000000e+01 1.632999999999999903e-03 5.190100000000000269e-02 1.014700000000000046e-01
2.700000000000000000e+01 4.805000000000000243e-03 5.525800000000000156e-02 1.045920000000000044e-01
2.800000000000000000e+01 7.466999999999999679e-03 5.798699999999999688e-02 1.072919999999999985e-01
2.900000000000000000e+01 1.123299999999999993e-02 6.163699999999999735e-02 1.111540000000000028e-01
3.000000000000000000e+01 1.497000000000000067e-02 6.506699999999999984e-02 1.149909999999999960e-01
3.100000000000000000e+01 1.916999999999999954e-02 6.912200000000000288e-02 1.193779999999999980e-01
3.200000000000000000e+01 2.533300000000000135e-02 7.515099999999999558e-02 1.256849999999999912e-01
3.300000000000000000e+01 2.911499999999999852e-02 7.885999999999999954e-02 1.295439999999999925e-01
3.400000000000000000e+01 2.965500000000000080e-02 7.947099999999999997e-02 1.301239999999999897e-01
3.500000000000000000e+01 3.114300000000000054e-02 8.105700000000000405e-02 1.315250000000000030e-01
3.600000000000000000e+01 3.385599999999999721e-02 8.381299999999999861e-02 1.342309999999999892e-01
3.700000000000000000e+01 3.632799999999999918e-02 8.627600000000000546e-02 1.367680000000000007e-01
3.800000000000000000e+01 4.033300000000000080e-02 9.024100000000000177e-02 1.408310000000000117e-01
3.900000000000000000e+01 4.560499999999999970e-02 9.538499999999999757e-02 1.462009999999999976e-01
4.000000000000000000e+01 5.002999999999999808e-02 9.962899999999999534e-02 1.507169999999999899e-01
4.100000000000000000e+01 5.403399999999999870e-02 1.034289999999999932e-01 1.548180000000000112e-01
4.200000000000000000e+01 5.688100000000000100e-02 1.062479999999999952e-01 1.577099999999999891e-01
4.300000000000000000e+01 5.924000000000000099e-02 1.087589999999999946e-01 1.600900000000000101e-01
4.400000000000000000e+01 6.185399999999999926e-02 1.115069999999999950e-01 1.627909999999999913e-01
4.500000000000000000e+01 6.377399999999999736e-02 1.134639999999999954e-01 1.647770000000000068e-01
4.600000000000000000e+01 6.566600000000000215e-02 1.153349999999999931e-01 1.666529999999999956e-01
4.700000000000000000e+01 6.937899999999999623e-02 1.189520000000000022e-01 1.704150000000000109e-01
4.800000000000000000e+01 7.385300000000000198e-02 1.233169999999999961e-01 1.750249999999999861e-01
4.900000000000000000e+01 7.774999999999999967e-02 1.271490000000000120e-01 1.790160000000000085e-01
5.000000000000000000e+01 8.103200000000000680e-02 1.303799999999999959e-01 1.823649999999999993e-01
5.100000000000000000e+01 8.384300000000000086e-02 1.331890000000000018e-01 1.852399999999999880e-01
5.200000000000000000e+01 8.708799999999999875e-02 1.364319999999999977e-01 1.885809999999999986e-01
5.300000000000000000e+01 9.038899999999999713e-02 1.397039999999999949e-01 1.919599999999999917e-01
5.400000000000000000e+01 9.225400000000000267e-02 1.415829999999999866e-01 1.938459999999999905e-01
5.500000000000000000e+01 9.348299999999999665e-02 1.428689999999999960e-01 1.950620000000000132e-01
5.600000000000000000e+01 9.605600000000000249e-02 1.454350000000000087e-01 1.976590000000000014e-01
5.700000000000000000e+01 9.996900000000000230e-02 1.492509999999999948e-01 2.016850000000000032e-01
5.800000000000000000e+01 1.043619999999999964e-01 1.535050000000000026e-01 2.061820000000000042e-01
5.900000000000000000e+01 1.082369999999999999e-01 1.572770000000000001e-01 2.101030000000000120e-01
6.000000000000000000e+01 1.119620000000000060e-01 1.609460000000000057e-01 2.138529999999999875e-01
6.100000000000000000e+01 1.153679999999999983e-01 1.643469999999999931e-01 2.172550000000000037e-01
6.200000000000000000e+01 1.179079999999999989e-01 1.669100000000000028e-01 2.197699999999999931e-01
6.300000000000000000e+01 1.197389999999999982e-01 1.687500000000000111e-01 2.216019999999999934e-01
6.400000000000000000e+01 1.215299999999999991e-01 1.705440000000000011e-01 2.233900000000000052e-01
6.500000000000000000e+01 1.242589999999999945e-01 1.732380000000000031e-01 2.261219999999999897e-01
6.600000000000000000e+01 1.275159999999999905e-01 1.764219999999999955e-01 2.294350000000000001e-01
6.700000000000000000e+01 1.310050000000000103e-01 1.798339999999999939e-01 2.329769999999999897e-01
6.800000000000000000e+01 1.343749999999999944e-01 1.831470000000000042e-01 2.363560000000000105e-01
6.900000000000000000e+01 1.375159999999999993e-01 1.862370000000000136e-01 2.394789999999999974e-01
7.000000000000000000e+01 1.407599999999999962e-01 1.894569999999999865e-01 2.426889999999999881e-01
7.100000000000000000e+01 1.432879999999999987e-01 1.919929999999999970e-01 2.451879999999999893e-01
7.200000000000000000e+01 1.448840000000000128e-01 1.935939999999999883e-01 2.467759999999999954e-01
7.300000000000000000e+01 1.470220000000000138e-01 1.957250000000000101e-01 2.489329999999999876e-01
7.400000000000000000e+01 1.499949999999999894e-01 1.986799999999999955e-01 2.519239999999999813e-01
7.500000000000000000e+01 1.532429999999999903e-01 2.018719999999999959e-01 2.551760000000000139e-01
7.600000000000000000e+01 1.568779999999999897e-01 2.054269999999999985e-01 2.587900000000000200e-01
7.700000000000000000e+01 1.604260000000000130e-01 2.089159999999999906e-01 2.623219999999999996e-01
7.800000000000000000e+01 1.633779999999999955e-01 2.118400000000000005e-01 2.652660000000000018e-01
7.900000000000000000e+01 1.658290000000000042e-01 2.142799999999999983e-01 2.677050000000000263e-01
8.000000000000000000e+01 1.676809999999999967e-01 2.161299999999999888e-01 2.695449999999999791e-01
8.100000000000000000e+01 1.692770000000000108e-01 2.177370000000000139e-01 2.711239999999999761e-01
8.200000000000000000e+01 1.714769999999999905e-01 2.199389999999999956e-01 2.733019999999999894e-01
8.300000000000000000e+01 1.745939999999999992e-01 2.230340000000000100e-01 2.763990000000000058e-01
8.400000000000000000e+01 1.776979999999999948e-01 2.260909999999999864e-01 2.794900000000000162e-01
8.500000000000000000e+01 1.807300000000000018e-01 2.290520000000000056e-01 2.825130000000000141e-01
8.600000000000000000e+01 1.837940000000000129e-01 2.320480000000000043e-01 2.855750000000000233e-01
8.700000000000000000e+01 1.859679999999999944e-01 2.341840000000000033e-01 2.877379999999999938e-01
8.800000000000000000e+01 1.879020000000000135e-01 2.361159999999999926e-01 2.896549999999999958e-01
8.900000000000000000e+01 1.906760000000000121e-01 2.389060000000000072e-01 2.923859999999999792e-01
9.000000000000000000e+01 1.935679999999999901e-01 2.417960000000000109e-01 2.952310000000000212e-01
9.100000000000000000e+01 1.956799999999999928e-01 2.438889999999999947e-01 2.973310000000000120e-01
9.200000000000000000e+01 1.980979999999999963e-01 2.462749999999999939e-01 2.997380000000000044e-01
9.300000000000000000e+01 2.007359999999999978e-01 2.488720000000000099e-01 3.023629999999999929e-01
9.400000000000000000e+01 2.031779999999999975e-01 2.512739999999999974e-01 3.047989999999999866e-01
9.500000000000000000e+01 2.059120000000000117e-01 2.539739999999999776e-01 3.075160000000000116e-01
9.600000000000000000e+01 2.085110000000000019e-01 2.565740000000000243e-01 3.100859999999999728e-01
9.700000000000000000e+01 2.111709999999999976e-01 2.592280000000000140e-01 3.127050000000000107e-01
9.800000000000000000e+01 2.137670000000000126e-01 2.617979999999999752e-01 3.152639999999999887e-01
9.900000000000000000e+01 2.161510000000000098e-01 2.641530000000000267e-01 3.176300000000000234e-01
1.000000000000000000e+02 2.184999999999999998e-01 2.664819999999999967e-01 3.199649999999999994e-01
1.010000000000000000e+02 2.205850000000000033e-01 2.685609999999999942e-01 3.220299999999999829e-01
1.020000000000000000e+02 2.224500000000000088e-01 2.704199999999999937e-01 3.238759999999999972e-01
1.030000000000000000e+02 2.245240000000000014e-01 2.724909999999999832e-01 3.259259999999999935e-01
1.040000000000000000e+02 2.270850000000000091e-01 2.750469999999999859e-01 3.284569999999999990e-01
1.050000000000000000e+02 2.297780000000000100e-01 2.777270000000000016e-01 3.311189999999999967e-01
1.060000000000000000e+02 2.320260000000000100e-01 2.799619999999999886e-01 3.333360000000000212e-01
1.070000000000000000e+02 2.341010000000000035e-01 2.820250000000000257e-01 3.353840000000000154e-01
1.080000000000000000e+02 2.364320000000000033e-01 2.843499999999999917e-01 3.376899999999999902e-01
1.090000000000000000e+02 2.389219999999999955e-01 2.868269999999999986e-01 3.401469999999999771e-01
1.100000000000000000e+02 2.411149999999999960e-01 2.890150000000000219e-01 3.423069999999999724e-01
1.110000000000000000e+02 2.432799999999999963e-01 2.911750000000000171e-01 3.444409999999999972e-01
1.120000000000000000e+02 2.456240000000000090e-01 2.935139999999999971e-01 3.467489999999999739e-01
1.130000000000000000e+02 2.476609999999999923e-01 2.955539999999999834e-01 3.487549999999999817e-01
1.140000000000000000e+02 2.496680000000000010e-01 2.975539999999999852e-01 3.507319999999999882e-01
1.150000000000000000e+02 2.518270000000000231e-01 2.996949999999999892e-01 3.528669999999999862e-01
1.160000000000000000e+02 2.541220000000000145e-01 3.019789999999999974e-01 3.551329999999999765e-01
1.170000000000000000e+02 2.563440000000000163e-01 3.041920000000000179e-01 3.573149999999999937e-01
1.180000000000000000e+02 2.587300000000000155e-01 3.065700000000000092e-01 3.596619999999999817e-01
1.190000000000000000e+02 2.614810000000000190e-01 3.093029999999999946e-01 3.623770000000000047e-01
1.200000000000000000e+02 2.641490000000000227e-01 3.119509999999999783e-01 3.650059999999999971e-01
1.210000000000000000e+02 2.662129999999999774e-01 3.140040000000000053e-01 3.670359999999999734e-01
1.220000000000000000e+02 2.679179999999999895e-01 3.157059999999999866e-01 3.687139999999999862e-01
1.230000000000000000e+02 2.699909999999999810e-01 3.177740000000000009e-01 3.707489999999999952e-01
1.240000000000000000e+02 2.721939999999999915e-01 3.199690000000000034e-01 3.729129999999999945e-01
1.250000000000000000e+02 2.741239999999999788e-01 3.218949999999999867e-01 3.748159999999999825e-01
1.260000000000000000e+02 2.761359999999999926e-01 3.238960000000000172e-01 3.768029999999999990e-01
1.270000000000000000e+02 2.785650000000000071e-01 3.263159999999999950e-01 3.791979999999999795e-01
1.280000000000000000e+02 2.809900000000000175e-01 3.287340000000000262e-01 3.815870000000000095e-01
1.290000000000000000e+02 2.832000000000000073e-01 3.309349999999999792e-01 3.837599999999999900e-01
1.300000000000000000e+02 2.852810000000000068e-01 3.330139999999999767e-01 3.858019999999999783e-01
1.310000000000000000e+02 2.870880000000000098e-01 3.348209999999999797e-01 3.875750000000000028e-01
1.320000000000000000e+02 2.888899999999999801e-01 3.366149999999999975e-01 3.893460000000000254e-01
1.330000000000000000e+02 2.909740000000000104e-01 3.386899999999999911e-01 3.913980000000000237e-01
1.340000000000000000e+02 2.930220000000000047e-01 3.407270000000000021e-01 3.934119999999999839e-01
1.350000000000000000e+02 2.949780000000000180e-01 3.426710000000000034e-01 3.953380000000000227e-01
1.360000000000000000e+02 2.973100000000000187e-01 3.449920000000000209e-01 3.976350000000000162e-01
1.370000000000000000e+02 2.995430000000000037e-01 3.472109999999999919e-01 3.998329999999999940e-01
1.380000000000000000e+02 3.012969999999999815e-01 3.489590000000000192e-01 4.015589999999999993e-01
1.390000000000000000e+02 3.030889999999999973e-01 3.507440000000000002e-01 4.033220000000000138e-01
1.400000000000000000e+02 3.048699999999999743e-01 3.525150000000000228e-01 4.050750000000000184e-01
1.410000000000000000e+02 3.067440000000000166e-01 3.543780000000000263e-01 4.069169999999999732e-01
1.420000000000000000e+02 3.086780000000000079e-01 3.562960000000000016e-01 4.088169999999999860e-01
1.430000000000000000e+02 3.104890000000000150e-01 3.580999999999999739e-01 4.105960000000000165e-01
1.440000000000000000e+02 3.122070000000000123e-01 3.598080000000000167e-01 4.122839999999999838e-01
1.450000000000000000e+02 3.144460000000000033e-01 3.620280000000000165e-01 4.144939999999999736e-01
1.460000000000000000e+02 3.169629999999999947e-01 3.645220000000000127e-01 4.169769999999999865e-01
1.470000000000000000e+02 3.191740000000000133e-01 3.667179999999999884e-01 4.191540000000000266e-01
1.480000000000000000e+02 3.210390000000000188e-01 3.685749999999999860e-01 4.209890000000000021e-01
1.490000000000000000e+02 3.225959999999999939e-01 3.701260000000000105e-01 4.225200000000000067e-01
1.500000000000000000e+02 3.244770000000000154e-01 3.720040000000000013e-01 4.243700000000000250e-01
1.510000000000000000e+02 3.261399999999999855e-01 3.736639999999999961e-01 4.259999999999999898e-01
1.520000000000000000e+02 3.277149999999999785e-01 3.752360000000000140e-01 4.275470000000000104e-01
1.530000000000000000e+02 3.296129999999999893e-01 3.771229999999999860e-01 4.294120000000000159e-01
1.540000000000000000e+02 3.314690000000000136e-01 3.789629999999999943e-01 4.312480000000000202e-01
1.550000000000000000e+02 3.330989999999999784e-01 3.805769999999999986e-01 4.328620000000000245e-01
1.560000000000000000e+02 3.348110000000000253e-01 3.822760000000000047e-01 4.345490000000000186e-01
1.570000000000000000e+02 3.365369999999999751e-01 3.839890000000000247e-01 4.362530000000000019e-01
1.580000000000000000e+02 3.380299999999999971e-01 3.854710000000000081e-01 4.377210000000000267e-01
1.590000000000000000e+02 3.395839999999999970e-01 3.870120000000000227e-01 4.392480000000000273e-01
1.600000000000000000e+02 3.411859999999999893e-01 3.886029999999999762e-01 4.408239999999999936e-01
1.610000000000000000e+02 3.427209999999999979e-01 3.901270000000000016e-01 4.423369999999999802e-01
1.620000000000000000e+02 3.442430000000000212e-01 3.916339999999999821e-01 4.438400000000000123e-01
1.630000000000000000e+02 3.461290000000000200e-01 3.934969999999999857e-01 4.456990000000000118e-01
1.640000000000000000e+02 3.481670000000000043e-01 3.955139999999999767e-01 4.477099999999999969e-01
1.650000000000000000e+02 3.499129999999999741e-01 3.972419999999999840e-01 4.494349999999999734e-01
1.660000000000000000e+02 3.513450000000000184e-01 3.986569999999999836e-01 4.508489999999999998e-01
1.670000000000000000e+02 3.526679999999999815e-01 3.999659999999999882e-01 4.521540000000000004e-01
1.680000000000000000e+02 3.541130000000000111e-01 4.014019999999999810e-01 4.535750000000000060e-01
1.690000000000000000e+02 3.557480000000000087e-01 4.030170000000000141e-01 4.551859999999999795e-01
1.700000000000000000e+02 3.572210000000000107e-01 4.044740000000000002e-01 4.566379999999999884e-01
1.710000000000000000e+02 3.583749999999999991e-01 4.056170000000000053e-01 4.577749999999999875e-01
1.720000000000000000e+02 3.597500000000000142e-01 4.069800000000000084e-01 4.591339999999999866e-01
1.730000000000000000e+02 3.613560000000000105e-01 4.085679999999999867e-01 4.607200000000000184e-01
1.740000000000000000e+02 3.628359999999999919e-01 4.100289999999999768e-01 4.621830000000000105e-01
1.750000000000000000e+02 3.642779999999999907e-01 4.114530000000000132e-01 4.636109999999999953e-01
1.760000000000000000e+02 3.657170000000000143e-01 4.128709999999999880e-01 4.650320000000000009e-01
1.770000000000000000e+02 3.670439999999999814e-01 4.141830000000000234e-01 4.663430000000000075e-01
1.780000000000000000e+02 3.684580000000000077e-01 4.155829999999999802e-01 4.677379999999999871e-01
1.790000000000000000e+02 3.697159999999999891e-01 4.168299999999999783e-01 4.689760000000000040e-01
1.800000000000000000e+02 3.708119999999999750e-01 4.179120000000000057e-01 4.700570000000000026e-01
1.810000000000000000e+02 3.720890000000000031e-01 4.191750000000000198e-01 4.713220000000000187e-01
1.820000000000000000e+02 3.734450000000000269e-01 4.205119999999999969e-01 4.726629999999999998e-01
1.830000000000000000e+02 3.747960000000000180e-01 4.218459999999999988e-01 4.740019999999999789e-01
1.840000000000000000e+02 3.761320000000000219e-01 4.231639999999999846e-01 4.753260000000000263e-01
1.850000000000000000e+02 3.775080000000000102e-01 4.245229999999999837e-01 4.766870000000000274e-01
1.860000000000000000e+02 3.788690000000000113e-01 4.258669999999999956e-01 4.780349999999999877e-01
1.870000000000000000e+02 3.800689999999999902e-01 4.270519999999999872e-01 4.792199999999999793e-01
1.880000000000000000e+02 3.812599999999999878e-01 4.282279999999999975e-01 4.803959999999999897e-01
1.890000000000000000e+02 3.824270000000000169e-01 4.293830000000000147e-01 4.815470000000000028e-01
1.900000000000000000e+02 3.835520000000000040e-01 4.304950000000000165e-01 4.826630000000000087e-01
1.910000000000000000e+02 3.846379999999999799e-01 4.315660000000000052e-01 4.837359999999999993e-01
1.920000000000000000e+02 3.857510000000000105e-01 4.326630000000000198e-01 4.848359999999999892e-01
1.930000000000000000e+02 3.870580000000000132e-01 4.339529999999999776e-01 4.861329999999999818e-01
1.940000000000000000e+02 3.882800000000000140e-01 4.351550000000000140e-01 4.873439999999999994e-01
1.950000000000000000e+02 3.894210000000000171e-01 4.362759999999999971e-01 4.884720000000000173e-01
1.960000000000000000e+02 3.904670000000000085e-01 4.373079999999999745e-01 4.895059999999999967e-01
1.970000000000000000e+02 3.913639999999999897e-01 4.381900000000000239e-01 4.903890000000000193e-01
1.980000000000000000e+02 3.922160000000000091e-01 4.390310000000000046e-01 4.912290000000000267e-01
1.990000000000000000e+02 3.930250000000000132e-01 4.398279999999999967e-01 4.920289999999999941e-01
2.000000000000000000e+02 3.937309999999999977e-01 4.405200000000000227e-01 4.927250000000000241e-01
2.010000000000000000e+02 3.944259999999999988e-01 4.411970000000000058e-01 4.934129999999999905e-01
2.020000000000000000e+02 3.954019999999999757e-01 4.421479999999999855e-01 4.943799999999999861e-01
2.030000000000000000e+02 3.965799999999999881e-01 4.433030000000000026e-01 4.955439999999999845e-01
2.040000000000000000e+02 3.976250000000000062e-01 4.443320000000000047e-01 4.965769999999999906e-01
2.050000000000000000e+02 3.984309999999999796e-01 4.451240000000000197e-01 4.973750000000000115e-01
2.060000000000000000e+02 3.989730000000000221e-01 4.456479999999999886e-01 4.979040000000000132e-01
2.070000000000000000e+02 3.992550000000000265e-01 4.459130000000000038e-01 4.981760000000000077e-01
2.080000000000000000e+02 3.995380000000000043e-01 4.461769999999999903e-01 4.984509999999999774e-01
2.090000000000000000e+02 3.999139999999999917e-01 4.465370000000000172e-01 4.988199999999999856e-01
2.100000000000000000e+02 4.004679999999999906e-01 4.470729999999999982e-01 4.993650000000000033e-01
2.110000000000000000e+02 4.011959999999999971e-01 4.477840000000000154e-01 5.000860000000000305e-01
2.120000000000000000e+02 4.018120000000000025e-01 4.483759999999999968e-01 5.006909999999999972e-01
2.130000000000000000e+02 4.024159999999999959e-01 4.489600000000000257e-01 5.012809999999999766e-01
2.140000000000000000e+02 4.029699999999999949e-01 4.494949999999999779e-01 5.018240000000000478e-01
2.150000000000000000e+02 4.034159999999999968e-01 4.499210000000000154e-01 5.022619999999999862e-01
2.160000000000000000e+02 4.037149999999999905e-01 4.502030000000000198e-01 5.025519999999999987e-01
2.170000000000000000e+02 4.037310000000000065e-01 4.502010000000000178e-01 5.025619999999999532e-01
2.180000000000000000e+02 4.038919999999999733e-01 4.503420000000000201e-01 5.027160000000000517e-01
2.190000000000000000e+02 4.042709999999999915e-01 4.507010000000000183e-01 5.030869999999999509e-01
2.200000000000000000e+02 4.046279999999999877e-01 4.510390000000000232e-01 5.034389999999999699e-01
2.210000000000000000e+02 4.051109999999999989e-01 4.514980000000000104e-01 5.039099999999999691e-01
2.220000000000000000e+02 4.056949999999999723e-01 4.520629999999999926e-01 5.044899999999999940e-01
2.230000000000000000e+02 4.061750000000000083e-01 4.525239999999999818e-01 5.049590000000000467e-01
2.240000000000000000e+02 4.063809999999999922e-01 4.527100000000000013e-01 5.051590000000000247e-01
2.250000000000000000e+02 4.063640000000000030e-01 4.526760000000000228e-01 5.051350000000000007e-01
2.260000000000000000e+02 4.062720000000000220e-01 4.525680000000000258e-01 5.050379999999999869e-01
2.270000000000000000e+02 4.062799999999999745e-01 4.525600000000000178e-01 5.050409999999999622e-01
2.280000000000000000e+02 4.065119999999999845e-01 4.527720000000000078e-01 5.052670000000000217e-01
2.290000000000000000e+02 4.067580000000000084e-01 4.529980000000000118e-01 5.055020000000000069e-01
2.300000000000000000e+02 4.070770000000000222e-01 4.532950000000000035e-01 5.058169999999999611e-01
2.310000000000000000e+02 4.074269999999999836e-01 4.536270000000000024e-01 5.061590000000000256e-01
2.320000000000000000e+02 4.076040000000000219e-01 4.537829999999999919e-01 5.063320000000000043e-01
2.330000000000000000e+02 4.076989999999999781e-01 4.538550000000000084e-01 5.064250000000000140e-01
2.340000000000000000e+02 4.077089999999999881e-01 4.538440000000000252e-01 5.064279999999999893e-01
2.350000000000000000e+02 4.076640000000000263e-01 4.537849999999999939e-01 5.063779999999999948e-01
2.360000000000000000e+02 4.077140000000000208e-01 4.538179999999999992e-01 5.064210000000000100e-01
2.370000000000000000e+02 4.078559999999999963e-01 4.539409999999999834e-01 5.065570000000000350e-01
2.380000000000000000e+02 4.079550000000000121e-01 4.540230000000000099e-01 5.066460000000000408e-01
2.390000000000000000e+02 4.080799999999999983e-01 4.541259999999999741e-01 5.067660000000000498e-01
2.400000000000000000e+02 4.083609999999999740e-01 4.543880000000000141e-01 5.070400000000000462e-01
2.410000000000000000e+02 4.086739999999999817e-01 4.546799999999999731e-01 5.073490000000000499e-01
2.420000000000000000e+02 4.087379999999999902e-01 4.547249999999999903e-01 5.074109999999999454e-01
2.430000000000000000e+02 4.085730000000000195e-01 4.545399999999999996e-01 5.072389999999999954e-01
2.440000000000000000e+02 4.084470000000000045e-01 4.543940000000000201e-01 5.071130000000000360e-01
2.450000000000000000e+02 4.085079999999999822e-01 4.544429999999999858e-01 5.071729999999999849e-01
2.460000000000000000e+02 4.086350000000000260e-01 4.545549999999999868e-01 5.072940000000000227e-01
2.470000000000000000e+02 4.087379999999999902e-01 4.546410000000000173e-01 5.073919999999999542e-01
2.480000000000000000e+02 4.088470000000000160e-01 4.547329999999999983e-01 5.074969999999999759e-01
2.490000000000000000e+02 4.088629999999999765e-01 4.547249999999999903e-01 5.075089999999999879e-01
2.500000000000000000e+02 4.088749999999999885e-01 4.547189999999999843e-01 5.075180000000000247e-01
2.510000000000000000e+02 4.089679999999999982e-01 4.547970000000000068e-01 5.076100000000000056e-01
2.520000000000000000e+02 4.090469999999999939e-01 4.548619999999999886e-01 5.076859999999999706e-01
2.530000000000000000e+02 4.091480000000000117e-01 4.549460000000000170e-01 5.077850000000000419e-01
2.540000000000000000e+02 4.092339999999999867e-01 4.550120000000000275e-01 5.078660000000000396e-01
2.550000000000000000e+02 4.090889999999999804e-01 4.548539999999999806e-01 5.077209999999999779e-01
2.560000000000000000e+02 4.089570000000000149e-01 4.547039999999999971e-01 5.075859999999999816e-01
2.570000000000000000e+02 4.091230000000000144e-01 4.548530000000000073e-01 5.077460000000000306e-01
2.580000000000000000e+02 4.092839999999999812e-01 4.549960000000000115e-01 5.079029999999999934e-01
2.590000000000000000e+02 4.093589999999999729e-01 4.550580000000000180e-01 5.079780000000000406e-01
2.600000000000000000e+02 4.092870000000000119e-01 4.549690000000000123e-01 5.079010000000000469e-01
2.610000000000000000e+02 4.092259999999999787e-01 4.548900000000000166e-01 5.078369999999999829e-01
2.620000000000000000e+02 4.093100000000000072e-01 4.549590000000000023e-01 5.079190000000000094e-01
2.630000000000000000e+02 4.093470000000000164e-01 4.549799999999999955e-01 5.079529999999999879e-01
2.640000000000000000e+02 4.093140000000000112e-01 4.549369999999999803e-01 5.079179999999999806e-01
2.650000000000000000e+02 4.093060000000000032e-01 4.549139999999999850e-01 5.079050000000000509e-01
2.660000000000000000e+02 4.093680000000000097e-01 4.549630000000000063e-01 5.079590000000000494e-01
2.670000000000000000e+02 4.093539999999999957e-01 4.549300000000000010e-01 5.079390000000000294e-01
2.680000000000000000e+02 4.093579999999999997e-01 4.549199999999999910e-01 5.079449999999999799e-01
2.690000000000000000e+02 4.094160000000000021e-01 4.549639999999999795e-01 5.080019999999999536e-01
2.700000000000000000e+02 4.094099999999999961e-01 4.549409999999999843e-01 5.079919999999999991e-01
2.710000000000000000e+02 4.094019999999999881e-01 4.549219999999999930e-01 5.079860000000000486e-01
2.720000000000000000e+02 4.094130000000000269e-01 4.549170000000000158e-01 5.079909999999999703e-01
2.730000000000000000e+02 4.095550000000000024e-01 4.550449999999999773e-01 5.081309999999999993e-01
2.740000000000000000e+02 4.096600000000000241e-01 4.551350000000000118e-01 5.082330000000000458e-01
2.750000000000000000e+02 4.096600000000000241e-01 4.551189999999999958e-01 5.082269999999999843e-01
2.760000000000000000e+02 4.095369999999999844e-01 4.549810000000000243e-01 5.080999999999999961e-01
2.770000000000000000e+02 4.094019999999999881e-01 4.548329999999999873e-01 5.079649999999999999e-01
2.780000000000000000e+02 4.094740000000000046e-01 4.548900000000000166e-01 5.080369999999999608e-01
2.790000000000000000e+02 4.095329999999999804e-01 4.549369999999999803e-01 5.080919999999999881e-01
2.800000000000000000e+02 4.095719999999999916e-01 4.549619999999999775e-01 5.081320000000000281e-01
2.810000000000000000e+02 4.096830000000000194e-01 4.550620000000000220e-01 5.082379999999999676e-01
2.820000000000000000e+02 4.098870000000000013e-01 4.552519999999999900e-01 5.084440000000000071e-01
2.830000000000000000e+02 4.100050000000000083e-01 4.553550000000000098e-01 5.085570000000000368e-01
2.840000000000000000e+02 4.098809999999999953e-01 4.552220000000000155e-01 5.084309999999999663e-01
2.850000000000000000e+02 4.097140000000000226e-01 4.550420000000000020e-01 5.082619999999999916e-01
2.860000000000000000e+02 4.096750000000000114e-01 4.549920000000000075e-01 5.082229999999999803e-01
2.870000000000000000e+02 4.097370000000000179e-01 4.550409999999999733e-01 5.082820000000000116e-01
2.880000000000000000e+02 4.097480000000000011e-01 4.550350000000000228e-01 5.082929999999999948e-01
2.890000000000000000e+02 4.096699999999999786e-01 4.549480000000000190e-01 5.082149999999999723e-01
2.900000000000000000e+02 4.096799999999999886e-01 4.549409999999999843e-01 5.082219999999999516e-01
2.910000000000000000e+02 4.098109999999999808e-01 4.550620000000000220e-01 5.083530000000000548e-01
2.920000000000000000e+02 4.098979999999999846e-01 4.551350000000000118e-01 5.084319999999999951e-01
2.930000000000000000e+02 4.098379999999999801e-01 4.550649999999999973e-01 5.083689999999999598e-01
2.940000000000000000e+02 4.097500000000000031e-01 4.549670000000000103e-01 5.082820000000000116e-01
2.950000000000000000e+02 4.097299999999999831e-01 4.549340000000000050e-01 5.082579999999999876e-01
2.960000000000000000e+02 4.096920000000000006e-01 4.548880000000000146e-01 5.082189999999999763e-01
2.970000000000000000e+02 4.096989999999999799e-01 4.548829999999999818e-01 5.082259999999999556e-01
2.980000000000000000e+02 4.097750000000000004e-01 4.549500000000000210e-01 5.083039999999999781e-01
2.990000000000000000e+02 4.098660000000000081e-01 4.550279999999999880e-01 5.083889999999999798e-01
3.000000000000000000e+02 4.099809999999999843e-01 4.551319999999999810e-01 5.085009999999999808e-01
3.010000000000000000e+02 4.099530000000000118e-01 4.550950000000000273e-01 5.084739999999999815e-01
3.020000000000000000e+02 4.098220000000000196e-01 4.549560000000000271e-01 5.083410000000000428e-01
3.030000000000000000e+02 4.097620000000000151e-01 4.548860000000000126e-01 5.082780000000000076e-01
3.040000000000000000e+02 4.096799999999999886e-01 4.547919999999999741e-01 5.081949999999999523e-01
3.050000000000000000e+02 4.095770000000000244e-01 4.546819999999999751e-01 5.080900000000000416e-01
3.060000000000000000e+02 4.096000000000000196e-01 4.546910000000000118e-01 5.081099999999999506e-01
3.070000000000000000e+02 4.097410000000000219e-01 4.548229999999999773e-01 5.082529999999999548e-01
3.080000000000000000e+02 4.098959999999999826e-01 4.549670000000000103e-01 5.083999999999999631e-01
3.090000000000000000e+02 4.099900000000000211e-01 4.550480000000000080e-01 5.084870000000000223e-01
3.100000000000000000e+02 4.099840000000000151e-01 4.550339999999999940e-01 5.084790000000000143e-01
3.110000000000000000e+02 4.099559999999999871e-01 4.549969999999999848e-01 5.084520000000000151e-01
3.120000000000000000e+02 4.098390000000000088e-01 4.548699999999999966e-01 5.083330000000000348e-01
3.130000000000000000e+02 4.096830000000000194e-01 4.547030000000000238e-01 5.081759999999999611e-01
3.140000000000000000e+02 4.095759999999999956e-01 4.545899999999999941e-01 5.080679999999999641e-01
3.150000000000000000e+02 4.095829999999999749e-01 4.545870000000000188e-01 5.080750000000000544e-01
3.160000000000000000e+02 4.097469999999999724e-01 4.547439999999999816e-01 5.082379999999999676e-01
3.170000000000000000e+02 4.099169999999999758e-01 4.548980000000000246e-01 5.084079999999999711e-01
3.180000000000000000e+02 4.100039999999999796e-01 4.549750000000000183e-01 5.084899999999999975e-01
3.190000000000000000e+02 4.099740000000000051e-01 4.549389999999999823e-01 5.084610000000000518e-01
3.200000000000000000e+02 4.098859999999999726e-01 4.548449999999999993e-01 5.083699999999999886e-01
3.210000000000000000e+02 4.098470000000000169e-01 4.547930000000000028e-01 5.083309999999999773e-01
3.220000000000000000e+02 4.098240000000000216e-01 4.547629999999999728e-01 5.083079999999999821e-01
3.230000000000000000e+02 4.097649999999999904e-01 4.546950000000000158e-01 5.082459999999999756e-01
3.240000000000000000e+02 4.096910000000000274e-01 4.546149999999999913e-01 5.081719999999999571e-01
3.250000000000000000e+02 4.097370000000000179e-01 4.546470000000000233e-01 5.082119999999999971e-01
3.260000000000000000e+02 4.099220000000000086e-01 4.548240000000000061e-01 5.084009999999999918e-01
3.270000000000000000e+02 4.100670000000000148e-01 4.549590000000000023e-01 5.085439999999999960e-01
3.280000000000000000e+02 4.101040000000000241e-01 4.549860000000000015e-01 5.085790000000000033e-01
3.290000000000000000e+02 4.100429999999999908e-01 4.549179999999999890e-01 5.085159999999999680e-01
3.300000000000000000e+02 4.099470000000000058e-01 4.548139999999999961e-01 5.084189999999999543e-01
3.310000000000000000e+02 4.098709999999999853e-01 4.547289999999999943e-01 5.083419999999999606e-01
3.320000000000000000e+02 4.097890000000000144e-01 4.546399999999999886e-01 5.082600000000000451e-01
3.330000000000000000e+02 4.096770000000000134e-01 4.545219999999999816e-01 5.081480000000000441e-01
3.340000000000000000e+02 4.096779999999999866e-01 4.545139999999999736e-01 5.081459999999999866e-01
3.350000000000000000e+02 4.098519999999999941e-01 4.546769999999999978e-01 5.083149999999999613e-01
3.360000000000000000e+02 4.100130000000000163e-01 4.548280000000000101e-01 5.084760000000000391e-01
3.370000000000000000e+02 4.100090000000000123e-01 4.548170000000000268e-01 5.084710000000000063e-01
3.380000000000000000e+02 4.098999999999999866e-01 4.546999999999999931e-01 5.083640000000000381e-01
3.390000000000000000e+02 4.098260000000000236e-01 4.546189999999999953e-01 5.082900000000000196e-01
3.400000000000000000e+02 4.098430000000000129e-01 4.546290000000000053e-01 5.083069999999999533e-01
3.410000000000000000e+02 4.098660000000000081e-01 4.546459999999999946e-01 5.083309999999999773e-01
3.420000000000000000e+02 4.098029999999999728e-01 4.545770000000000088e-01 5.082680000000000531e-01
3.430000000000000000e+02 4.098019999999999996e-01 4.545699999999999741e-01 5.082670000000000243e-01
3.440000000000000000e+02 4.099189999999999778e-01 4.546789999999999998e-01 5.083800000000000541e-01
3.450000000000000000e+02 4.100469999999999948e-01 4.547970000000000068e-01 5.085089999999999888e-01
3.460000000000000000e+02 4.100770000000000248e-01 4.548189999999999733e-01 5.085380000000000456e-01
3.470000000000000000e+02 4.099889999999999923e-01 4.547249999999999903e-01 5.084509999999999863e-01
3.480000000000000000e+02 4.098939999999999806e-01 4.546229999999999993e-01 5.083530000000000548e-01
3.490000000000000000e+02 4.098840000000000261e-01 4.546049999999999813e-01 5.083410000000000428e-01
3.500000000000000000e+02 4.099280000000000146e-01 4.546419999999999906e-01 5.083820000000000006e-01
3.510000000000000000e+02 4.098789999999999933e-01 4.545859999999999901e-01 5.083320000000000061e-01
3.520000000000000000e+02 4.098200000000000176e-01 4.545210000000000083e-01 5.082759999999999501e-01
3.530000000000000000e+02 4.098559999999999981e-01 4.545489999999999808e-01 5.083060000000000356e-01
3.540000000000000000e+02 4.099729999999999763e-01 4.546549999999999758e-01 5.084199999999999831e-01
3.550000000000000000e+02 4.100670000000000148e-01 4.547410000000000063e-01 5.085110000000000463e-01
3.560000000000000000e+02 4.100170000000000203e-01 4.546839999999999771e-01 5.084640000000000271e-01
3.570000000000000000e+02 4.099269999999999858e-01 4.545890000000000208e-01 5.083729999999999638e-01
3.580000000000000000e+02 4.098950000000000093e-01 4.545480000000000076e-01 5.083370000000000388e-01
3.590000000000000000e+02 4.098859999999999726e-01 4.545370000000000243e-01 5.083299999999999486e-01
3.600000000000000000e+02 4.098430000000000129e-01 4.544880000000000031e-01 5.082820000000000116e-01
3.610000000000000000e+02 4.098479999999999901e-01 4.544849999999999723e-01 5.082870000000000443e-01
3.620000000000000000e+02 4.098950000000000093e-01 4.545270000000000143e-01 5.083360000000000101e-01
3.630000000000000000e+02 4.099570000000000158e-01 4.545770000000000088e-01 5.083919999999999551e-01
3.640000000000000000e+02 4.100309999999999788e-01 4.546510000000000273e-01 5.084699999999999775e-01
3.650000000000000000e+02 4.100570000000000048e-01 4.546680000000000166e-01 5.084889999999999688e-01
3.660000000000000000e+02 4.100030000000000063e-01 4.546069999999999833e-01 5.084349999999999703e-01
3.670000000000000000e+02 4.099300000000000166e-01 4.545279999999999876e-01 5.083600000000000341e-01
3.680000000000000000e+02 4.098919999999999786e-01 4.544880000000000031e-01 5.083239999999999981e-01
3.690000000000000000e+02 4.099019999999999886e-01 4.544929999999999803e-01 5.083320000000000061e-01
3.700000000000000000e+02 4.099709999999999743e-01 4.545569999999999888e-01 5.084020000000000206e-01
3.710000000000000000e+02 4.099430000000000018e-01 4.545199999999999796e-01 5.083699999999999886e-01
3.720000000000000000e+02 4.099149999999999738e-01 4.544849999999999723e-01 5.083440000000000181e-01
3.730000000000000000e+02 4.099949999999999983e-01 4.545580000000000176e-01 5.084210000000000118e-01
3.740000000000000000e+02 4.100670000000000148e-01 4.546259999999999746e-01 5.084929999999999728e-01
3.750000000000000000e+02 4.100639999999999841e-01 4.546149999999999913e-01 5.084870000000000223e-01
3.760000000000000000e+02 4.099450000000000038e-01 4.544889999999999763e-01 5.083710000000000173e-01
3.770000000000000000e+02 4.098649999999999793e-01 4.544059999999999766e-01 5.082929999999999948e-01
3.780000000000000000e+02 4.098249999999999948e-01 4.543610000000000149e-01 5.082489999999999508e-01
3.790000000000000000e+02 4.098080000000000056e-01 4.543380000000000196e-01 5.082320000000000171e-01
3.800000000000000000e+02 4.098350000000000048e-01 4.543570000000000109e-01 5.082550000000000123e-01
3.810000000000000000e+02 4.098410000000000108e-01 4.543559999999999821e-01 5.082619999999999916e-01
3.820000000000000000e+02 4.098999999999999866e-01 4.544099999999999806e-01 5.083229999999999693e-01
3.830000000000000000e+02 4.100050000000000083e-01 4.545139999999999736e-01 5.084250000000000158e-01
3.840000000000000000e+02 4.100429999999999908e-01 4.545429999999999748e-01 5.084670000000000023e-01
3.850000000000000000e+02 4.099619999999999931e-01 4.544579999999999731e-01 5.083849999999999758e-01
3.860000000000000000e+02 4.098689999999999833e-01 4.543630000000000169e-01 5.082889999999999908e-01
3.870000000000000000e+02 4.098209999999999908e-01 4.543079999999999896e-01 5.082419999999999716e-01
3.880000000000000000e+02 4.097799999999999776e-01 4.542660000000000031e-01 5.082010000000000138e-01
3.890000000000000000e+02 4.097600000000000131e-01 4.542379999999999751e-01 5.081830000000000513e-01
3.900000000000000000e+02 4.097459999999999991e-01 4.542160000000000086e-01 5.081649999999999778e-01
3.910000000000000000e+02 4.097819999999999796e-01 4.542459999999999831e-01 5.081959999999999811e-01
3.920000000000000000e+02 4.098769999999999913e-01 4.543369999999999909e-01 5.082940000000000236e-01
3.930000000000000000e+02 4.099189999999999778e-01 4.543760000000000021e-01 5.083349999999999813e-01
3.940000000000000000e+02 4.098589999999999733e-01 4.543130000000000224e-01 5.082759999999999501e-01
3.950000000000000000e+02 4.098069999999999768e-01 4.542510000000000159e-01 5.082189999999999763e-01
3.960000000000000000e+02 4.097819999999999796e-01 4.542229999999999879e-01 5.081949999999999523e-01
3.970000000000000000e+02 4.097569999999999824e-01 4.541930000000000134e-01 5.081679999999999531e-01
3.980000000000000000e+02 4.097390000000000199e-01 4.541689999999999894e-01 5.081480000000000441e-01
3.990000000000000000e+02 4.097279999999999811e-01 4.541540000000000021e-01 5.081419999999999826e-01
4.000000000000000000e+02 4.097609999999999864e-01 4.541810000000000014e-01 5.081750000000000433e-01
4.010000000000000000e+02 4.098180000000000156e-01 4.542340000000000266e-01 5.082309999999999883e-01
4.020000000000000000e+02 4.098109999999999808e-01 4.542200000000000126e-01 5.082189999999999763e-01
4.030000000000000000e+02 4.097629999999999884e-01 4.541660000000000141e-01 5.081719999999999571e-01
4.040000000000000000e+02 4.097689999999999944e-01 4.541709999999999914e-01 5.081769999999999898e-01
4.050000000000000000e+02 4.097850000000000104e-01 4.541810000000000014e-01 5.081909999999999483e-01
4.060000000000000000e+02 4.097330000000000139e-01 4.541250000000000009e-01 5.081369999999999498e-01
4.070000000000000000e+02 4.096750000000000114e-01 4.540640000000000231e-01 5.080780000000000296e-01
4.080000000000000000e+02 4.096440000000000081e-01 4.540290000000000159e-01 5.080449999999999688e-01
4.090000000000000000e+02 4.096620000000000261e-01 4.540390000000000259e-01 5.080609999999999848e-01
4.100000000000000000e+02 4.097060000000000146e-01 4.540790000000000104e-01 5.081050000000000288e-01
4.110000000000000000e+02 4.097390000000000199e-01 4.541060000000000096e-01 5.081379999999999786e-01
4.120000000000000000e+02 4.097660000000000191e-01 4.541310000000000069e-01 5.081630000000000313e-01
4.130000000000000000e+02 4.097709999999999964e-01 4.541279999999999761e-01 5.081700000000000106e-01
4.140000000000000000e+02 4.097399999999999931e-01 4.540930000000000244e-01 5.081350000000000033e-01
4.150000000000000000e+02 4.097040000000000126e-01 4.540560000000000151e-01 5.080999999999999961e-01
4.160000000000000000e+02 4.096960000000000046e-01 4.540460000000000051e-01 5.080949999999999633e-01
4.170000000000000000e+02 4.097089999999999899e-01 4.540540000000000131e-01 5.081069999999999753e-01
4.180000000000000000e+02 4.096920000000000006e-01 4.540310000000000179e-01 5.080890000000000128e-01
4.190000000000000000e+02 4.096989999999999799e-01 4.540339999999999931e-01 5.080930000000000168e-01
4.200000000000000000e+02 4.097549999999999804e-01 4.540850000000000164e-01 5.081520000000000481e-01
4.210000000000000000e+02 4.097959999999999936e-01 4.541220000000000256e-01 5.081900000000000306e-01
4.220000000000000000e+02 4.097830000000000084e-01 4.541049999999999809e-01 5.081759999999999611e-01
4.230000000000000000e+02 4.096910000000000274e-01 4.540080000000000227e-01 5.080810000000000048e-01
4.240000000000000000e+02 4.096529999999999894e-01 4.539659999999999807e-01 5.080449999999999688e-01
4.250000000000000000e+02 4.096110000000000029e-01 4.539179999999999882e-01 5.079989999999999783e-01
4.260000000000000000e+02 4.095610000000000084e-01 4.538630000000000164e-01 5.079460000000000086e-01
4.270000000000000000e+02 4.096159999999999801e-01 4.539170000000000149e-01 5.080010000000000359e-01
4.280000000000000000e+02 4.096629999999999994e-01 4.539590000000000014e-01 5.080489999999999728e-01
4.290000000000000000e+02 4.097020000000000106e-01 4.539929999999999799e-01 5.080879999999999841e-01
4.300000000000000000e+02 4.097680000000000211e-01 4.540560000000000151e-01 5.081529999999999658e-01
4.310000000000000000e+02 4.097640000000000171e-01 4.540500000000000091e-01 5.081489999999999618e-01
4.320000000000000000e+02 4.097049999999999859e-01 4.539860000000000007e-01 5.080879999999999841e-01
4.330000000000000000e+02 4.096690000000000054e-01 4.539460000000000162e-01 5.080529999999999768e-01
4.340000000000000000e+02 4.096460000000000101e-01 4.539170000000000149e-01 5.080270000000000064e-01
4.350000000000000000e+02 4.096259999999999901e-01 4.538949999999999929e-01 5.080080000000000151e-01
4.360000000000000000e+02 4.095829999999999749e-01 4.538490000000000024e-01 5.079660000000000286e-01
4.370000000000000000e+02 4.095719999999999916e-01 4.538340000000000152e-01 5.079529999999999879e-01
4.380000000000000000e+02 4.096130000000000049e-01 4.538710000000000244e-01 5.079979999999999496e-01
4.390000000000000000e+02 4.096670000000000034e-01 4.539199999999999902e-01 5.080489999999999728e-01
4.400000000000000000e+02 4.097230000000000039e-01 4.539730000000000154e-01 5.081090000000000328e-01
4.410000000000000000e+02 4.097250000000000059e-01 4.539710000000000134e-01 5.081120000000000081e-01
4.420000000000000000e+02 4.096529999999999894e-01 4.538949999999999929e-01 5.080379999999999896e-01
4.430000000000000000e+02 4.095980000000000176e-01 4.538340000000000152e-01 5.079829999999999623e-01
4.440000000000000000e+02 4.095929999999999849e-01 4.538280000000000092e-01 5.079820000000000446e-01
4.450000000000000000e+02 4.095849999999999769e-01 4.538159999999999972e-01 5.079690000000000039e-01
4.460000000000000000e+02 4.095840000000000036e-01 4.538099999999999912e-01 5.079630000000000534e-01
4.470000000000000000e+02 4.096219999999999861e-01 4.538490000000000024e-01 5.080069999999999864e-01
4.480000000000000000e+02 4.096580000000000221e-01 4.538769999999999749e-01 5.080360000000000431e-01
4.490000000000000000e+02 4.096670000000000034e-01 4.538800000000000057e-01 5.080409999999999648e-01
4.500000000000000000e+02 4.096569999999999934e-01 4.538690000000000224e-01 5.080339999999999856e-01
4.510000000000000000e+02 4.096230000000000149e-01 4.538329999999999864e-01 5.080000000000000071e-01
4.520000000000000000e+02 4.095980000000000176e-01 4.538050000000000139e-01 5.079730000000000079e-01
4.530000000000000000e+02 4.095699999999999896e-01 4.537749999999999839e-01 5.079449999999999799e-01
4.540000000000000000e+02 4.095579999999999776e-01 4.537579999999999947e-01 5.079329999999999679e-01
4.550000000000000000e+02 4.095699999999999896e-01 4.537680000000000047e-01 5.079470000000000374e-01
4.560000000000000000e+02 4.095960000000000156e-01 4.537900000000000267e-01 5.079679999999999751e-01
4.570000000000000000e+02 4.096230000000000149e-01 4.538139999999999952e-01 5.079989999999999783e-01
4.580000000000000000e+02 4.096310000000000229e-01 4.538189999999999724e-01 5.080069999999999864e-01
4.590000000000000000e+02 4.096569999999999934e-01 4.538400000000000212e-01 5.080329999999999568e-01
4.600000000000000000e+02 4.096719999999999806e-01 4.538510000000000044e-01 5.080449999999999688e-01
4.610000000000000000e+02 4.096699999999999786e-01 4.538470000000000004e-01 5.080459999999999976e-01
4.620000000000000000e+02 4.096380000000000021e-01 4.538110000000000199e-01 5.080099999999999616e-01
4.630000000000000000e+02 4.095840000000000036e-01 4.537570000000000214e-01 5.079609999999999959e-01
4.640000000000000000e+02 4.095739999999999936e-01 4.537399999999999767e-01 5.079489999999999839e-01
4.650000000000000000e+02 4.095940000000000136e-01 4.537570000000000214e-01 5.079660000000000286e-01
4.660000000000000000e+02 4.096520000000000161e-01 4.538139999999999952e-01 5.080219999999999736e-01
4.670000000000000000e+02 4.096560000000000201e-01 4.538139999999999952e-01 5.080289999999999528e-01
4.680000000000000000e+02 4.096170000000000089e-01 4.537709999999999799e-01 5.079890000000000239e-01
4.690000000000000000e+02 4.096199999999999841e-01 4.537729999999999819e-01 5.079930000000000279e-01
4.700000000000000000e+02 4.096150000000000069e-01 4.537660000000000027e-01 5.079860000000000486e-01
4.710000000000000000e+02 4.096049999999999969e-01 4.537510000000000154e-01 5.079740000000000366e-01
4.720000000000000000e+02 4.095460000000000211e-01 4.536879999999999802e-01 5.079190000000000094e-01
4.730000000000000000e+02 4.095050000000000079e-01 4.536439999999999917e-01 5.078759999999999941e-01
4.740000000000000000e+02 4.095280000000000031e-01 4.536629999999999829e-01 5.078949999999999854e-01
4.750000000000000000e+02 4.095230000000000259e-01 4.536560000000000037e-01 5.078909999999999814e-01
4.760000000000000000e+02 4.095300000000000051e-01 4.536589999999999789e-01 5.078979999999999606e-01
4.770000000000000000e+02 4.095400000000000151e-01 4.536680000000000157e-01 5.079080000000000261e-01
4.780000000000000000e+02 4.095239999999999991e-01 4.536479999999999957e-01 5.078880000000000061e-01
4.790000000000000000e+02 4.095280000000000031e-01 4.536499999999999977e-01 5.078930000000000389e-01
4.800000000000000000e+02 4.095480000000000231e-01 4.536660000000000137e-01 5.079129999999999479e-01
4.810000000000000000e+02 4.095269999999999744e-01 4.536430000000000184e-01 5.078899999999999526e-01
4.820000000000000000e+02 4.094880000000000186e-01 4.536040000000000072e-01 5.078549999999999454e-01
4.830000000000000000e+02 4.094679999999999986e-01 4.535810000000000120e-01 5.078340000000000076e-01
4.840000000000000000e+02 4.094539999999999846e-01 4.535629999999999939e-01 5.078190000000000204e-01
4.850000000000000000e+02 4.094220000000000081e-01 4.535259999999999847e-01 5.077880000000000171e-01
4.860000000000000000e+02 4.094079999999999941e-01 4.535109999999999975e-01 5.077679999999999971e-01
4.870000000000000000e+02 4.094289999999999874e-01 4.535270000000000135e-01 5.077920000000000211e-01
4.880000000000000000e+02 4.094459999999999766e-01 4.535429999999999739e-01 5.078070000000000084e-01
4.890000000000000000e+02 4.094510000000000094e-01 4.535429999999999739e-01 5.078110000000000124e-01
4.900000000000000000e+02 4.094519999999999826e-01 4.535420000000000007e-01 5.078110000000000124e-01
4.910000000000000000e+02 4.094349999999999934e-01 4.535210000000000075e-01 5.077930000000000499e-01
4.920000000000000000e+02 4.094149999999999734e-01 4.534989999999999855e-01 5.077709999999999724e-01
4.930000000000000000e+02 4.094059999999999921e-01 4.534880000000000022e-01 5.077629999999999644e-01
4.940000000000000000e+02 4.094110000000000249e-01 4.534880000000000022e-01 5.077700000000000546e-01
4.950000000000000000e+02 4.094269999999999854e-01 4.534980000000000122e-01 5.077829999999999844e-01
4.960000000000000000e+02 4.094280000000000141e-01 4.534989999999999855e-01 5.077869999999999884e-01
4.970000000000000000e+02 4.094419999999999726e-01 4.535089999999999955e-01 5.078009999999999469e-01
4.980000000000000000e+02 4.094559999999999866e-01 4.535210000000000075e-01 5.078139999999999876e-01
4.990000000000000000e+02 4.094309999999999894e-01 4.534900000000000042e-01 5.077869999999999884e-01
5.000000000000000000e+02 4.094030000000000169e-01 4.534619999999999762e-01 5.077580000000000426e-01
5.010000000000000000e+02 4.094030000000000169e-01 4.534599999999999742e-01 5.077589999999999604e-01
5.020000000000000000e+02 4.093910000000000049e-01 4.534449999999999870e-01 5.077460000000000306e-01
5.030000000000000000e+02 4.093849999999999989e-01 4.534360000000000057e-01 5.077399999999999691e-01
5.040000000000000000e+02 4.094019999999999881e-01 4.534520000000000217e-01 5.077549999999999564e-01
5.050000000000000000e+02 4.093870000000000009e-01 4.534360000000000057e-01 5.077420000000000266e-01
5.060000000000000000e+02 4.093559999999999977e-01 4.534030000000000005e-01 5.077120000000000521e-01
5.070000000000000000e+02 4.093669999999999809e-01 4.534099999999999797e-01 5.077209999999999779e-01
5.080000000000000000e+02 4.093990000000000129e-01 4.534400000000000097e-01 5.077540000000000386e-01
5.090000000000000000e+02 4.094340000000000201e-01 4.534719999999999862e-01 5.077869999999999884e-01
5.100000000000000000e+02 4.094289999999999874e-01 4.534630000000000050e-01 5.077789999999999804e-01
5.110000000000000000e+02 4.093840000000000257e-01 4.534119999999999817e-01 5.077340000000000186e-01
5.120000000000000000e+02 4.093589999999999729e-01 4.533900000000000152e-01 5.077139999999999986e-01
5.130000000000000000e+02 4.093780000000000197e-01 4.534059999999999757e-01 5.077310000000000434e-01
5.140000000000000000e+02 4.093809999999999949e-01 4.534070000000000045e-01 5.077340000000000186e-01
5.150000000000000000e+02 4.093999999999999861e-01 4.534250000000000225e-01 5.077519999999999811e-01
5.160000000000000000e+02 4.094220000000000081e-01 4.534440000000000137e-01 5.077749999999999764e-01
5.170000000000000000e+02 4.094160000000000021e-01 4.534369999999999790e-01 5.077679999999999971e-01
5.180000000000000000e+02 4.094070000000000209e-01 4.534250000000000225e-01 5.077599999999999891e-01
5.190000000000000000e+02 4.093879999999999741e-01 4.534039999999999737e-01 5.077380000000000226e-01
5.200000000000000000e+02 4.093479999999999897e-01 4.533630000000000160e-01 5.077009999999999579e-01
5.210000000000000000e+02 4.093249999999999944e-01 4.533389999999999920e-01 5.076770000000000449e-01
5.220000000000000000e+02 4.093319999999999736e-01 4.533440000000000247e-01 5.076829999999999954e-01
5.230000000000000000e+02 4.093209999999999904e-01 4.533289999999999820e-01 5.076730000000000409e-01
5.240000000000000000e+02 4.093069999999999764e-01 4.533170000000000255e-01 5.076600000000000001e-01
5.250000000000000000e+02 4.093339999999999756e-01 4.533380000000000187e-01 5.076810000000000489e-01
5.260000000000000000e+02 4.093689999999999829e-01 4.533699999999999952e-01 5.077180000000000026e-01
5.270000000000000000e+02 4.093780000000000197e-01 4.533780000000000032e-01 5.077270000000000394e-01
5.280000000000000000e+02 4.093629999999999769e-01 4.533579999999999832e-01 5.077099999999999946e-01
5.290000000000000000e+02 4.093350000000000044e-01 4.533289999999999820e-01 5.076800000000000201e-01
5.300000000000000000e+02 4.093180000000000152e-01 4.533119999999999927e-01 5.076610000000000289e-01
5.310000000000000000e+02 4.092950000000000199e-01 4.532840000000000202e-01 5.076380000000000337e-01
5.320000000000000000e+02 4.092870000000000119e-01 4.532709999999999795e-01 5.076310000000000544e-01
5.330000000000000000e+02 4.093060000000000032e-01 4.532919999999999727e-01 5.076500000000000457e-01
5.340000000000000000e+02 4.093339999999999756e-01 4.533130000000000215e-01 5.076760000000000161e-01
5.350000000000000000e+02 4.093330000000000024e-01 4.533090000000000175e-01 5.076739999999999586e-01
5.360000000000000000e+02 4.093129999999999824e-01 4.532900000000000262e-01 5.076570000000000249e-01
5.370000000000000000e+02 4.093080000000000052e-01 4.532789999999999875e-01 5.076519999999999921e-01
5.380000000000000000e+02 4.092950000000000199e-01 4.532709999999999795e-01 5.076359999999999761e-01
5.390000000000000000e+02 4.092899999999999872e-01 4.532619999999999982e-01 5.076319999999999721e-01
5.400000000000000000e+02 4.093010000000000259e-01 4.532729999999999815e-01 5.076450000000000129e-01
5.410000000000000000e+02 4.092870000000000119e-01 4.532590000000000230e-01 5.076310000000000544e-01
5.420000000000000000e+02 4.092779999999999752e-01 4.532439999999999802e-01 5.076180000000000136e-01
5.430000000000000000e+02 4.093109999999999804e-01 4.532780000000000142e-01 5.076540000000000497e-01
5.440000000000000000e+02 4.093209999999999904e-01 4.532800000000000162e-01 5.076629999999999754e-01
5.450000000000000000e+02 4.092959999999999932e-01 4.532550000000000190e-01 5.076389999999999514e-01
5.460000000000000000e+02 4.093120000000000092e-01 4.532689999999999775e-01 5.076589999999999714e-01
5.470000000000000000e+02 4.093470000000000164e-01 4.533019999999999827e-01 5.076889999999999459e-01
5.480000000000000000e+02 4.093550000000000244e-01 4.533059999999999867e-01 5.076910000000000034e-01
5.490000000000000000e+02 4.093379999999999797e-01 4.532889999999999975e-01 5.076810000000000489e-01
5.500000000000000000e+02 4.093149999999999844e-01 4.532680000000000042e-01 5.076580000000000537e-01
5.510000000000000000e+02 4.093100000000000072e-01 4.532579999999999942e-01 5.076540000000000497e-01
5.520000000000000000e+02 4.093300000000000272e-01 4.532709999999999795e-01 5.076680000000000081e-01
5.530000000000000000e+02 4.093220000000000192e-01 4.532680000000000042e-01 5.076619999999999466e-01
5.540000000000000000e+02 4.092999999999999972e-01 4.532439999999999802e-01 5.076439999999999841e-01
5.550000000000000000e+02 4.093049999999999744e-01 4.532450000000000090e-01 5.076469999999999594e-01
5.560000000000000000e+02 4.093109999999999804e-01 4.532479999999999842e-01 5.076500000000000457e-01
5.570000000000000000e+02 4.093169999999999864e-01 4.532559999999999922e-01 5.076570000000000249e-01
5.580000000000000000e+02 4.093249999999999944e-01 4.532610000000000250e-01 5.076669999999999794e-01
5.590000000000000000e+02 4.093109999999999804e-01 4.532470000000000110e-01 5.076540000000000497e-01
5.600000000000000000e+02 4.093049999999999744e-01 4.532390000000000030e-01 5.076479999999999881e-01
5.610000000000000000e+02 4.092890000000000139e-01 4.532189999999999830e-01 5.076270000000000504e-01
5.620000000000000000e+02 4.092700000000000227e-01 4.531990000000000185e-01 5.076140000000000096e-01
5.630000000000000000e+02 4.092839999999999812e-01 4.532109999999999750e-01 5.076270000000000504e-01
5.640000000000000000e+02 4.093019999999999992e-01 4.532289999999999930e-01 5.076429999999999554e-01
5.650000000000000000e+02 4.093169999999999864e-01 4.532450000000000090e-01 5.076589999999999714e-01
5.660000000000000000e+02 4.093249999999999944e-01 4.532499999999999862e-01 5.076659999999999506e-01
5.670000000000000000e+02 4.093109999999999804e-01 4.532349999999999990e-01 5.076549999999999674e-01
5.680000000000000000e+02 4.092959999999999932e-01 4.532169999999999810e-01 5.076389999999999514e-01
5.690000000000000000e+02 4.092990000000000239e-01 4.532160000000000077e-01 5.076439999999999841e-01
5.700000000000000000e+02 4.092990000000000239e-01 4.532149999999999790e-01 5.076410000000000089e-01
5.710000000000000000e+02 4.092839999999999812e-01 4.531959999999999877e-01 5.076260000000000217e-01
5.720000000000000000e+02 4.092740000000000267e-01 4.531839999999999757e-01 5.076150000000000384e-01
5.730000000000000000e+02 4.092999999999999972e-01 4.532070000000000265e-01 5.076389999999999514e-01
5.740000000000000000e+02 4.093040000000000012e-01 4.532070000000000265e-01 5.076460000000000417e-01
5.750000000000000000e+02 4.092779999999999752e-01 4.531789999999999985e-01 5.076199999999999601e-01
5.760000000000000000e+02 4.092649999999999899e-01 4.531640000000000112e-01 5.076030000000000264e-01
5.770000000000000000e+02 4.092529999999999779e-01 4.531549999999999745e-01 5.075950000000000184e-01
5.780000000000000000e+02 4.092660000000000187e-01 4.531669999999999865e-01 5.076030000000000264e-01
5.790000000000000000e+02 4.092709999999999959e-01 4.531700000000000172e-01 5.076119999999999521e-01
5.800000000000000000e+02 4.092609999999999859e-01 4.531589999999999785e-01 5.076019999999999976e-01
5.810000000000000000e+02 4.092620000000000147e-01 4.531589999999999785e-01 5.075990000000000224e-01
5.820000000000000000e+02 4.092700000000000227e-01 4.531640000000000112e-01 5.076110000000000344e-01
5.830000000000000000e+02 4.092649999999999899e-01 4.531580000000000052e-01 5.076040000000000552e-01
5.840000000000000000e+02 4.092439999999999967e-01 4.531370000000000120e-01 5.075830000000000064e-01
5.850000000000000000e+02 4.092410000000000214e-01 4.531330000000000080e-01 5.075790000000000024e-01
5.860000000000000000e+02 4.092489999999999739e-01 4.531379999999999852e-01 5.075840000000000352e-01
5.870000000000000000e+02 4.092439999999999967e-01 4.531319999999999792e-01 5.075809999999999489e-01
5.880000000000000000e+02 4.092350000000000154e-01 4.531209999999999960e-01 5.075730000000000519e-01
5.890000000000000000e+02 4.092270000000000074e-01 4.531140000000000168e-01 5.075640000000000152e-01
5.900000000000000000e+02 4.092390000000000194e-01 4.531240000000000268e-01 5.075779999999999736e-01
5.910000000000000000e+02 4.092589999999999839e-01 4.531430000000000180e-01 5.075990000000000224e-01
5.920000000000000000e+02 4.092589999999999839e-01 4.531430000000000180e-01 5.075950000000000184e-01
5.930000000000000000e+02 4.092359999999999887e-01 4.531169999999999920e-01 5.075730000000000519e-01
5.940000000000000000e+02 4.092040000000000122e-01 4.530810000000000115e-01 5.075420000000000487e-01
5.950000000000000000e+02 4.091949999999999754e-01 4.530750000000000055e-01 5.075349999999999584e-01
5.960000000000000000e+02 4.092160000000000242e-01 4.530919999999999948e-01 5.075539999999999496e-01
5.970000000000000000e+02 4.092339999999999867e-01 4.531060000000000088e-01 5.075720000000000232e-01
5.980000000000000000e+02 4.092430000000000234e-01 4.531149999999999900e-01 5.075809999999999489e-01
5.990000000000000000e+02 4.092250000000000054e-01 4.530970000000000275e-01 5.075610000000000399e-01
6.000000000000000000e+02 4.091929999999999734e-01 4.530640000000000223e-01 5.075330000000000119e-01
6.010000000000000000e+02 4.092120000000000202e-01 4.530790000000000095e-01 5.075450000000000239e-01
6.020000000000000000e+02 4.092259999999999787e-01 4.530919999999999948e-01 5.075629999999999864e-01
6.030000000000000000e+02 4.092330000000000134e-01 4.530980000000000008e-01 5.075659999999999616e-01
6.040000000000000000e+02 4.092520000000000047e-01 4.531129999999999880e-01 5.075849999999999529e-01
6.050000000000000000e+02 4.092370000000000174e-01 4.530970000000000275e-01 5.075709999999999944e-01
6.060000000000000000e+02 4.092379999999999907e-01 4.530989999999999740e-01 5.075720000000000232e-01
6.070000000000000000e+02 4.092680000000000207e-01 4.531259999999999732e-01 5.076000000000000512e-01
6.080000000000000000e+02 4.092549999999999799e-01 4.531140000000000168e-01 5.075899999999999856e-01
6.090000000000000000e+02 4.092029999999999834e-01 4.530589999999999895e-01 5.075380000000000447e-01
6.100000000000000000e+02 4.091850000000000209e-01 4.530379999999999963e-01 5.075199999999999712e-01
6.110000000000000000e+02 4.092000000000000082e-01 4.530540000000000123e-01 5.075330000000000119e-01
6.120000000000000000e+02 4.091969999999999774e-01 4.530500000000000083e-01 5.075309999999999544e-01
6.130000000000000000e+02 4.091910000000000269e-01 4.530420000000000003e-01 5.075290000000000079e-01
6.140000000000000000e+02 4.092049999999999854e-01 4.530560000000000143e-01 5.075420000000000487e-01
6.150000000000000000e+02 4.092160000000000242e-01 4.530669999999999975e-01 5.075490000000000279e-01
6.160000000000000000e+02 4.092199999999999727e-01 4.530669999999999975e-01 5.075539999999999496e-01
6.170000000000000000e+02 4.092270000000000074e-01 4.530710000000000015e-01 5.075619999999999576e-01
6.180000000000000000e+02 4.092359999999999887e-01 4.530799999999999828e-01 5.075699999999999656e-01
6.190000000000000000e+02 4.092169999999999974e-01 4.530600000000000183e-01 5.075539999999999496e-01
6.200000000000000000e+02 4.091989999999999794e-01 4.530379999999999963e-01 5.075340000000000407e-01
6.210000000000000000e+02 4.092069999999999874e-01 4.530469999999999775e-01 5.075439999999999952e-01
6.220000000000000000e+02 4.092109999999999914e-01 4.530469999999999775e-01 5.075460000000000527e-01
6.230000000000000000e+02 4.092089999999999894e-01 4.530469999999999775e-01 5.075450000000000239e-01
6.240000000000000000e+02 4.092120000000000202e-01 4.530449999999999755e-01 5.075490000000000279e-01
6.250000000000000000e+02 4.092199999999999727e-01 4.530529999999999835e-01 5.075560000000000072e-01
6.260000000000000000e+02 4.092339999999999867e-01 4.530669999999999975e-01 5.075720000000000232e-01
6.270000000000000000e+02 4.092439999999999967e-01 4.530730000000000035e-01 5.075790000000000024e-01
6.280000000000000000e+02 4.092470000000000274e-01 4.530739999999999768e-01 5.075840000000000352e-01
6.290000000000000000e+02 4.092540000000000067e-01 4.530779999999999808e-01 5.075880000000000392e-01
6.300000000000000000e+02 4.092470000000000274e-01 4.530710000000000015e-01 5.075809999999999489e-01
6.310000000000000000e+02 4.092339999999999867e-01 4.530600000000000183e-01 5.075699999999999656e-01
6.320000000000000000e+02 4.092359999999999887e-01 4.530620000000000203e-01 5.075720000000000232e-01
6.330000000000000000e+02 4.092350000000000154e-01 4.530589999999999895e-01 5.075659999999999616e-01
6.340000000000000000e+02 4.092430000000000234e-01 4.530710000000000015e-01 5.075800000000000312e-01
6.350000000000000000e+02 4.092660000000000187e-01 4.530910000000000215e-01 5.076019999999999976e-01
6.360000000000000000e+02 4.092740000000000267e-01 4.530989999999999740e-01 5.076070000000000304e-01
6.370000000000000000e+02 4.092870000000000119e-01 4.531109999999999860e-01 5.076239999999999641e-01
6.380000000000000000e+02 4.092950000000000199e-01 4.531189999999999940e-01 5.076310000000000544e-01
6.390000000000000000e+02 4.092870000000000119e-01 4.531089999999999840e-01 5.076209999999999889e-01
6.400000000000000000e+02 4.092779999999999752e-01 4.530989999999999740e-01 5.076129999999999809e-01
6.410000000000000000e+02 4.092770000000000019e-01 4.530980000000000008e-01 5.076150000000000384e-01
6.420000000000000000e+02 4.092680000000000207e-01 4.530850000000000155e-01 5.076030000000000264e-01
6.430000000000000000e+02 4.092569999999999819e-01 4.530699999999999728e-01 5.075889999999999569e-01
6.440000000000000000e+02 4.092759999999999732e-01 4.530879999999999908e-01 5.076089999999999769e-01
6.450000000000000000e+02 4.092810000000000059e-01 4.530959999999999988e-01 5.076209999999999889e-01
6.460000000000000000e+02 4.092790000000000039e-01 4.530910000000000215e-01 5.076119999999999521e-01
6.470000000000000000e+02 4.092709999999999959e-01 4.530830000000000135e-01 5.076030000000000264e-01
6.480000000000000000e+02 4.092459999999999987e-01 4.530560000000000143e-01 5.075809999999999489e-01
6.490000000000000000e+02 4.092370000000000174e-01 4.530449999999999755e-01 5.075730000000000519e-01
6.500000000000000000e+02 4.092470000000000274e-01 4.530460000000000043e-01 5.075840000000000352e-01
6.510000000000000000e+02 4.092419999999999947e-01 4.530460000000000043e-01 5.075809999999999489e-01
6.520000000000000000e+02 4.092439999999999967e-01 4.530440000000000023e-01 5.075819999999999776e-01
6.530000000000000000e+02 4.092580000000000107e-01 4.530529999999999835e-01 5.075939999999999896e-01
6.540000000000000000e+02 4.092680000000000207e-01 4.530669999999999975e-01 5.076019999999999976e-01
6.550000000000000000e+02 4.092629999999999879e-01 4.530549999999999855e-01 5.075969999999999649e-01
6.560000000000000000e+02 4.092529999999999779e-01 4.530440000000000023e-01 5.075840000000000352e-01
6.570000000000000000e+02 4.092529999999999779e-01 4.530420000000000003e-01 5.075849999999999529e-01
6.580000000000000000e+02 4.092470000000000274e-01 4.530350000000000210e-01 5.075790000000000024e-01
6.590000000000000000e+02 4.092410000000000214e-01 4.530270000000000130e-01 5.075739999999999696e-01
6.600000000000000000e+02 4.092549999999999799e-01 4.530370000000000230e-01 5.075880000000000392e-01
6.610000000000000000e+02 4.092709999999999959e-01 4.530549999999999855e-01 5.076030000000000264e-01
6.620000000000000000e+02 4.092810000000000059e-01 4.530629999999999935e-01 5.076089999999999769e-01
6.630000000000000000e+02 4.092680000000000207e-01 4.530489999999999795e-01 5.075990000000000224e-01
6.640000000000000000e+02 4.092480000000000007e-01 4.530239999999999823e-01 5.075779999999999736e-01
6.650000000000000000e+02 4.092390000000000194e-01 4.530199999999999783e-01 5.075659999999999616e-01
6.660000000000000000e+02 4.092290000000000094e-01 4.530049999999999910e-01 5.075589999999999824e-01
6.670000000000000000e+02 4.092339999999999867e-01 4.530150000000000010e-01 5.075640000000000152e-01
6.680000000000000000e+02 4.092549999999999799e-01 4.530319999999999903e-01 5.075840000000000352e-01
6.690000000000000000e+02 4.092600000000000127e-01 4.530390000000000250e-01 5.075929999999999609e-01
6.700000000000000000e+02 4.092549999999999799e-01 4.530379999999999963e-01 5.075899999999999856e-01
6.710000000000000000e+02 4.092500000000000027e-01 4.530290000000000150e-01 5.075800000000000312e-01
6.720000000000000000e+02 4.092549999999999799e-01 4.530299999999999883e-01 5.075870000000000104e-01
6.730000000000000000e+02 4.092600000000000127e-01 4.530350000000000210e-01 5.075929999999999609e-01
6.740000000000000000e+02 4.092549999999999799e-01 4.530259999999999843e-01 5.075880000000000392e-01
6.750000000000000000e+02 4.092549999999999799e-01 4.530270000000000130e-01 5.075889999999999569e-01
6.760000000000000000e+02 4.092600000000000127e-01 4.530270000000000130e-01 5.075899999999999856e-01
6.770000000000000000e+02 4.092640000000000167e-01 4.530330000000000190e-01 5.075950000000000184e-01
6.780000000000000000e+02 4.092660000000000187e-01 4.530339999999999923e-01 5.075979999999999936e-01
6.790000000000000000e+02 4.092589999999999839e-01 4.530210000000000070e-01 5.075910000000000144e-01
6.800000000000000000e+02 4.092629999999999879e-01 4.530259999999999843e-01 5.075950000000000184e-01
6.810000000000000000e+02 4.092749999999999999e-01 4.530350000000000210e-01 5.076079999999999481e-01
6.820000000000000000e+02 4.092609999999999859e-01 4.530190000000000050e-01 5.075929999999999609e-01
6.830000000000000000e+02 4.092370000000000174e-01 4.529960000000000098e-01 5.075699999999999656e-01
6.840000000000000000e+02 4.092410000000000214e-01 4.529980000000000118e-01 5.075730000000000519e-01
6.850000000000000000e+02 4.092580000000000107e-01 4.530170000000000030e-01 5.075870000000000104e-01
6.860000000000000000e+02 4.092850000000000099e-01 4.530379999999999963e-01 5.076140000000000096e-01
6.870000000000000000e+02 4.092959999999999932e-01 4.530500000000000083e-01 5.076260000000000217e-01
6.880000000000000000e+02 4.092879999999999852e-01 4.530410000000000270e-01 5.076159999999999561e-01
6.890000000000000000e+02 4.092720000000000247e-01 4.530230000000000090e-01 5.076070000000000304e-01
6.900000000000000000e+02 4.092660000000000187e-01 4.530179999999999763e-01 5.075950000000000184e-01
6.910000000000000000e+02 4.092649999999999899e-01 4.530139999999999723e-01 5.075960000000000472e-01
6.920000000000000000e+02 4.092689999999999939e-01 4.530190000000000050e-01 5.075950000000000184e-01
6.930000000000000000e+02 4.092770000000000019e-01 4.530239999999999823e-01 5.076060000000000016e-01
6.940000000000000000e+02 4.092779999999999752e-01 4.530170000000000030e-01 5.076079999999999481e-01
6.950000000000000000e+02 4.092839999999999812e-01 4.530109999999999970e-01 5.076119999999999521e-01
6.960000000000000000e+02 4.092999999999999972e-01 4.530150000000000010e-01 5.076260000000000217e-01
6.970000000000000000e+02 4.093260000000000232e-01 4.530199999999999783e-01 5.076429999999999554e-01
6.980000000000000000e+02 4.093260000000000232e-01 4.530020000000000158e-01 5.076460000000000417e-01
6.990000000000000000e+02 4.093249999999999944e-01 4.529770000000000185e-01 5.076420000000000377e-01
7.000000000000000000e+02 4.093379999999999797e-01 4.529610000000000025e-01 5.076509999999999634e-01
7.010000000000000000e+02 4.093620000000000037e-01 4.529489999999999905e-01 5.076709999999999834e-01
7.020000000000000000e+02 4.093840000000000257e-01 4.529380000000000073e-01 5.076899999999999746e-01
7.030000000000000000e+02 4.093930000000000069e-01 4.529239999999999933e-01 5.076990000000000114e-01
7.040000000000000000e+02 4.094030000000000169e-01 4.529119999999999813e-01 5.077040000000000441e-01
7.050000000000000000e+02 4.094160000000000021e-01 4.529020000000000268e-01 5.077199999999999491e-01
7.060000000000000000e+02 4.094320000000000181e-01 4.529000000000000248e-01 5.077340000000000186e-01
7.070000000000000000e+02 4.094499999999999806e-01 4.529030000000000000e-01 5.077500000000000346e-01
7.080000000000000000e+02 4.094579999999999886e-01 4.529000000000000248e-01 5.077570000000000139e-01
7.090000000000000000e+02 4.094639999999999946e-01 4.528960000000000208e-01 5.077629999999999644e-01
7.100000000000000000e+02 4.094709999999999739e-01 4.528940000000000188e-01 5.077669999999999684e-01
7.110000000000000000e+02 4.094769999999999799e-01 4.528920000000000168e-01 5.077730000000000299e-01
7.120000000000000000e+02 4.094789999999999819e-01 4.528920000000000168e-01 5.077760000000000051e-01
7.130000000000000000e+02 4.094769999999999799e-01 4.528889999999999860e-01 5.077739999999999476e-01
7.140000000000000000e+02 4.094760000000000066e-01 4.528889999999999860e-01 5.077739999999999476e-01
7.150000000000000000e+02 4.094760000000000066e-01 4.528889999999999860e-01 5.077739999999999476e-01
7.160000000000000000e+02 4.094769999999999799e-01 4.528889999999999860e-01 5.077739999999999476e-01
7.170000000000000000e+02 4.094769999999999799e-01 4.528889999999999860e-01 5.077739999999999476e-01
7.180000000000000000e+02 4.094769999999999799e-01 4.528900000000000148e-01 5.077739999999999476e-01
7.190000000000000000e+02 4.094769999999999799e-01 4.528900000000000148e-01 5.077749999999999764e-01
7.200000000000000000e+02 4.094769999999999799e-01 4.528900000000000148e-01 5.077749999999999764e-01
7.210000000000000000e+02 4.094780000000000086e-01 4.528900000000000148e-01 5.077749999999999764e-01
7.220000000000000000e+02 4.094780000000000086e-01 4.528900000000000148e-01 5.077749999999999764e-01
7.230000000000000000e+02 4.094780000000000086e-01 4.528909999999999880e-01 5.077760000000000051e-01
7.240000000000000000e+02 4.094780000000000086e-01 4.528909999999999880e-01 5.077760000000000051e-01
7.250000000000000000e+02 4.094789999999999819e-01 4.528909999999999880e-01 5.077760000000000051e-01
7.260000000000000000e+02 4.094789999999999819e-01 4.528909999999999880e-01 5.077760000000000051e-01
7.270000000000000000e+02 4.094789999999999819e-01 4.528920000000000168e-01 5.077760000000000051e-01
7.280000000000000000e+02 4.094789999999999819e-01 4.528920000000000168e-01 5.077770000000000339e-01
7.290000000000000000e+02 4.094789999999999819e-01 4.528920000000000168e-01 5.077770000000000339e-01
7.300000000000000000e+02 4.094800000000000106e-01 4.528920000000000168e-01 5.077770000000000339e-01
7.310000000000000000e+02 4.094800000000000106e-01 4.528920000000000168e-01 5.077770000000000339e-01
7.320000000000000000e+02 4.094800000000000106e-01 4.528929999999999900e-01 5.077779999999999516e-01
7.330000000000000000e+02 4.094800000000000106e-01 4.528929999999999900e-01 5.077779999999999516e-01
7.340000000000000000e+02 4.094809999999999839e-01 4.528929999999999900e-01 5.077779999999999516e-01
7.350000000000000000e+02 4.094809999999999839e-01 4.528929999999999900e-01 5.077779999999999516e-01
7.360000000000000000e+02 4.094809999999999839e-01 4.528940000000000188e-01 5.077779999999999516e-01
7.370000000000000000e+02 4.094809999999999839e-01 4.528940000000000188e-01 5.077789999999999804e-01
7.380000000000000000e+02 4.094809999999999839e-01 4.528940000000000188e-01 5.077789999999999804e-01
7.390000000000000000e+02 4.094820000000000126e-01 4.528940000000000188e-01 5.077789999999999804e-01
7.400000000000000000e+02 4.094820000000000126e-01 4.528940000000000188e-01 5.077789999999999804e-01
7.410000000000000000e+02 4.094820000000000126e-01 4.528949999999999920e-01 5.077800000000000091e-01
7.420000000000000000e+02 4.094820000000000126e-01 4.528949999999999920e-01 5.077800000000000091e-01
7.430000000000000000e+02 4.094820000000000126e-01 4.528949999999999920e-01 5.077800000000000091e-01
7.440000000000000000e+02 4.094829999999999859e-01 4.528949999999999920e-01 5.077800000000000091e-01
7.450000000000000000e+02 4.094829999999999859e-01 4.528949999999999920e-01 5.077800000000000091e-01
7.460000000000000000e+02 4.094829999999999859e-01 4.528960000000000208e-01 5.077810000000000379e-01
7.470000000000000000e+02 4.094829999999999859e-01 4.528960000000000208e-01 5.077810000000000379e-01
7.480000000000000000e+02 4.094840000000000146e-01 4.528960000000000208e-01 5.077810000000000379e-01
7.490000000000000000e+02 4.094840000000000146e-01 4.528960000000000208e-01 5.077810000000000379e-01
7.500000000000000000e+02 4.094840000000000146e-01 4.528969999999999940e-01 5.077810000000000379e-01
7.510000000000000000e+02 4.094840000000000146e-01 4.528969999999999940e-01 5.077819999999999556e-01
7.520000000000000000e+02 4.094840000000000146e-01 4.528969999999999940e-01 5.077819999999999556e-01
7.530000000000000000e+02 4.094849999999999879e-01 4.528969999999999940e-01 5.077819999999999556e-01
7.540000000000000000e+02 4.094849999999999879e-01 4.528969999999999940e-01 5.077819999999999556e-01
7.550000000000000000e+02 4.094849999999999879e-01 4.528980000000000228e-01 5.077819999999999556e-01
7.560000000000000000e+02 4.094849999999999879e-01 4.528980000000000228e-01 5.077829999999999844e-01
7.570000000000000000e+02 4.094849999999999879e-01 4.528980000000000228e-01 5.077829999999999844e-01
7.580000000000000000e+02 4.094860000000000166e-01 4.528980000000000228e-01 5.077829999999999844e-01
7.590000000000000000e+02 4.094860000000000166e-01 4.528980000000000228e-01 5.077829999999999844e-01
7.600000000000000000e+02 4.094860000000000166e-01 4.528989999999999960e-01 5.077829999999999844e-01
7.610000000000000000e+02 4.094860000000000166e-01 4.528989999999999960e-01 5.077840000000000131e-01
7.620000000000000000e+02 4.094860000000000166e-01 4.528989999999999960e-01 5.077840000000000131e-01
7.630000000000000000e+02 4.094869999999999899e-01 4.528989999999999960e-01 5.077840000000000131e-01
7.640000000000000000e+02 4.094869999999999899e-01 4.528989999999999960e-01 5.077840000000000131e-01
7.650000000000000000e+02 4.094869999999999899e-01 4.529000000000000248e-01 5.077840000000000131e-01
7.660000000000000000e+02 4.094869999999999899e-01 4.529000000000000248e-01 5.077850000000000419e-01
7.670000000000000000e+02 4.094869999999999899e-01 4.529000000000000248e-01 5.077850000000000419e-01
7.680000000000000000e+02 4.094880000000000186e-01 4.529000000000000248e-01 5.077850000000000419e-01
7.690000000000000000e+02 4.094880000000000186e-01 4.529000000000000248e-01 5.077850000000000419e-01
7.700000000000000000e+02 4.094880000000000186e-01 4.529009999999999980e-01 5.077850000000000419e-01
7.710000000000000000e+02 4.094880000000000186e-01 4.529009999999999980e-01 5.077859999999999596e-01
7.720000000000000000e+02 4.094880000000000186e-01 4.529009999999999980e-01 5.077859999999999596e-01
7.730000000000000000e+02 4.094889999999999919e-01 4.529009999999999980e-01 5.077859999999999596e-01
7.740000000000000000e+02 4.094889999999999919e-01 4.529009999999999980e-01 5.077859999999999596e-01
7.750000000000000000e+02 4.094889999999999919e-01 4.529020000000000268e-01 5.077859999999999596e-01
7.760000000000000000e+02 4.094889999999999919e-01 4.529020000000000268e-01 5.077869999999999884e-01
7.770000000000000000e+02 4.094889999999999919e-01 4.529020000000000268e-01 5.077869999999999884e-01
7.780000000000000000e+02 4.094900000000000206e-01 4.529020000000000268e-01 5.077869999999999884e-01
7.790000000000000000e+02 4.094900000000000206e-01 4.529020000000000268e-01 5.077869999999999884e-01
7.800000000000000000e+02 4.094900000000000206e-01 4.529020000000000268e-01 5.077869999999999884e-01
7.810000000000000000e+02 4.094900000000000206e-01 4.529030000000000000e-01 5.077880000000000171e-01
7.820000000000000000e+02 4.094900000000000206e-01 4.529030000000000000e-01 5.077880000000000171e-01
7.830000000000000000e+02 4.094900000000000206e-01 4.529030000000000000e-01 5.077880000000000171e-01
7.840000000000000000e+02 4.094909999999999939e-01 4.529030000000000000e-01 5.077880000000000171e-01
7.850000000000000000e+02 4.094909999999999939e-01 4.529030000000000000e-01 5.077880000000000171e-01
7.860000000000000000e+02 4.094909999999999939e-01 4.529039999999999733e-01 5.077890000000000459e-01
7.870000000000000000e+02 4.094909999999999939e-01 4.529039999999999733e-01 5.077890000000000459e-01
7.880000000000000000e+02 4.094909999999999939e-01 4.529039999999999733e-01 5.077890000000000459e-01
7.890000000000000000e+02 4.094920000000000226e-01 4.529039999999999733e-01 5.077890000000000459e-01
7.900000000000000000e+02 4.094920000000000226e-01 4.529039999999999733e-01 5.077890000000000459e-01
7.910000000000000000e+02 4.094920000000000226e-01 4.529050000000000020e-01 5.077890000000000459e-01
7.920000000000000000e+02 4.094920000000000226e-01 4.529050000000000020e-01 5.077899999999999636e-01
7.930000000000000000e+02 4.094920000000000226e-01 4.529050000000000020e-01 5.077899999999999636e-01
7.940000000000000000e+02 4.094929999999999959e-01 4.529050000000000020e-01 5.077899999999999636e-01
7.950000000000000000e+02 4.094929999999999959e-01 4.529050000000000020e-01 5.077899999999999636e-01
7.960000000000000000e+02 4.094929999999999959e-01 4.529059999999999753e-01 5.077899999999999636e-01
7.970000000000000000e+02 4.094929999999999959e-01 4.529059999999999753e-01 5.077909999999999924e-01
7.980000000000000000e+02 4.094929999999999959e-01 4.529059999999999753e-01 5.077909999999999924e-01
7.990000000000000000e+02 4.094929999999999959e-01 4.529059999999999753e-01 5.077909999999999924e-01
8.000000000000000000e+02 4.094940000000000246e-01 4.529059999999999753e-01 5.077909999999999924e-01
8.010000000000000000e+02 4.094940000000000246e-01 4.529059999999999753e-01 5.077909999999999924e-01
8.020000000000000000e+02 4.094940000000000246e-01 4.529070000000000040e-01 5.077920000000000211e-01
8.030000000000000000e+02 4.094940000000000246e-01 4.529070000000000040e-01 5.077920000000000211e-01
8.040000000000000000e+02 4.094940000000000246e-01 4.529070000000000040e-01 5.077920000000000211e-01
8.050000000000000000e+02 4.094949999999999979e-01 4.529070000000000040e-01 5.077920000000000211e-01
8.060000000000000000e+02 4.094949999999999979e-01 4.529070000000000040e-01 5.077920000000000211e-01
8.070000000000000000e+02 4.094949999999999979e-01 4.529079999999999773e-01 5.077920000000000211e-01
8.080000000000000000e+02 4.094949999999999979e-01 4.529079999999999773e-01 5.077930000000000499e-01
8.090000000000000000e+02 4.094949999999999979e-01 4.529079999999999773e-01 5.077930000000000499e-01
8.100000000000000000e+02 4.094949999999999979e-01 4.529079999999999773e-01 5.077930000000000499e-01
8.110000000000000000e+02 4.094960000000000266e-01 4.529079999999999773e-01 5.077930000000000499e-01
8.120000000000000000e+02 4.094960000000000266e-01 4.529079999999999773e-01 5.077930000000000499e-01
8.130000000000000000e+02 4.094960000000000266e-01 4.529090000000000060e-01 5.077930000000000499e-01
8.140000000000000000e+02 4.094960000000000266e-01 4.529090000000000060e-01 5.077939999999999676e-01
8.150000000000000000e+02 4.094960000000000266e-01 4.529090000000000060e-01 5.077939999999999676e-01
8.160000000000000000e+02 4.094969999999999999e-01 4.529090000000000060e-01 5.077939999999999676e-01
8.170000000000000000e+02 4.094969999999999999e-01 4.529090000000000060e-01 5.077939999999999676e-01
8.180000000000000000e+02 4.094969999999999999e-01 4.529090000000000060e-01 5.077939999999999676e-01
8.190000000000000000e+02 4.094969999999999999e-01 4.529099999999999793e-01 5.077949999999999964e-01
8.200000000000000000e+02 4.094969999999999999e-01 4.529099999999999793e-01 5.077949999999999964e-01
8.210000000000000000e+02 4.094969999999999999e-01 4.529099999999999793e-01 5.077949999999999964e-01
8.220000000000000000e+02 4.094979999999999731e-01 4.529099999999999793e-01 5.077949999999999964e-01
8.230000000000000000e+02 4.094979999999999731e-01 4.529099999999999793e-01 5.077949999999999964e-01
8.240000000000000000e+02 4.094979999999999731e-01 4.529099999999999793e-01 5.077949999999999964e-01
8.250000000000000000e+02 4.094979999999999731e-01 4.529110000000000080e-01 5.077960000000000251e-01
8.260000000000000000e+02 4.094979999999999731e-01 4.529110000000000080e-01 5.077960000000000251e-01
8.270000000000000000e+02 4.094979999999999731e-01 4.529110000000000080e-01 5.077960000000000251e-01
8.280000000000000000e+02 4.094990000000000019e-01 4.529110000000000080e-01 5.077960000000000251e-01
8.290000000000000000e+02 4.094990000000000019e-01 4.529110000000000080e-01 5.077960000000000251e-01
8.300000000000000000e+02 4.094990000000000019e-01 4.529119999999999813e-01 5.077960000000000251e-01
8.310000000000000000e+02 4.094990000000000019e-01 4.529119999999999813e-01 5.077970000000000539e-01
8.320000000000000000e+02 4.094990000000000019e-01 4.529119999999999813e-01 5.077970000000000539e-01
8.330000000000000000e+02 4.094990000000000019e-01 4.529119999999999813e-01 5.077970000000000539e-01
8.340000000000000000e+02 4.094999999999999751e-01 4.529119999999999813e-01 5.077970000000000539e-01
8.350000000000000000e+02 4.094999999999999751e-01 4.529119999999999813e-01 5.077970000000000539e-01
8.360000000000000000e+02 4.094999999999999751e-01 4.529130000000000100e-01 5.077970000000000539e-01
8.370000000000000000e+02 4.094999999999999751e-01 4.529130000000000100e-01 5.077979999999999716e-01
8.380000000000000000e+02 4.094999999999999751e-01 4.529130000000000100e-01 5.077979999999999716e-01
8.390000000000000000e+02 4.094999999999999751e-01 4.529130000000000100e-01 5.077979999999999716e-01
8.400000000000000000e+02 4.095010000000000039e-01 4.529130000000000100e-01 5.077979999999999716e-01
8.410000000000000000e+02 4.095010000000000039e-01 4.529130000000000100e-01 5.077979999999999716e-01
8.420000000000000000e+02 4.095010000000000039e-01 4.529139999999999833e-01 5.077979999999999716e-01
8.430000000000000000e+02 4.095010000000000039e-01 4.529139999999999833e-01 5.077990000000000004e-01
8.440000000000000000e+02 4.095010000000000039e-01 4.529139999999999833e-01 5.077990000000000004e-01
8.450000000000000000e+02 4.095010000000000039e-01 4.529139999999999833e-01 5.077990000000000004e-01
8.460000000000000000e+02 4.095019999999999771e-01 4.529139999999999833e-01 5.077990000000000004e-01
8.470000000000000000e+02 4.095019999999999771e-01 4.529139999999999833e-01 5.077990000000000004e-01
8.480000000000000000e+02 4.095019999999999771e-01 4.529150000000000120e-01 5.077990000000000004e-01
8.490000000000000000e+02 4.095019999999999771e-01 4.529150000000000120e-01 5.078000000000000291e-01
8.500000000000000000e+02 4.095019999999999771e-01 4.529150000000000120e-01 5.078000000000000291e-01
8.510000000000000000e+02 4.095019999999999771e-01 4.529150000000000120e-01 5.078000000000000291e-01
8.520000000000000000e+02 4.095030000000000059e-01 4.529150000000000120e-01 5.078000000000000291e-01
8.530000000000000000e+02 4.095030000000000059e-01 4.529150000000000120e-01 5.078000000000000291e-01
8.540000000000000000e+02 4.095030000000000059e-01 4.529150000000000120e-01 5.078000000000000291e-01
8.550000000000000000e+02 4.095030000000000059e-01 4.529159999999999853e-01 5.078009999999999469e-01
8.560000000000000000e+02 4.095030000000000059e-01 4.529159999999999853e-01 5.078009999999999469e-01
8.570000000000000000e+02 4.095030000000000059e-01 4.529159999999999853e-01 5.078009999999999469e-01
8.580000000000000000e+02 4.095039999999999791e-01 4.529159999999999853e-01 5.078009999999999469e-01
8.590000000000000000e+02 4.095039999999999791e-01 4.529159999999999853e-01 5.078009999999999469e-01
8.600000000000000000e+02 4.095039999999999791e-01 4.529159999999999853e-01 5.078009999999999469e-01
8.610000000000000000e+02 4.095039999999999791e-01 4.529170000000000140e-01 5.078019999999999756e-01
8.620000000000000000e+02 4.095039999999999791e-01 4.529170000000000140e-01 5.078019999999999756e-01
8.630000000000000000e+02 4.095039999999999791e-01 4.529170000000000140e-01 5.078019999999999756e-01
8.640000000000000000e+02 4.095050000000000079e-01 4.529170000000000140e-01 5.078019999999999756e-01
8.650000000000000000e+02 4.095050000000000079e-01 4.529170000000000140e-01 5.078019999999999756e-01
8.660000000000000000e+02 4.095050000000000079e-01 4.529170000000000140e-01 5.078019999999999756e-01
8.670000000000000000e+02 4.095050000000000079e-01 4.529179999999999873e-01 5.078019999999999756e-01
8.680000000000000000e+02 4.095050000000000079e-01 4.529179999999999873e-01 5.078030000000000044e-01
8.690000000000000000e+02 4.095050000000000079e-01 4.529179999999999873e-01 5.078030000000000044e-01
8.700000000000000000e+02 4.095050000000000079e-01 4.529179999999999873e-01 5.078030000000000044e-01
8.710000000000000000e+02 4.095059999999999811e-01 4.529179999999999873e-01 5.078030000000000044e-01
8.720000000000000000e+02 4.095059999999999811e-01 4.529179999999999873e-01 5.078030000000000044e-01
8.730000000000000000e+02 4.095059999999999811e-01 4.529179999999999873e-01 5.078030000000000044e-01
8.740000000000000000e+02 4.095059999999999811e-01 4.529190000000000160e-01 5.078040000000000331e-01
8.750000000000000000e+02 4.095059999999999811e-01 4.529190000000000160e-01 5.078040000000000331e-01
8.760000000000000000e+02 4.095059999999999811e-01 4.529190000000000160e-01 5.078040000000000331e-01
8.770000000000000000e+02 4.095059999999999811e-01 4.529190000000000160e-01 5.078040000000000331e-01
8.780000000000000000e+02 4.095070000000000099e-01 4.529190000000000160e-01 5.078040000000000331e-01
8.790000000000000000e+02 4.095070000000000099e-01 4.529190000000000160e-01 5.078040000000000331e-01
8.800000000000000000e+02 4.095070000000000099e-01 4.529199999999999893e-01 5.078040000000000331e-01
8.810000000000000000e+02 4.095070000000000099e-01 4.529199999999999893e-01 5.078049999999999509e-01
8.820000000000000000e+02 4.095070000000000099e-01 4.529199999999999893e-01 5.078049999999999509e-01
8.830000000000000000e+02 4.095070000000000099e-01 4.529199999999999893e-01 5.078049999999999509e-01
8.840000000000000000e+02 4.095079999999999831e-01 4.529199999999999893e-01 5.078049999999999509e-01
8.850000000000000000e+02 4.095079999999999831e-01 4.529199999999999893e-01 5.078049999999999509e-01
8.860000000000000000e+02 4.095079999999999831e-01 4.529199999999999893e-01 5.078049999999999509e-01
8.870000000000000000e+02 4.095079999999999831e-01 4.529210000000000180e-01 5.078059999999999796e-01
8.880000000000000000e+02 4.095079999999999831e-01 4.529210000000000180e-01 5.078059999999999796e-01
8.890000000000000000e+02 4.095079999999999831e-01 4.529210000000000180e-01 5.078059999999999796e-01
8.900000000000000000e+02 4.095079999999999831e-01 4.529210000000000180e-01 5.078059999999999796e-01
8.910000000000000000e+02 4.095090000000000119e-01 4.529210000000000180e-01 5.078059999999999796e-01
8.920000000000000000e+02 4.095090000000000119e-01 4.529210000000000180e-01 5.078059999999999796e-01
8.930000000000000000e+02 4.095090000000000119e-01 4.529210000000000180e-01 5.078059999999999796e-01
8.940000000000000000e+02 4.095090000000000119e-01 4.529219999999999913e-01 5.078070000000000084e-01
8.950000000000000000e+02 4.095090000000000119e-01 4.529219999999999913e-01 5.078070000000000084e-01
8.960000000000000000e+02 4.095090000000000119e-01 4.529219999999999913e-01 5.078070000000000084e-01
8.970000000000000000e+02 4.095090000000000119e-01 4.529219999999999913e-01 5.078070000000000084e-01
8.980000000000000000e+02 4.095099999999999851e-01 4.529219999999999913e-01 5.078070000000000084e-01
8.990000000000000000e+02 4.095099999999999851e-01 4.529219999999999913e-01 5.078070000000000084e-01
9.000000000000000000e+02 4.095099999999999851e-01 4.529219999999999913e-01 5.078070000000000084e-01
9.010000000000000000e+02 4.095099999999999851e-01 4.529230000000000200e-01 5.078080000000000371e-01
9.020000000000000000e+02 4.095099999999999851e-01 4.529230000000000200e-01 5.078080000000000371e-01
9.030000000000000000e+02 4.095099999999999851e-01 4.529230000000000200e-01 5.078080000000000371e-01
9.040000000000000000e+02 4.095099999999999851e-01 4.529230000000000200e-01 5.078080000000000371e-01
9.050000000000000000e+02 4.095110000000000139e-01 4.529230000000000200e-01 5.078080000000000371e-01
9.060000000000000000e+02 4.095110000000000139e-01 4.529230000000000200e-01 5.078080000000000371e-01
9.070000000000000000e+02 4.095110000000000139e-01 4.529230000000000200e-01 5.078080000000000371e-01
9.080000000000000000e+02 4.095110000000000139e-01 4.529239999999999933e-01 5.078089999999999549e-01
9.090000000000000000e+02 4.095110000000000139e-01 4.529239999999999933e-01 5.078089999999999549e-01
9.100000000000000000e+02 4.095110000000000139e-01 4.529239999999999933e-01 5.078089999999999549e-01
9.110000000000000000e+02 4.095110000000000139e-01 4.529239999999999933e-01 5.078089999999999549e-01
9.120000000000000000e+02 4.095119999999999871e-01 4.529239999999999933e-01 5.078089999999999549e-01
9.130000000000000000e+02 4.095119999999999871e-01 4.529239999999999933e-01 5.078089999999999549e-01
9.140000000000000000e+02 4.095119999999999871e-01 4.529239999999999933e-01 5.078089999999999549e-01
9.150000000000000000e+02 4.095119999999999871e-01 4.529250000000000220e-01 5.078099999999999836e-01
9.160000000000000000e+02 4.095119999999999871e-01 4.529250000000000220e-01 5.078099999999999836e-01
9.170000000000000000e+02 4.095119999999999871e-01 4.529250000000000220e-01 5.078099999999999836e-01
9.180000000000000000e+02 4.095119999999999871e-01 4.529250000000000220e-01 5.078099999999999836e-01
9.190000000000000000e+02 4.095130000000000159e-01 4.529250000000000220e-01 5.078099999999999836e-01
9.200000000000000000e+02 4.095130000000000159e-01 4.529250000000000220e-01 5.078099999999999836e-01
9.210000000000000000e+02 4.095130000000000159e-01 4.529250000000000220e-01 5.078099999999999836e-01
9.220000000000000000e+02 4.095130000000000159e-01 4.529259999999999953e-01 5.078110000000000124e-01
9.230000000000000000e+02 4.095130000000000159e-01 4.529259999999999953e-01 5.078110000000000124e-01
9.240000000000000000e+02 4.095130000000000159e-01 4.529259999999999953e-01 5.078110000000000124e-01
9.250000000000000000e+02 4.095130000000000159e-01 4.529259999999999953e-01 5.078110000000000124e-01
9.260000000000000000e+02 4.095139999999999891e-01 4.529259999999999953e-01 5.078110000000000124e-01
9.270000000000000000e+02 4.095139999999999891e-01 4.529259999999999953e-01 5.078110000000000124e-01
9.280000000000000000e+02 4.095139999999999891e-01 4.529259999999999953e-01 5.078110000000000124e-01
9.290000000000000000e+02 4.095139999999999891e-01 4.529270000000000240e-01 5.078110000000000124e-01
9.300000000000000000e+02 4.095139999999999891e-01 4.529270000000000240e-01 5.078120000000000411e-01
9.310000000000000000e+02 4.095139999999999891e-01 4.529270000000000240e-01 5.078120000000000411e-01
9.320000000000000000e+02 4.095139999999999891e-01 4.529270000000000240e-01 5.078120000000000411e-01
9.330000000000000000e+02 4.095139999999999891e-01 4.529270000000000240e-01 5.078120000000000411e-01
9.340000000000000000e+02 4.095150000000000179e-01 4.529270000000000240e-01 5.078120000000000411e-01
9.350000000000000000e+02 4.095150000000000179e-01 4.529270000000000240e-01 5.078120000000000411e-01
9.360000000000000000e+02 4.095150000000000179e-01 4.529270000000000240e-01 5.078120000000000411e-01
9.370000000000000000e+02 4.095150000000000179e-01 4.529279999999999973e-01 5.078129999999999589e-01
9.380000000000000000e+02 4.095150000000000179e-01 4.529279999999999973e-01 5.078129999999999589e-01
9.390000000000000000e+02 4.095150000000000179e-01 4.529279999999999973e-01 5.078129999999999589e-01
9.400000000000000000e+02 4.095150000000000179e-01 4.529279999999999973e-01 5.078129999999999589e-01
9.410000000000000000e+02 4.095159999999999911e-01 4.529279999999999973e-01 5.078129999999999589e-01
9.420000000000000000e+02 4.095159999999999911e-01 4.529279999999999973e-01 5.078129999999999589e-01
9.430000000000000000e+02 4.095159999999999911e-01 4.529279999999999973e-01 5.078129999999999589e-01
9.440000000000000000e+02 4.095159999999999911e-01 4.529290000000000260e-01 5.078129999999999589e-01
9.450000000000000000e+02 4.095159999999999911e-01 4.529290000000000260e-01 5.078139999999999876e-01
9.460000000000000000e+02 4.095159999999999911e-01 4.529290000000000260e-01 5.078139999999999876e-01
9.470000000000000000e+02 4.095159999999999911e-01 4.529290000000000260e-01 5.078139999999999876e-01
9.480000000000000000e+02 4.095159999999999911e-01 4.529290000000000260e-01 5.078139999999999876e-01
9.490000000000000000e+02 4.095170000000000199e-01 4.529290000000000260e-01 5.078139999999999876e-01
9.500000000000000000e+02 4.095170000000000199e-01 4.529290000000000260e-01 5.078139999999999876e-01
9.510000000000000000e+02 4.095170000000000199e-01 4.529290000000000260e-01 5.078139999999999876e-01
9.520000000000000000e+02 4.095170000000000199e-01 4.529299999999999993e-01 5.078150000000000164e-01
9.530000000000000000e+02 4.095170000000000199e-01 4.529299999999999993e-01 5.078150000000000164e-01
9.540000000000000000e+02 4.095170000000000199e-01 4.529299999999999993e-01 5.078150000000000164e-01
9.550000000000000000e+02 4.095170000000000199e-01 4.529299999999999993e-01 5.078150000000000164e-01
9.560000000000000000e+02 4.095179999999999931e-01 4.529299999999999993e-01 5.078150000000000164e-01
9.570000000000000000e+02 4.095179999999999931e-01 4.529299999999999993e-01 5.078150000000000164e-01
9.580000000000000000e+02 4.095179999999999931e-01 4.529299999999999993e-01 5.078150000000000164e-01
9.590000000000000000e+02 4.095179999999999931e-01 4.529299999999999993e-01 5.078150000000000164e-01
9.600000000000000000e+02 4.095179999999999931e-01 4.529309999999999725e-01 5.078160000000000451e-01
9.610000000000000000e+02 4.095179999999999931e-01 4.529309999999999725e-01 5.078160000000000451e-01
9.620000000000000000e+02 4.095179999999999931e-01 4.529309999999999725e-01 5.078160000000000451e-01
9.630000000000000000e+02 4.095179999999999931e-01 4.529309999999999725e-01 5.078160000000000451e-01
9.640000000000000000e+02 4.095190000000000219e-01 4.529309999999999725e-01 5.078160000000000451e-01
9.650000000000000000e+02 4.095190000000000219e-01 4.529309999999999725e-01 5.078160000000000451e-01
9.660000000000000000e+02 4.095190000000000219e-01 4.529309999999999725e-01 5.078160000000000451e-01
9.670000000000000000e+02 4.095190000000000219e-01 4.529309999999999725e-01 5.078160000000000451e-01
9.680000000000000000e+02 4.095190000000000219e-01 4.529320000000000013e-01 5.078169999999999629e-01
9.690000000000000000e+02 4.095190000000000219e-01 4.529320000000000013e-01 5.078169999999999629e-01
9.700000000000000000e+02 4.095190000000000219e-01 4.529320000000000013e-01 5.078169999999999629e-01
9.710000000000000000e+02 4.095190000000000219e-01 4.529320000000000013e-01 5.078169999999999629e-01
9.720000000000000000e+02 4.095199999999999951e-01 4.529320000000000013e-01 5.078169999999999629e-01
9.730000000000000000e+02 4.095199999999999951e-01 4.529320000000000013e-01 5.078169999999999629e-01
9.740000000000000000e+02 4.095199999999999951e-01 4.529320000000000013e-01 5.078169999999999629e-01
9.750000000000000000e+02 4.095199999999999951e-01 4.529320000000000013e-01 5.078169999999999629e-01
9.760000000000000000e+02 4.095199999999999951e-01 4.529329999999999745e-01 5.078179999999999916e-01
9.770000000000000000e+02 4.095199999999999951e-01 4.529329999999999745e-01 5.078179999999999916e-01
9.780000000000000000e+02 4.095199999999999951e-01 4.529329999999999745e-01 5.078179999999999916e-01
9.790000000000000000e+02 4.095199999999999951e-01 4.529329999999999745e-01 5.078179999999999916e-01
9.800000000000000000e+02 4.095210000000000239e-01 4.529329999999999745e-01 5.078179999999999916e-01
9.810000000000000000e+02 4.095210000000000239e-01 4.529329999999999745e-01 5.078179999999999916e-01
9.820000000000000000e+02 4.095210000000000239e-01 4.529329999999999745e-01 5.078179999999999916e-01
9.830000000000000000e+02 4.095210000000000239e-01 4.529329999999999745e-01 5.078179999999999916e-01
9.840000000000000000e+02 4.095210000000000239e-01 4.529340000000000033e-01 5.078190000000000204e-01
9.850000000000000000e+02 4.095210000000000239e-01 4.529340000000000033e-01 5.078190000000000204e-01
9.860000000000000000e+02 4.095210000000000239e-01 4.529340000000000033e-01 5.078190000000000204e-01
9.870000000000000000e+02 4.095210000000000239e-01 4.529340000000000033e-01 5.078190000000000204e-01
9.880000000000000000e+02 4.095210000000000239e-01 4.529340000000000033e-01 5.078190000000000204e-01
9.890000000000000000e+02 4.095219999999999971e-01 4.529340000000000033e-01 5.078190000000000204e-01
9.900000000000000000e+02 4.095219999999999971e-01 4.529340000000000033e-01 5.078190000000000204e-01
9.910000000000000000e+02 4.095219999999999971e-01 4.529340000000000033e-01 5.078190000000000204e-01
9.920000000000000000e+02 4.095219999999999971e-01 4.529349999999999765e-01 5.078190000000000204e-01
9.930000000000000000e+02 4.095219999999999971e-01 4.529349999999999765e-01 5.078200000000000491e-01
9.940000000000000000e+02 4.095219999999999971e-01 4.529349999999999765e-01 5.078200000000000491e-01
9.950000000000000000e+02 4.095219999999999971e-01 4.529349999999999765e-01 5.078200000000000491e-01
9.960000000000000000e+02 4.095219999999999971e-01 4.529349999999999765e-01 5.078200000000000491e-01
9.970000000000000000e+02 4.095230000000000259e-01 4.529349999999999765e-01 5.078200000000000491e-01
9.980000000000000000e+02 4.095230000000000259e-01 4.529349999999999765e-01 5.078200000000000491e-01
9.990000000000000000e+02 4.095230000000000259e-01 4.529349999999999765e-01 5.078200000000000491e-01
1.000000000000000000e+03 4.095230000000000259e-01 4.529349999999999765e-01 5.078200000000000491e-01
1.001000000000000000e+03 4.095230000000000259e-01 4.529360000000000053e-01 5.078209999999999669e-01
1.002000000000000000e+03 4.095230000000000259e-01 4.529360000000000053e-01 5.078209999999999669e-01
1.003000000000000000e+03 4.095230000000000259e-01 4.529360000000000053e-01 5.078209999999999669e-01
1.004000000000000000e+03 4.095230000000000259e-01 4.529360000000000053e-01 5.078209999999999669e-01
1.005000000000000000e+03 4.095230000000000259e-01 4.529360000000000053e-01 5.078209999999999669e-01
1.006000000000000000e+03 4.095239999999999991e-01 4.529360000000000053e-01 5.078209999999999669e-01
1.007000000000000000e+03 4.095239999999999991e-01 4.529360000000000053e-01 5.078209999999999669e-01
1.008000000000000000e+03 4.095239999999999991e-01 4.529360000000000053e-01 5.078209999999999669e-01
1.009000000000000000e+03 4.095239999999999991e-01 4.529369999999999785e-01 5.078209999999999669e-01
