1.000000000000000000e+01 -6.538599999999999968e-02 -8.935999999999999499e-03 3.661600000000000271e-02
1.100000000000000000e+01 -5.362000000000000099e-02 -1.063300000000000009e-02 4.538799999999999779e-02
1.200000000000000000e+01 -4.728500000000000064e-02 -3.930999999999999599e-03 5.585099999999999787e-02
1.300000000000000000e+01 -4.391699999999999771e-02 3.959999999999999978e-03 4.257099999999999773e-02
1.400000000000000000e+01 -3.448600000000000276e-02 7.297999999999999800e-03 6.136599999999999694e-02
1.500000000000000000e+01 -4.525200000000000056e-02 2.321000000000000146e-03 5.285000000000000114e-02
1.600000000000000000e+01 -4.393899999999999889e-02 7.830000000000000154e-03 5.348100000000000076e-02
1.700000000000000000e+01 -3.998399999999999871e-02 1.293300000000000005e-02 6.044200000000000267e-02
1.800000000000000000e+01 -3.117199999999999832e-02 1.844700000000000159e-02 6.735800000000000121e-02
1.900000000000000000e+01 -3.073000000000000037e-02 2.297199999999999936e-02 7.091600000000000681e-02
2.000000000000000000e+01 -2.337699999999999848e-02 2.323000000000000065e-02 7.323999999999999955e-02
2.100000000000000000e+01 -2.102400000000000102e-02 1.951599999999999863e-02 7.925899999999999612e-02
2.200000000000000000e+01 -9.738000000000000128e-03 3.340499999999999720e-02 8.996600000000000430e-02
2.300000000000000000e+01 -7.692000000000000053e-03 4.268000000000000266e-02 9.060400000000000398e-02
2.400000000000000000e+01 -5.813999999999999724e-03 4.297200000000000325e-02 9.784299999999999942e-02
2.500000000000000000e+01 -9.779999999999999197e-04 4.715799999999999853e-02 9.726799999999999335e-02
2.600000000000000000e+01 8.299999999999999815e-05 4.855799999999999700e-02 1.021679999999999949e-01
2.700000000000000000e+01 6.801999999999999887e-03 5.774900000000000172e-02 1.009349999999999969e-01
2.800000000000000000e+01 5.905999999999999792e-03 5.474899999999999906e-02 1.054670000000000052e-01
2.900000000000000000e+01 1.283499999999999919e-02 6.101600000000000079e-02 1.125950000000000006e-01
3.000000000000000000e+01 1.618599999999999900e-02 6.257000000000000062e-02 1.139720000000000039e-01
3.100000000000000000e+01 1.872300000000000006e-02 6.934400000000000286e-02 1.157330000000000025e-01
3.200000000000000000e+01 2.657699999999999993e-02 7.669600000000000029e-02 1.306160000000000099e-01
3.300000000000000000e+01 2.779999999999999832e-02 7.620100000000000484e-02 1.234880000000000005e-01
3.400000000000000000e+01 2.877800000000000150e-02 7.733299999999999896e-02 1.327790000000000081e-01
3.500000000000000000e+01 3.188300000000000162e-02 7.873900000000000343e-02 1.305870000000000086e-01
3.600000000000000000e+01 3.498199999999999921e-02 8.484200000000000075e-02 1.343949999999999867e-01
3.700000000000000000e+01 3.790799999999999725e-02 8.823200000000000487e-02 1.389120000000000077e-01
3.800000000000000000e+01 4.106900000000000134e-02 9.042500000000000537e-02 1.441649999999999876e-01
3.900000000000000000e+01 4.590899999999999842e-02 9.313699999999999757e-02 1.451050000000000118e-01
4.000000000000000000e+01 4.996300000000000047e-02 9.815500000000000613e-02 1.498190000000000077e-01
4.100000000000000000e+01 5.509900000000000214e-02 1.023229999999999973e-01 1.564139999999999975e-01
4.200000000000000000e+01 5.808399999999999674e-02 1.037899999999999934e-01 1.588499999999999912e-01
4.300000000000000000e+01 6.173700000000000021e-02 1.098510000000000042e-01 1.639859999999999929e-01
4.400000000000000000e+01 6.443799999999999528e-02 1.145609999999999962e-01 1.645210000000000006e-01
4.500000000000000000e+01 6.570499999999999952e-02 1.142340000000000022e-01 1.643229999999999968e-01
4.600000000000000000e+01 6.612999999999999434e-02 1.143229999999999941e-01 1.656269999999999964e-01
4.700000000000000000e+01 7.099400000000000155e-02 1.190599999999999992e-01 1.715260000000000118e-01
4.800000000000000000e+01 7.439099999999999879e-02 1.236209999999999948e-01 1.762880000000000003e-01
4.900000000000000000e+01 7.879500000000000393e-02 1.269869999999999888e-01 1.782340000000000035e-01
5.000000000000000000e+01 8.275499999999999523e-02 1.292419999999999958e-01 1.826210000000000055e-01
5.100000000000000000e+01 8.523100000000000120e-02 1.345580000000000109e-01 1.861339999999999939e-01
5.200000000000000000e+01 8.888999999999999679e-02 1.370059999999999889e-01 1.902099999999999902e-01
5.300000000000000000e+01 9.174100000000000310e-02 1.402789999999999870e-01 1.945389999999999897e-01
5.400000000000000000e+01 9.382600000000000662e-02 1.429269999999999985e-01 1.948499999999999954e-01
5.500000000000000000e+01 9.550200000000000355e-02 1.432049999999999990e-01 1.973570000000000046e-01
5.600000000000000000e+01 9.773300000000000043e-02 1.440909999999999969e-01 1.985949999999999938e-01
5.700000000000000000e+01 1.015390000000000043e-01 1.492779999999999940e-01 2.024509999999999921e-01
5.800000000000000000e+01 1.047010000000000024e-01 1.524139999999999939e-01 2.056910000000000127e-01
5.900000000000000000e+01 1.077029999999999932e-01 1.567810000000000037e-01 2.089600000000000068e-01
6.000000000000000000e+01 1.114010000000000000e-01 1.587159999999999960e-01 2.131190000000000029e-01
6.100000000000000000e+01 1.152210000000000040e-01 1.626859999999999973e-01 2.166820000000000135e-01
6.200000000000000000e+01 1.190819999999999934e-01 1.663550000000000029e-01 2.214550000000000129e-01
6.300000000000000000e+01 1.204220000000000013e-01 1.689819999999999933e-01 2.222909999999999886e-01
6.400000000000000000e+01 1.227869999999999934e-01 1.699120000000000075e-01 2.242800000000000071e-01
6.500000000000000000e+01 1.247800000000000020e-01 1.739459999999999895e-01 2.256869999999999987e-01
6.600000000000000000e+01 1.287290000000000101e-01 1.767739999999999867e-01 2.305169999999999997e-01
6.700000000000000000e+01 1.310580000000000078e-01 1.801609999999999878e-01 2.333659999999999901e-01
6.800000000000000000e+01 1.340250000000000052e-01 1.815940000000000054e-01 2.361929999999999863e-01
6.900000000000000000e+01 1.373860000000000081e-01 1.835259999999999947e-01 2.395780000000000132e-01
7.000000000000000000e+01 1.415599999999999914e-01 1.883330000000000004e-01 2.429870000000000085e-01
7.100000000000000000e+01 1.432499999999999885e-01 1.915010000000000046e-01 2.445740000000000136e-01
7.200000000000000000e+01 1.451639999999999875e-01 1.923700000000000132e-01 2.479560000000000097e-01
7.300000000000000000e+01 1.470629999999999993e-01 1.958920000000000106e-01 2.486339999999999939e-01
7.400000000000000000e+01 1.502680000000000127e-01 1.974090000000000011e-01 2.513329999999999731e-01
7.500000000000000000e+01 1.535209999999999908e-01 2.018340000000000134e-01 2.551180000000000114e-01
7.600000000000000000e+01 1.563569999999999960e-01 2.034310000000000007e-01 2.580689999999999928e-01
7.700000000000000000e+01 1.590429999999999899e-01 2.053750000000000020e-01 2.612099999999999977e-01
7.800000000000000000e+01 1.629130000000000023e-01 2.087910000000000044e-01 2.654489999999999905e-01
7.900000000000000000e+01 1.660480000000000012e-01 2.133049999999999946e-01 2.674830000000000263e-01
8.000000000000000000e+01 1.676590000000000025e-01 2.153299999999999936e-01 2.692160000000000108e-01
8.100000000000000000e+01 1.694299999999999973e-01 2.165890000000000037e-01 2.714630000000000098e-01
8.200000000000000000e+01 1.719060000000000032e-01 2.194689999999999974e-01 2.737439999999999873e-01
8.300000000000000000e+01 1.748679999999999957e-01 2.223799999999999943e-01 2.760400000000000076e-01
8.400000000000000000e+01 1.780970000000000053e-01 2.244039999999999924e-01 2.802620000000000111e-01
8.500000000000000000e+01 1.807410000000000128e-01 2.276779999999999915e-01 2.824380000000000224e-01
8.600000000000000000e+01 1.838710000000000067e-01 2.311809999999999976e-01 2.857759999999999745e-01
8.700000000000000000e+01 1.852489999999999970e-01 2.330510000000000081e-01 2.869619999999999949e-01
8.800000000000000000e+01 1.868350000000000011e-01 2.330840000000000134e-01 2.888330000000000064e-01
8.900000000000000000e+01 1.903410000000000102e-01 2.370659999999999989e-01 2.919390000000000041e-01
9.000000000000000000e+01 1.931630000000000014e-01 2.399809999999999999e-01 2.941989999999999883e-01
9.100000000000000000e+01 1.954100000000000004e-01 2.426000000000000101e-01 2.967110000000000025e-01
9.200000000000000000e+01 1.980830000000000091e-01 2.451800000000000090e-01 2.987900000000000000e-01
9.300000000000000000e+01 2.004309999999999981e-01 2.474329999999999863e-01 3.015149999999999775e-01
9.400000000000000000e+01 2.036810000000000009e-01 2.497260000000000035e-01 3.056360000000000188e-01
9.500000000000000000e+01 2.059080000000000077e-01 2.526840000000000197e-01 3.078420000000000045e-01
9.600000000000000000e+01 2.087940000000000074e-01 2.561459999999999848e-01 3.096590000000000176e-01
9.700000000000000000e+01 2.108740000000000059e-01 2.573810000000000264e-01 3.125200000000000200e-01
9.800000000000000000e+01 2.137580000000000036e-01 2.609020000000000228e-01 3.146109999999999740e-01
9.900000000000000000e+01 2.160680000000000101e-01 2.633829999999999782e-01 3.172610000000000152e-01
1.000000000000000000e+02 2.183190000000000131e-01 2.649250000000000216e-01 3.192459999999999742e-01
1.010000000000000000e+02 2.206639999999999990e-01 2.678289999999999837e-01 3.215390000000000192e-01
1.020000000000000000e+02 2.225800000000000001e-01 2.693729999999999736e-01 3.238820000000000032e-01
1.030000000000000000e+02 2.253410000000000135e-01 2.720279999999999920e-01 3.271689999999999876e-01
1.040000000000000000e+02 2.275330000000000130e-01 2.745900000000000007e-01 3.287840000000000207e-01
1.050000000000000000e+02 2.306630000000000069e-01 2.775690000000000102e-01 3.323499999999999788e-01
1.060000000000000000e+02 2.323439999999999950e-01 2.791210000000000080e-01 3.337879999999999736e-01
1.070000000000000000e+02 2.343619999999999870e-01 2.810059999999999780e-01 3.353360000000000229e-01
1.080000000000000000e+02 2.370659999999999989e-01 2.834659999999999958e-01 3.384579999999999811e-01
1.090000000000000000e+02 2.401099999999999901e-01 2.875019999999999798e-01 3.407939999999999858e-01
1.100000000000000000e+02 2.419540000000000024e-01 2.897779999999999800e-01 3.432299999999999796e-01
1.110000000000000000e+02 2.439250000000000029e-01 2.904680000000000040e-01 3.458030000000000270e-01
1.120000000000000000e+02 2.465070000000000039e-01 2.928999999999999937e-01 3.464749999999999774e-01
1.130000000000000000e+02 2.487929999999999864e-01 2.958609999999999851e-01 3.497009999999999841e-01
1.140000000000000000e+02 2.506700000000000039e-01 2.978799999999999781e-01 3.513640000000000096e-01
1.150000000000000000e+02 2.528050000000000019e-01 2.990880000000000205e-01 3.539809999999999901e-01
1.160000000000000000e+02 2.551229999999999887e-01 3.019600000000000062e-01 3.558799999999999741e-01
1.170000000000000000e+02 2.570189999999999975e-01 3.042569999999999997e-01 3.584309999999999996e-01
1.180000000000000000e+02 2.590740000000000265e-01 3.059120000000000172e-01 3.599240000000000217e-01
1.190000000000000000e+02 2.616359999999999797e-01 3.092389999999999861e-01 3.626489999999999991e-01
1.200000000000000000e+02 2.639580000000000259e-01 3.099910000000000165e-01 3.643879999999999897e-01
1.210000000000000000e+02 2.663249999999999784e-01 3.133940000000000059e-01 3.668179999999999774e-01
1.220000000000000000e+02 2.683189999999999742e-01 3.149350000000000205e-01 3.684419999999999917e-01
1.230000000000000000e+02 2.706640000000000157e-01 3.174170000000000047e-01 3.707119999999999860e-01
1.240000000000000000e+02 2.727319999999999744e-01 3.195649999999999880e-01 3.731619999999999937e-01
1.250000000000000000e+02 2.750259999999999927e-01 3.214159999999999795e-01 3.757860000000000089e-01
1.260000000000000000e+02 2.770299999999999985e-01 3.239319999999999977e-01 3.774379999999999957e-01
1.270000000000000000e+02 2.796989999999999754e-01 3.270170000000000021e-01 3.799669999999999992e-01
1.280000000000000000e+02 2.816960000000000020e-01 3.284940000000000082e-01 3.824799999999999867e-01
1.290000000000000000e+02 2.839849999999999874e-01 3.303869999999999862e-01 3.843300000000000050e-01
1.300000000000000000e+02 2.859030000000000182e-01 3.334150000000000169e-01 3.866339999999999777e-01
1.310000000000000000e+02 2.873640000000000083e-01 3.340330000000000243e-01 3.874879999999999991e-01
1.320000000000000000e+02 2.895269999999999788e-01 3.363450000000000051e-01 3.893599999999999839e-01
1.330000000000000000e+02 2.917370000000000241e-01 3.383929999999999993e-01 3.920350000000000223e-01
1.340000000000000000e+02 2.936360000000000081e-01 3.407620000000000093e-01 3.941819999999999768e-01
1.350000000000000000e+02 2.955349999999999921e-01 3.423140000000000072e-01 3.958860000000000157e-01
1.360000000000000000e+02 2.976550000000000029e-01 3.442359999999999864e-01 3.977060000000000040e-01
1.370000000000000000e+02 2.998029999999999862e-01 3.465829999999999744e-01 4.001179999999999737e-01
1.380000000000000000e+02 3.020760000000000112e-01 3.485329999999999817e-01 4.021870000000000167e-01
1.390000000000000000e+02 3.038739999999999775e-01 3.511580000000000257e-01 4.039889999999999870e-01
1.400000000000000000e+02 3.055880000000000263e-01 3.527199999999999780e-01 4.056660000000000266e-01
1.410000000000000000e+02 3.074419999999999931e-01 3.542660000000000253e-01 4.071219999999999839e-01
1.420000000000000000e+02 3.091880000000000184e-01 3.558950000000000169e-01 4.097140000000000226e-01
1.430000000000000000e+02 3.106070000000000220e-01 3.579069999999999752e-01 4.104709999999999748e-01
1.440000000000000000e+02 3.123330000000000273e-01 3.586059999999999803e-01 4.116750000000000131e-01
1.450000000000000000e+02 3.149870000000000170e-01 3.618609999999999882e-01 4.146070000000000033e-01
1.460000000000000000e+02 3.169730000000000047e-01 3.638600000000000168e-01 4.166880000000000028e-01
1.470000000000000000e+02 3.189580000000000193e-01 3.654479999999999951e-01 4.188509999999999733e-01
1.480000000000000000e+02 3.210439999999999960e-01 3.676840000000000108e-01 4.206739999999999924e-01
1.490000000000000000e+02 3.225029999999999841e-01 3.689720000000000222e-01 4.217659999999999743e-01
1.500000000000000000e+02 3.248480000000000256e-01 3.715789999999999926e-01 4.243939999999999935e-01
1.510000000000000000e+02 3.266539999999999999e-01 3.730879999999999752e-01 4.260789999999999855e-01
1.520000000000000000e+02 3.283110000000000195e-01 3.749859999999999860e-01 4.280979999999999785e-01
1.530000000000000000e+02 3.299839999999999995e-01 3.766180000000000083e-01 4.296269999999999811e-01
1.540000000000000000e+02 3.319860000000000033e-01 3.787639999999999896e-01 4.321369999999999933e-01
1.550000000000000000e+02 3.333559999999999857e-01 3.801269999999999927e-01 4.328520000000000145e-01
1.560000000000000000e+02 3.352350000000000052e-01 3.814089999999999980e-01 4.345609999999999751e-01
1.570000000000000000e+02 3.370020000000000238e-01 3.839830000000000187e-01 4.373819999999999930e-01
1.580000000000000000e+02 3.383700000000000041e-01 3.847709999999999742e-01 4.378540000000000210e-01
1.590000000000000000e+02 3.398930000000000007e-01 3.868820000000000037e-01 4.393099999999999783e-01
1.600000000000000000e+02 3.411640000000000228e-01 3.878449999999999953e-01 4.407780000000000031e-01
1.610000000000000000e+02 3.427729999999999944e-01 3.897140000000000049e-01 4.422960000000000225e-01
1.620000000000000000e+02 3.440250000000000252e-01 3.902410000000000045e-01 4.430879999999999819e-01
1.630000000000000000e+02 3.459709999999999730e-01 3.927869999999999973e-01 4.454400000000000026e-01
1.640000000000000000e+02 3.476549999999999918e-01 3.944270000000000276e-01 4.469730000000000092e-01
1.650000000000000000e+02 3.491980000000000084e-01 3.959130000000000149e-01 4.481049999999999756e-01
1.660000000000000000e+02 3.506739999999999857e-01 3.968619999999999925e-01 4.498489999999999989e-01
1.670000000000000000e+02 3.523800000000000265e-01 3.988729999999999776e-01 4.514150000000000107e-01
1.680000000000000000e+02 3.537399999999999989e-01 4.000819999999999932e-01 4.529059999999999753e-01
1.690000000000000000e+02 3.555479999999999752e-01 4.020429999999999837e-01 4.547689999999999788e-01
1.700000000000000000e+02 3.567549999999999888e-01 4.036859999999999893e-01 4.561569999999999792e-01
1.710000000000000000e+02 3.578250000000000042e-01 4.043599999999999972e-01 4.567829999999999946e-01
1.720000000000000000e+02 3.594149999999999845e-01 4.059479999999999755e-01 4.585199999999999831e-01
1.730000000000000000e+02 3.611889999999999823e-01 4.074139999999999984e-01 4.601549999999999807e-01
1.740000000000000000e+02 3.626329999999999831e-01 4.092950000000000199e-01 4.620279999999999943e-01
1.750000000000000000e+02 3.636519999999999753e-01 4.100929999999999853e-01 4.629360000000000142e-01
1.760000000000000000e+02 3.651860000000000106e-01 4.117009999999999836e-01 4.643090000000000273e-01
1.770000000000000000e+02 3.663089999999999957e-01 4.126159999999999828e-01 4.652789999999999981e-01
1.780000000000000000e+02 3.679299999999999793e-01 4.142629999999999924e-01 4.669829999999999814e-01
1.790000000000000000e+02 3.690499999999999892e-01 4.156440000000000135e-01 4.681629999999999958e-01
1.800000000000000000e+02 3.701849999999999863e-01 4.166409999999999836e-01 4.692939999999999889e-01
1.810000000000000000e+02 3.715579999999999994e-01 4.177130000000000010e-01 4.701940000000000008e-01
1.820000000000000000e+02 3.731769999999999810e-01 4.196960000000000135e-01 4.721850000000000214e-01
1.830000000000000000e+02 3.742320000000000091e-01 4.204689999999999817e-01 4.729220000000000090e-01
1.840000000000000000e+02 3.755749999999999922e-01 4.221699999999999897e-01 4.747700000000000253e-01
1.850000000000000000e+02 3.767130000000000201e-01 4.229010000000000269e-01 4.757009999999999850e-01
1.860000000000000000e+02 3.781649999999999734e-01 4.243759999999999755e-01 4.770460000000000256e-01
1.870000000000000000e+02 3.791459999999999830e-01 4.253759999999999764e-01 4.781279999999999974e-01
1.880000000000000000e+02 3.806149999999999811e-01 4.268419999999999992e-01 4.793859999999999788e-01
1.890000000000000000e+02 3.816359999999999753e-01 4.279040000000000066e-01 4.804309999999999969e-01
1.900000000000000000e+02 3.827949999999999964e-01 4.290059999999999985e-01 4.816500000000000226e-01
1.910000000000000000e+02 3.839940000000000020e-01 4.303710000000000035e-01 4.829600000000000004e-01
1.920000000000000000e+02 3.850199999999999734e-01 4.310570000000000235e-01 4.837480000000000113e-01
1.930000000000000000e+02 3.864650000000000030e-01 4.327369999999999828e-01 4.852500000000000147e-01
1.940000000000000000e+02 3.875739999999999741e-01 4.337039999999999784e-01 4.863100000000000200e-01
1.950000000000000000e+02 3.888789999999999747e-01 4.350890000000000035e-01 4.876240000000000019e-01
1.960000000000000000e+02 3.899839999999999973e-01 4.362440000000000206e-01 4.887380000000000058e-01
1.970000000000000000e+02 3.907729999999999815e-01 4.369299999999999851e-01 4.897250000000000214e-01
1.980000000000000000e+02 3.916270000000000029e-01 4.376030000000000197e-01 4.903660000000000241e-01
1.990000000000000000e+02 3.927180000000000115e-01 4.387550000000000061e-01 4.916340000000000154e-01
2.000000000000000000e+02 3.936560000000000059e-01 4.398329999999999740e-01 4.923100000000000254e-01
2.010000000000000000e+02 3.943260000000000098e-01 4.405540000000000012e-01 4.931749999999999745e-01
2.020000000000000000e+02 3.953059999999999907e-01 4.412229999999999763e-01 4.939169999999999949e-01
2.030000000000000000e+02 3.963169999999999749e-01 4.423570000000000002e-01 4.952540000000000275e-01
2.040000000000000000e+02 3.973400000000000265e-01 4.435709999999999931e-01 4.962349999999999817e-01
2.050000000000000000e+02 3.979280000000000039e-01 4.436599999999999988e-01 4.966300000000000159e-01
2.060000000000000000e+02 3.987720000000000153e-01 4.440850000000000075e-01 4.971800000000000108e-01
2.070000000000000000e+02 3.995489999999999875e-01 4.451640000000000041e-01 4.982070000000000110e-01
2.080000000000000000e+02 3.999869999999999814e-01 4.456200000000000161e-01 4.986760000000000081e-01
2.090000000000000000e+02 4.003889999999999949e-01 4.463889999999999803e-01 4.990859999999999741e-01
2.100000000000000000e+02 4.008729999999999793e-01 4.466669999999999807e-01 4.995769999999999933e-01
2.110000000000000000e+02 4.015830000000000233e-01 4.471589999999999732e-01 5.004560000000000120e-01
2.120000000000000000e+02 4.021279999999999855e-01 4.478320000000000078e-01 5.008099999999999774e-01
2.130000000000000000e+02 4.027580000000000049e-01 4.483880000000000088e-01 5.013509999999999911e-01
2.140000000000000000e+02 4.032950000000000146e-01 4.487659999999999982e-01 5.019940000000000513e-01
2.150000000000000000e+02 4.040639999999999787e-01 4.495179999999999731e-01 5.026239999999999597e-01
2.160000000000000000e+02 4.044179999999999997e-01 4.499449999999999839e-01 5.030529999999999724e-01
2.170000000000000000e+02 4.045610000000000039e-01 4.499299999999999966e-01 5.032839999999999536e-01
2.180000000000000000e+02 4.047859999999999792e-01 4.502220000000000111e-01 5.035030000000000339e-01
2.190000000000000000e+02 4.051250000000000129e-01 4.505640000000000200e-01 5.037099999999999911e-01
2.200000000000000000e+02 4.055880000000000041e-01 4.507860000000000200e-01 5.042100000000000470e-01
2.210000000000000000e+02 4.060059999999999780e-01 4.511080000000000090e-01 5.045330000000000092e-01
2.220000000000000000e+02 4.065409999999999857e-01 4.520140000000000269e-01 5.051839999999999664e-01
2.230000000000000000e+02 4.068280000000000229e-01 4.519270000000000231e-01 5.055629999999999846e-01
2.240000000000000000e+02 4.072180000000000244e-01 4.522180000000000089e-01 5.057300000000000129e-01
2.250000000000000000e+02 4.074340000000000184e-01 4.527430000000000065e-01 5.060829999999999496e-01
2.260000000000000000e+02 4.074539999999999829e-01 4.524219999999999908e-01 5.060379999999999878e-01
2.270000000000000000e+02 4.072740000000000249e-01 4.524079999999999768e-01 5.059390000000000276e-01
2.280000000000000000e+02 4.076520000000000143e-01 4.524009999999999976e-01 5.061189999999999856e-01
2.290000000000000000e+02 4.078640000000000043e-01 4.533570000000000100e-01 5.065319999999999823e-01
2.300000000000000000e+02 4.081429999999999780e-01 4.531620000000000092e-01 5.067610000000000170e-01
2.310000000000000000e+02 4.083840000000000248e-01 4.535500000000000087e-01 5.070369999999999600e-01
2.320000000000000000e+02 4.086540000000000172e-01 4.536919999999999842e-01 5.071710000000000385e-01
2.330000000000000000e+02 4.088069999999999760e-01 4.534699999999999842e-01 5.073020000000000307e-01
2.340000000000000000e+02 4.090329999999999799e-01 4.539599999999999747e-01 5.076589999999999714e-01
2.350000000000000000e+02 4.088609999999999745e-01 4.536450000000000204e-01 5.074650000000000549e-01
2.360000000000000000e+02 4.089920000000000222e-01 4.539360000000000062e-01 5.075389999999999624e-01
2.370000000000000000e+02 4.090030000000000054e-01 4.537660000000000027e-01 5.075479999999999992e-01
2.380000000000000000e+02 4.091480000000000117e-01 4.540919999999999956e-01 5.076500000000000457e-01
2.390000000000000000e+02 4.091359999999999997e-01 4.542129999999999779e-01 5.078169999999999629e-01
2.400000000000000000e+02 4.092999999999999972e-01 4.540549999999999864e-01 5.078200000000000491e-01
2.410000000000000000e+02 4.096520000000000161e-01 4.542950000000000044e-01 5.081210000000000448e-01
2.420000000000000000e+02 4.098640000000000061e-01 4.546569999999999778e-01 5.085640000000000160e-01
2.430000000000000000e+02 4.097359999999999891e-01 4.546479999999999966e-01 5.084130000000000038e-01
2.440000000000000000e+02 4.095880000000000076e-01 4.542390000000000039e-01 5.080639999999999601e-01
2.450000000000000000e+02 4.097319999999999851e-01 4.545000000000000151e-01 5.082659999999999956e-01
2.460000000000000000e+02 4.098820000000000241e-01 4.545100000000000251e-01 5.084499999999999575e-01
2.470000000000000000e+02 4.098539999999999961e-01 4.545279999999999876e-01 5.083889999999999798e-01
2.480000000000000000e+02 4.098550000000000249e-01 4.545750000000000068e-01 5.084610000000000518e-01
2.490000000000000000e+02 4.099090000000000233e-01 4.545980000000000021e-01 5.083229999999999693e-01
2.500000000000000000e+02 4.099409999999999998e-01 4.543530000000000069e-01 5.084049999999999958e-01
2.510000000000000000e+02 4.100090000000000123e-01 4.544099999999999806e-01 5.086209999999999898e-01
2.520000000000000000e+02 4.100530000000000008e-01 4.549270000000000258e-01 5.085760000000000280e-01
2.530000000000000000e+02 4.102729999999999988e-01 4.552959999999999785e-01 5.087779999999999525e-01
2.540000000000000000e+02 4.102790000000000048e-01 4.546310000000000073e-01 5.087979999999999725e-01
2.550000000000000000e+02 4.102169999999999983e-01 4.547410000000000063e-01 5.087819999999999565e-01
2.560000000000000000e+02 4.100949999999999873e-01 4.548090000000000188e-01 5.086789999999999923e-01
2.570000000000000000e+02 4.101250000000000173e-01 4.548170000000000268e-01 5.085790000000000033e-01
2.580000000000000000e+02 4.102649999999999908e-01 4.550130000000000008e-01 5.088409999999999878e-01
2.590000000000000000e+02 4.104630000000000223e-01 4.550379999999999980e-01 5.089019999999999655e-01
2.600000000000000000e+02 4.104689999999999728e-01 4.553820000000000090e-01 5.090299999999999825e-01
2.610000000000000000e+02 4.102640000000000176e-01 4.546439999999999926e-01 5.087709999999999733e-01
2.620000000000000000e+02 4.103359999999999785e-01 4.548280000000000101e-01 5.088369999999999838e-01
2.630000000000000000e+02 4.103649999999999798e-01 4.547919999999999741e-01 5.088359999999999550e-01
2.640000000000000000e+02 4.103820000000000245e-01 4.550420000000000020e-01 5.089089999999999447e-01
2.650000000000000000e+02 4.103419999999999845e-01 4.547740000000000116e-01 5.088559999999999750e-01
2.660000000000000000e+02 4.102680000000000216e-01 4.546850000000000058e-01 5.087289999999999868e-01
2.670000000000000000e+02 4.104599999999999915e-01 4.551160000000000205e-01 5.089179999999999815e-01
2.680000000000000000e+02 4.103370000000000073e-01 4.545830000000000148e-01 5.088230000000000253e-01
2.690000000000000000e+02 4.103160000000000140e-01 4.546439999999999926e-01 5.088120000000000420e-01
2.700000000000000000e+02 4.103399999999999825e-01 4.548539999999999806e-01 5.088589999999999502e-01
2.710000000000000000e+02 4.103499999999999925e-01 4.548150000000000248e-01 5.088449999999999918e-01
2.720000000000000000e+02 4.103840000000000265e-01 4.549719999999999875e-01 5.088759999999999950e-01
2.730000000000000000e+02 4.103649999999999798e-01 4.549150000000000138e-01 5.088749999999999662e-01
2.740000000000000000e+02 4.104559999999999875e-01 4.547889999999999988e-01 5.089059999999999695e-01
2.750000000000000000e+02 4.105809999999999738e-01 4.549300000000000010e-01 5.089810000000000167e-01
2.760000000000000000e+02 4.105159999999999920e-01 4.551290000000000058e-01 5.089850000000000207e-01
2.770000000000000000e+02 4.103269999999999973e-01 4.548849999999999838e-01 5.087699999999999445e-01
2.780000000000000000e+02 4.104329999999999923e-01 4.547320000000000251e-01 5.088510000000000533e-01
2.790000000000000000e+02 4.104650000000000243e-01 4.549630000000000063e-01 5.090219999999999745e-01
2.800000000000000000e+02 4.104099999999999970e-01 4.547999999999999821e-01 5.089860000000000495e-01
2.810000000000000000e+02 4.103930000000000078e-01 4.548980000000000246e-01 5.088139999999999885e-01
2.820000000000000000e+02 4.106170000000000098e-01 4.551499999999999990e-01 5.090930000000000177e-01
2.830000000000000000e+02 4.106029999999999958e-01 4.547689999999999788e-01 5.090459999999999985e-01
2.840000000000000000e+02 4.106739999999999835e-01 4.550480000000000080e-01 5.091660000000000075e-01
2.850000000000000000e+02 4.104849999999999888e-01 4.550440000000000040e-01 5.089089999999999447e-01
2.860000000000000000e+02 4.104900000000000215e-01 4.547680000000000056e-01 5.089449999999999807e-01
2.870000000000000000e+02 4.105610000000000093e-01 4.549099999999999810e-01 5.089949999999999752e-01
2.880000000000000000e+02 4.105360000000000120e-01 4.549759999999999915e-01 5.090019999999999545e-01
2.890000000000000000e+02 4.104590000000000183e-01 4.548269999999999813e-01 5.089850000000000207e-01
2.900000000000000000e+02 4.104559999999999875e-01 4.549380000000000090e-01 5.089040000000000230e-01
2.910000000000000000e+02 4.105059999999999820e-01 4.548749999999999738e-01 5.089869999999999672e-01
2.920000000000000000e+02 4.107310000000000128e-01 4.550239999999999840e-01 5.091689999999999827e-01
2.930000000000000000e+02 4.105679999999999885e-01 4.546649999999999858e-01 5.089519999999999600e-01
2.940000000000000000e+02 4.106210000000000138e-01 4.550830000000000153e-01 5.090860000000000385e-01
2.950000000000000000e+02 4.105269999999999753e-01 4.549750000000000183e-01 5.090240000000000320e-01
2.960000000000000000e+02 4.105249999999999733e-01 4.549030000000000018e-01 5.089850000000000207e-01
2.970000000000000000e+02 4.104929999999999968e-01 4.549420000000000130e-01 5.089439999999999520e-01
2.980000000000000000e+02 4.104039999999999910e-01 4.546459999999999946e-01 5.088679999999999870e-01
2.990000000000000000e+02 4.106790000000000163e-01 4.549819999999999975e-01 5.091339999999999755e-01
3.000000000000000000e+02 4.107439999999999980e-01 4.550930000000000253e-01 5.091919999999999780e-01
3.010000000000000000e+02 4.107379999999999920e-01 4.550870000000000193e-01 5.091790000000000482e-01
3.020000000000000000e+02 4.105420000000000180e-01 4.546220000000000261e-01 5.089759999999999840e-01
3.030000000000000000e+02 4.105860000000000065e-01 4.548829999999999818e-01 5.090050000000000407e-01
3.040000000000000000e+02 4.105469999999999953e-01 4.548130000000000228e-01 5.089740000000000375e-01
3.050000000000000000e+02 4.103890000000000038e-01 4.548130000000000228e-01 5.088329999999999798e-01
3.060000000000000000e+02 4.104570000000000163e-01 4.547740000000000116e-01 5.089059999999999695e-01
3.070000000000000000e+02 4.104619999999999935e-01 4.547499999999999876e-01 5.089430000000000343e-01
3.080000000000000000e+02 4.105240000000000000e-01 4.546760000000000246e-01 5.089669999999999472e-01
3.090000000000000000e+02 4.107210000000000027e-01 4.549659999999999815e-01 5.091210000000000457e-01
3.100000000000000000e+02 4.105779999999999985e-01 4.548719999999999986e-01 5.090099999999999625e-01
3.110000000000000000e+02 4.105960000000000165e-01 4.550560000000000160e-01 5.089989999999999792e-01
3.120000000000000000e+02 4.106079999999999730e-01 4.545870000000000188e-01 5.090270000000000072e-01
3.130000000000000000e+02 4.104160000000000030e-01 4.546580000000000066e-01 5.088960000000000150e-01
3.140000000000000000e+02 4.103269999999999973e-01 4.546459999999999946e-01 5.087380000000000235e-01
3.150000000000000000e+02 4.103280000000000260e-01 4.545790000000000108e-01 5.086929999999999508e-01
3.160000000000000000e+02 4.104010000000000158e-01 4.546769999999999978e-01 5.088759999999999950e-01
3.170000000000000000e+02 4.105340000000000100e-01 4.546689999999999898e-01 5.090130000000000488e-01
3.180000000000000000e+02 4.105829999999999758e-01 4.549690000000000123e-01 5.090329999999999577e-01
3.190000000000000000e+02 4.105389999999999873e-01 4.546740000000000226e-01 5.089289999999999647e-01
3.200000000000000000e+02 4.105280000000000040e-01 4.546850000000000058e-01 5.089089999999999447e-01
3.210000000000000000e+02 4.105340000000000100e-01 4.546410000000000173e-01 5.089409999999999767e-01
3.220000000000000000e+02 4.104889999999999928e-01 4.548229999999999773e-01 5.089390000000000303e-01
3.230000000000000000e+02 4.104200000000000070e-01 4.546410000000000173e-01 5.088390000000000413e-01
3.240000000000000000e+02 4.104269999999999863e-01 4.545350000000000223e-01 5.088120000000000420e-01
3.250000000000000000e+02 4.103490000000000193e-01 4.545399999999999996e-01 5.087819999999999565e-01
3.260000000000000000e+02 4.104519999999999835e-01 4.546499999999999986e-01 5.089099999999999735e-01
3.270000000000000000e+02 4.104979999999999740e-01 4.545339999999999936e-01 5.089029999999999943e-01
3.280000000000000000e+02 4.105920000000000125e-01 4.546169999999999933e-01 5.089650000000000007e-01
3.290000000000000000e+02 4.106440000000000090e-01 4.548159999999999981e-01 5.090559999999999530e-01
3.300000000000000000e+02 4.105150000000000188e-01 4.546580000000000066e-01 5.088890000000000358e-01
3.310000000000000000e+02 4.104240000000000110e-01 4.545429999999999748e-01 5.088329999999999798e-01
3.320000000000000000e+02 4.104630000000000223e-01 4.546379999999999866e-01 5.089010000000000478e-01
3.330000000000000000e+02 4.103939999999999810e-01 4.544699999999999851e-01 5.087709999999999733e-01
3.340000000000000000e+02 4.103519999999999945e-01 4.545549999999999868e-01 5.087500000000000355e-01
3.350000000000000000e+02 4.103149999999999853e-01 4.547680000000000056e-01 5.087699999999999445e-01
3.360000000000000000e+02 4.105400000000000160e-01 4.546680000000000166e-01 5.089829999999999632e-01
3.370000000000000000e+02 4.104780000000000095e-01 4.544360000000000066e-01 5.088169999999999638e-01
3.380000000000000000e+02 4.105170000000000208e-01 4.545890000000000208e-01 5.088759999999999950e-01
3.390000000000000000e+02 4.104380000000000250e-01 4.545560000000000156e-01 5.088179999999999925e-01
3.400000000000000000e+02 4.103910000000000058e-01 4.544900000000000051e-01 5.088049999999999518e-01
3.410000000000000000e+02 4.104129999999999723e-01 4.546819999999999751e-01 5.088470000000000493e-01
3.420000000000000000e+02 4.103240000000000220e-01 4.543809999999999794e-01 5.086870000000000003e-01
3.430000000000000000e+02 4.103370000000000073e-01 4.544630000000000059e-01 5.087019999999999875e-01
3.440000000000000000e+02 4.105210000000000248e-01 4.548010000000000108e-01 5.089590000000000503e-01
3.450000000000000000e+02 4.104289999999999883e-01 4.546220000000000261e-01 5.088390000000000413e-01
3.460000000000000000e+02 4.105280000000000040e-01 4.543840000000000101e-01 5.089069999999999983e-01
3.470000000000000000e+02 4.105489999999999973e-01 4.543969999999999954e-01 5.089399999999999480e-01
3.480000000000000000e+02 4.104539999999999855e-01 4.545270000000000143e-01 5.088120000000000420e-01
3.490000000000000000e+02 4.103970000000000118e-01 4.545799999999999841e-01 5.087869999999999893e-01
3.500000000000000000e+02 4.104400000000000270e-01 4.546470000000000233e-01 5.088430000000000453e-01
3.510000000000000000e+02 4.104059999999999930e-01 4.544480000000000186e-01 5.088059999999999805e-01
3.520000000000000000e+02 4.103640000000000065e-01 4.544960000000000111e-01 5.087429999999999453e-01
3.530000000000000000e+02 4.104260000000000130e-01 4.545899999999999941e-01 5.088359999999999550e-01
3.540000000000000000e+02 4.104340000000000210e-01 4.545859999999999901e-01 5.087930000000000508e-01
3.550000000000000000e+02 4.104789999999999828e-01 4.545569999999999888e-01 5.088489999999999958e-01
3.560000000000000000e+02 4.105309999999999793e-01 4.543220000000000036e-01 5.088930000000000398e-01
3.570000000000000000e+02 4.105050000000000088e-01 4.545680000000000276e-01 5.088979999999999615e-01
3.580000000000000000e+02 4.104439999999999755e-01 4.545680000000000276e-01 5.088449999999999918e-01
3.590000000000000000e+02 4.103720000000000145e-01 4.543780000000000041e-01 5.087409999999999988e-01
3.600000000000000000e+02 4.103629999999999778e-01 4.544380000000000086e-01 5.087270000000000403e-01
3.610000000000000000e+02 4.103919999999999790e-01 4.543699999999999961e-01 5.087890000000000468e-01
3.620000000000000000e+02 4.103519999999999945e-01 4.544090000000000074e-01 5.087599999999999900e-01
3.630000000000000000e+02 4.104720000000000035e-01 4.546290000000000053e-01 5.088439999999999630e-01
3.640000000000000000e+02 4.104099999999999970e-01 4.543900000000000161e-01 5.087519999999999820e-01
3.650000000000000000e+02 4.104470000000000063e-01 4.544719999999999871e-01 5.088190000000000213e-01
3.660000000000000000e+02 4.104940000000000255e-01 4.544290000000000274e-01 5.088510000000000533e-01
3.670000000000000000e+02 4.104670000000000263e-01 4.544560000000000266e-01 5.088270000000000293e-01
3.680000000000000000e+02 4.103080000000000060e-01 4.544019999999999726e-01 5.086920000000000330e-01
3.690000000000000000e+02 4.102790000000000048e-01 4.543280000000000096e-01 5.086779999999999635e-01
3.700000000000000000e+02 4.103669999999999818e-01 4.543900000000000161e-01 5.087369999999999948e-01
3.710000000000000000e+02 4.104169999999999763e-01 4.544610000000000039e-01 5.088209999999999678e-01
3.720000000000000000e+02 4.103990000000000138e-01 4.544759999999999911e-01 5.087829999999999853e-01
3.730000000000000000e+02 4.103729999999999878e-01 4.544619999999999771e-01 5.087409999999999988e-01
3.740000000000000000e+02 4.103950000000000098e-01 4.543229999999999769e-01 5.087490000000000068e-01
3.750000000000000000e+02 4.104940000000000255e-01 4.544730000000000159e-01 5.088690000000000158e-01
3.760000000000000000e+02 4.103879999999999750e-01 4.543769999999999754e-01 5.087580000000000435e-01
3.770000000000000000e+02 4.103720000000000145e-01 4.544009999999999994e-01 5.087549999999999573e-01
3.780000000000000000e+02 4.103040000000000020e-01 4.543389999999999929e-01 5.086730000000000418e-01
3.790000000000000000e+02 4.102990000000000248e-01 4.542479999999999851e-01 5.086450000000000138e-01
3.800000000000000000e+02 4.102419999999999956e-01 4.542499999999999871e-01 5.086389999999999523e-01
3.810000000000000000e+02 4.103249999999999953e-01 4.543570000000000109e-01 5.087070000000000203e-01
3.820000000000000000e+02 4.103220000000000200e-01 4.543699999999999961e-01 5.086899999999999755e-01
3.830000000000000000e+02 4.103580000000000005e-01 4.544610000000000039e-01 5.087340000000000195e-01
3.840000000000000000e+02 4.103680000000000105e-01 4.543329999999999869e-01 5.087270000000000403e-01
3.850000000000000000e+02 4.103640000000000065e-01 4.543470000000000009e-01 5.087329999999999908e-01
3.860000000000000000e+02 4.103289999999999993e-01 4.543980000000000241e-01 5.086990000000000123e-01
3.870000000000000000e+02 4.102950000000000208e-01 4.542619999999999991e-01 5.086739999999999595e-01
3.880000000000000000e+02 4.102589999999999848e-01 4.542649999999999744e-01 5.086129999999999818e-01
3.890000000000000000e+02 4.102589999999999848e-01 4.542950000000000044e-01 5.086289999999999978e-01
3.900000000000000000e+02 4.101710000000000078e-01 4.540690000000000004e-01 5.085429999999999673e-01
3.910000000000000000e+02 4.102629999999999888e-01 4.542430000000000079e-01 5.086439999999999850e-01
3.920000000000000000e+02 4.102640000000000176e-01 4.542800000000000171e-01 5.086140000000000105e-01
3.930000000000000000e+02 4.102870000000000128e-01 4.543440000000000256e-01 5.086389999999999523e-01
3.940000000000000000e+02 4.102950000000000208e-01 4.541540000000000021e-01 5.086439999999999850e-01
3.950000000000000000e+02 4.102410000000000223e-01 4.541490000000000249e-01 5.085990000000000233e-01
3.960000000000000000e+02 4.101839999999999931e-01 4.541290000000000049e-01 5.085450000000000248e-01
3.970000000000000000e+02 4.101859999999999951e-01 4.541789999999999994e-01 5.085319999999999840e-01
3.980000000000000000e+02 4.101899999999999991e-01 4.542089999999999739e-01 5.085720000000000240e-01
3.990000000000000000e+02 4.101040000000000241e-01 4.540379999999999971e-01 5.084530000000000438e-01
4.000000000000000000e+02 4.101529999999999898e-01 4.540730000000000044e-01 5.085199999999999720e-01
4.010000000000000000e+02 4.102100000000000191e-01 4.541060000000000096e-01 5.085880000000000400e-01
4.020000000000000000e+02 4.101960000000000051e-01 4.541529999999999734e-01 5.085549999999999793e-01
4.030000000000000000e+02 4.101139999999999786e-01 4.538800000000000057e-01 5.084560000000000191e-01
4.040000000000000000e+02 4.101170000000000093e-01 4.540299999999999891e-01 5.084739999999999815e-01
4.050000000000000000e+02 4.101360000000000006e-01 4.541740000000000221e-01 5.084910000000000263e-01
4.060000000000000000e+02 4.101290000000000213e-01 4.540879999999999916e-01 5.084920000000000551e-01
4.070000000000000000e+02 4.100329999999999808e-01 4.539360000000000062e-01 5.083699999999999886e-01
4.080000000000000000e+02 4.100320000000000076e-01 4.539250000000000229e-01 5.083769999999999678e-01
4.090000000000000000e+02 4.100269999999999748e-01 4.539770000000000194e-01 5.083950000000000413e-01
4.100000000000000000e+02 4.100630000000000108e-01 4.539219999999999922e-01 5.084060000000000246e-01
4.110000000000000000e+02 4.101079999999999726e-01 4.540219999999999811e-01 5.084720000000000351e-01
4.120000000000000000e+02 4.101460000000000106e-01 4.540680000000000271e-01 5.084729999999999528e-01
4.130000000000000000e+02 4.101409999999999778e-01 4.540290000000000159e-01 5.084969999999999768e-01
4.140000000000000000e+02 4.100929999999999853e-01 4.539900000000000047e-01 5.084309999999999663e-01
4.150000000000000000e+02 4.101170000000000093e-01 4.540250000000000119e-01 5.084699999999999775e-01
4.160000000000000000e+02 4.100550000000000028e-01 4.539279999999999982e-01 5.084109999999999463e-01
4.170000000000000000e+02 4.100980000000000181e-01 4.540649999999999964e-01 5.084469999999999823e-01
4.180000000000000000e+02 4.100739999999999941e-01 4.539889999999999759e-01 5.084239999999999871e-01
4.190000000000000000e+02 4.100730000000000208e-01 4.539960000000000107e-01 5.084250000000000158e-01
4.200000000000000000e+02 4.100509999999999988e-01 4.540049999999999919e-01 5.083919999999999551e-01
4.210000000000000000e+02 4.101620000000000266e-01 4.540409999999999724e-01 5.085049999999999848e-01
4.220000000000000000e+02 4.101440000000000086e-01 4.539850000000000274e-01 5.084880000000000511e-01
4.230000000000000000e+02 4.100300000000000056e-01 4.538880000000000137e-01 5.083619999999999806e-01
4.240000000000000000e+02 4.099970000000000003e-01 4.539489999999999914e-01 5.083410000000000428e-01
4.250000000000000000e+02 4.100300000000000056e-01 4.538630000000000164e-01 5.083689999999999598e-01
4.260000000000000000e+02 4.099070000000000213e-01 4.537720000000000087e-01 5.082719999999999461e-01
4.270000000000000000e+02 4.100119999999999876e-01 4.538449999999999984e-01 5.083410000000000428e-01
4.280000000000000000e+02 4.100590000000000068e-01 4.540399999999999991e-01 5.083929999999999838e-01
4.290000000000000000e+02 4.099840000000000151e-01 4.537889999999999979e-01 5.083199999999999941e-01
4.300000000000000000e+02 4.100929999999999853e-01 4.539119999999999822e-01 5.084180000000000366e-01
4.310000000000000000e+02 4.100269999999999748e-01 4.539360000000000062e-01 5.083779999999999966e-01
4.320000000000000000e+02 4.100130000000000163e-01 4.538829999999999809e-01 5.083609999999999518e-01
4.330000000000000000e+02 4.100090000000000123e-01 4.538320000000000132e-01 5.083459999999999646e-01
4.340000000000000000e+02 4.099050000000000193e-01 4.536859999999999782e-01 5.082360000000000211e-01
4.350000000000000000e+02 4.099720000000000031e-01 4.538809999999999789e-01 5.083119999999999861e-01
4.360000000000000000e+02 4.099400000000000266e-01 4.538690000000000224e-01 5.082750000000000323e-01
4.370000000000000000e+02 4.099070000000000213e-01 4.537470000000000114e-01 5.082489999999999508e-01
4.380000000000000000e+02 4.099059999999999926e-01 4.537320000000000242e-01 5.082419999999999716e-01
4.390000000000000000e+02 4.099610000000000198e-01 4.538369999999999904e-01 5.083229999999999693e-01
4.400000000000000000e+02 4.100539999999999741e-01 4.538070000000000159e-01 5.083760000000000501e-01
4.410000000000000000e+02 4.100130000000000163e-01 4.539059999999999762e-01 5.083609999999999518e-01
4.420000000000000000e+02 4.099659999999999971e-01 4.537660000000000027e-01 5.083060000000000356e-01
4.430000000000000000e+02 4.099689999999999723e-01 4.538479999999999737e-01 5.082999999999999741e-01
4.440000000000000000e+02 4.098689999999999833e-01 4.537430000000000074e-01 5.082189999999999763e-01
4.450000000000000000e+02 4.098530000000000229e-01 4.536999999999999922e-01 5.082010000000000138e-01
4.460000000000000000e+02 4.098950000000000093e-01 4.537359999999999727e-01 5.082360000000000211e-01
4.470000000000000000e+02 4.099459999999999771e-01 4.538400000000000212e-01 5.082759999999999501e-01
4.480000000000000000e+02 4.099389999999999978e-01 4.537280000000000202e-01 5.082780000000000076e-01
4.490000000000000000e+02 4.100210000000000243e-01 4.538960000000000217e-01 5.083619999999999806e-01
4.500000000000000000e+02 4.099400000000000266e-01 4.537590000000000234e-01 5.082989999999999453e-01
4.510000000000000000e+02 4.099409999999999998e-01 4.537300000000000222e-01 5.082670000000000243e-01
4.520000000000000000e+02 4.099409999999999998e-01 4.537689999999999779e-01 5.082780000000000076e-01
4.530000000000000000e+02 4.099110000000000253e-01 4.537080000000000002e-01 5.082480000000000331e-01
4.540000000000000000e+02 4.099160000000000026e-01 4.537340000000000262e-01 5.082449999999999468e-01
4.550000000000000000e+02 4.098970000000000113e-01 4.537570000000000214e-01 5.082339999999999636e-01
4.560000000000000000e+02 4.098820000000000241e-01 4.536580000000000057e-01 5.082029999999999603e-01
4.570000000000000000e+02 4.099059999999999926e-01 4.537080000000000002e-01 5.082499999999999796e-01
4.580000000000000000e+02 4.098510000000000209e-01 4.536769999999999969e-01 5.081809999999999938e-01
4.590000000000000000e+02 4.099269999999999858e-01 4.537359999999999727e-01 5.082710000000000283e-01
4.600000000000000000e+02 4.099209999999999798e-01 4.536930000000000129e-01 5.082489999999999508e-01
4.610000000000000000e+02 4.099200000000000066e-01 4.537959999999999772e-01 5.082539999999999836e-01
4.620000000000000000e+02 4.099160000000000026e-01 4.536709999999999909e-01 5.082440000000000291e-01
4.630000000000000000e+02 4.098490000000000189e-01 4.536810000000000009e-01 5.081919999999999771e-01
4.640000000000000000e+02 4.098870000000000013e-01 4.536979999999999902e-01 5.082140000000000546e-01
4.650000000000000000e+02 4.098510000000000209e-01 4.536120000000000152e-01 5.081670000000000353e-01
4.660000000000000000e+02 4.099010000000000153e-01 4.536669999999999869e-01 5.082389999999999963e-01
4.670000000000000000e+02 4.098950000000000093e-01 4.537220000000000142e-01 5.082370000000000498e-01
4.680000000000000000e+02 4.098740000000000161e-01 4.536640000000000117e-01 5.082140000000000546e-01
4.690000000000000000e+02 4.098919999999999786e-01 4.536399999999999877e-01 5.081989999999999563e-01
4.700000000000000000e+02 4.098600000000000021e-01 4.536580000000000057e-01 5.082060000000000466e-01
4.710000000000000000e+02 4.098700000000000121e-01 4.536999999999999922e-01 5.082189999999999763e-01
4.720000000000000000e+02 4.097910000000000164e-01 4.536069999999999824e-01 5.081290000000000529e-01
4.730000000000000000e+02 4.098330000000000028e-01 4.536569999999999769e-01 5.081649999999999778e-01
4.740000000000000000e+02 4.097990000000000244e-01 4.536220000000000252e-01 5.081339999999999746e-01
4.750000000000000000e+02 4.097509999999999764e-01 4.534759999999999902e-01 5.080700000000000216e-01
4.760000000000000000e+02 4.097779999999999756e-01 4.535420000000000007e-01 5.080970000000000208e-01
4.770000000000000000e+02 4.098220000000000196e-01 4.536270000000000024e-01 5.081470000000000153e-01
4.780000000000000000e+02 4.098319999999999741e-01 4.536089999999999844e-01 5.081579999999999986e-01
4.790000000000000000e+02 4.098209999999999908e-01 4.535660000000000247e-01 5.081369999999999498e-01
4.800000000000000000e+02 4.098330000000000028e-01 4.536129999999999884e-01 5.081590000000000273e-01
4.810000000000000000e+02 4.098189999999999888e-01 4.535839999999999872e-01 5.081489999999999618e-01
4.820000000000000000e+02 4.097700000000000231e-01 4.534980000000000122e-01 5.081010000000000248e-01
4.830000000000000000e+02 4.097959999999999936e-01 4.535660000000000247e-01 5.081179999999999586e-01
4.840000000000000000e+02 4.097399999999999931e-01 4.534980000000000122e-01 5.080649999999999888e-01
4.850000000000000000e+02 4.097319999999999851e-01 4.535080000000000222e-01 5.080590000000000384e-01
4.860000000000000000e+02 4.097250000000000059e-01 4.534819999999999962e-01 5.080480000000000551e-01
4.870000000000000000e+02 4.097140000000000226e-01 4.535060000000000202e-01 5.080259999999999776e-01
4.880000000000000000e+02 4.097060000000000146e-01 4.534569999999999990e-01 5.080440000000000511e-01
4.890000000000000000e+02 4.097120000000000206e-01 4.534969999999999835e-01 5.080489999999999728e-01
4.900000000000000000e+02 4.097330000000000139e-01 4.534529999999999950e-01 5.080510000000000304e-01
4.910000000000000000e+02 4.096670000000000034e-01 4.534889999999999755e-01 5.079989999999999783e-01
4.920000000000000000e+02 4.096770000000000134e-01 4.534630000000000050e-01 5.079979999999999496e-01
4.930000000000000000e+02 4.097000000000000086e-01 4.534409999999999830e-01 5.080219999999999736e-01
4.940000000000000000e+02 4.096609999999999974e-01 4.534050000000000025e-01 5.079770000000000119e-01
4.950000000000000000e+02 4.096850000000000214e-01 4.534980000000000122e-01 5.080139999999999656e-01
4.960000000000000000e+02 4.096690000000000054e-01 4.534270000000000245e-01 5.079850000000000199e-01
4.970000000000000000e+02 4.096420000000000061e-01 4.534819999999999962e-01 5.079879999999999951e-01
4.980000000000000000e+02 4.097009999999999819e-01 4.534090000000000065e-01 5.080249999999999488e-01
4.990000000000000000e+02 4.096339999999999981e-01 4.533610000000000140e-01 5.079599999999999671e-01
5.000000000000000000e+02 4.096690000000000054e-01 4.534619999999999762e-01 5.079860000000000486e-01
5.010000000000000000e+02 4.096770000000000134e-01 4.534130000000000105e-01 5.079930000000000279e-01
5.020000000000000000e+02 4.096929999999999739e-01 4.534520000000000217e-01 5.080059999999999576e-01
5.030000000000000000e+02 4.096360000000000001e-01 4.533530000000000060e-01 5.079529999999999879e-01
5.040000000000000000e+02 4.097029999999999839e-01 4.534409999999999830e-01 5.080200000000000271e-01
5.050000000000000000e+02 4.096000000000000196e-01 4.533719999999999972e-01 5.079169999999999519e-01
5.060000000000000000e+02 4.095349999999999824e-01 4.533369999999999900e-01 5.078639999999999821e-01
5.070000000000000000e+02 4.096119999999999761e-01 4.533530000000000060e-01 5.079249999999999599e-01
5.080000000000000000e+02 4.096159999999999801e-01 4.533510000000000040e-01 5.079339999999999966e-01
5.090000000000000000e+02 4.096560000000000201e-01 4.533530000000000060e-01 5.079609999999999959e-01
5.100000000000000000e+02 4.096940000000000026e-01 4.534290000000000265e-01 5.080040000000000111e-01
5.110000000000000000e+02 4.096440000000000081e-01 4.534210000000000185e-01 5.079649999999999999e-01
5.120000000000000000e+02 4.096009999999999929e-01 4.533070000000000155e-01 5.079160000000000341e-01
5.130000000000000000e+02 4.096650000000000014e-01 4.533860000000000112e-01 5.079740000000000366e-01
5.140000000000000000e+02 4.096130000000000049e-01 4.533590000000000120e-01 5.079249999999999599e-01
5.150000000000000000e+02 4.095710000000000184e-01 4.533059999999999867e-01 5.078960000000000141e-01
5.160000000000000000e+02 4.096230000000000149e-01 4.533570000000000100e-01 5.079449999999999799e-01
5.170000000000000000e+02 4.096350000000000269e-01 4.534000000000000252e-01 5.079519999999999591e-01
5.180000000000000000e+02 4.096319999999999961e-01 4.533420000000000227e-01 5.079470000000000374e-01
5.190000000000000000e+02 4.096659999999999746e-01 4.534030000000000005e-01 5.079869999999999663e-01
5.200000000000000000e+02 4.096190000000000109e-01 4.532950000000000035e-01 5.079380000000000006e-01
5.210000000000000000e+02 4.095840000000000036e-01 4.533209999999999740e-01 5.079029999999999934e-01
5.220000000000000000e+02 4.095960000000000156e-01 4.532749999999999835e-01 5.079369999999999719e-01
5.230000000000000000e+02 4.095269999999999744e-01 4.532459999999999822e-01 5.078430000000000444e-01
5.240000000000000000e+02 4.094969999999999999e-01 4.531859999999999777e-01 5.078249999999999709e-01
5.250000000000000000e+02 4.095710000000000184e-01 4.533030000000000115e-01 5.078840000000000021e-01
5.260000000000000000e+02 4.094979999999999731e-01 4.532050000000000245e-01 5.078160000000000451e-01
5.270000000000000000e+02 4.095590000000000064e-01 4.533110000000000195e-01 5.078730000000000189e-01
5.280000000000000000e+02 4.095690000000000164e-01 4.532360000000000277e-01 5.078850000000000309e-01
5.290000000000000000e+02 4.095230000000000259e-01 4.532669999999999755e-01 5.078350000000000364e-01
5.300000000000000000e+02 4.095329999999999804e-01 4.532640000000000002e-01 5.078500000000000236e-01
5.310000000000000000e+02 4.095050000000000079e-01 4.531910000000000105e-01 5.078190000000000204e-01
5.320000000000000000e+02 4.095500000000000251e-01 4.532630000000000270e-01 5.078589999999999494e-01
5.330000000000000000e+02 4.095300000000000051e-01 4.532919999999999727e-01 5.078420000000000156e-01
5.340000000000000000e+02 4.095550000000000024e-01 4.532599999999999962e-01 5.078629999999999534e-01
5.350000000000000000e+02 4.095320000000000071e-01 4.532479999999999842e-01 5.078409999999999869e-01
5.360000000000000000e+02 4.095590000000000064e-01 4.532860000000000222e-01 5.078719999999999901e-01
5.370000000000000000e+02 4.095920000000000116e-01 4.532809999999999895e-01 5.078960000000000141e-01
5.380000000000000000e+02 4.095320000000000071e-01 4.532820000000000182e-01 5.078489999999999949e-01
5.390000000000000000e+02 4.094749999999999779e-01 4.531410000000000160e-01 5.077930000000000499e-01
5.400000000000000000e+02 4.095449999999999924e-01 4.532660000000000022e-01 5.078549999999999454e-01
5.410000000000000000e+02 4.094949999999999979e-01 4.532240000000000157e-01 5.078129999999999589e-01
5.420000000000000000e+02 4.094240000000000101e-01 4.531009999999999760e-01 5.077399999999999691e-01
5.430000000000000000e+02 4.095119999999999871e-01 4.532109999999999750e-01 5.078169999999999629e-01
5.440000000000000000e+02 4.095130000000000159e-01 4.532229999999999870e-01 5.078289999999999749e-01
5.450000000000000000e+02 4.094430000000000014e-01 4.531649999999999845e-01 5.077639999999999931e-01
5.460000000000000000e+02 4.095300000000000051e-01 4.531589999999999785e-01 5.078329999999999789e-01
5.470000000000000000e+02 4.095260000000000011e-01 4.532129999999999770e-01 5.078409999999999869e-01
5.480000000000000000e+02 4.095889999999999809e-01 4.533340000000000147e-01 5.079069999999999974e-01
5.490000000000000000e+02 4.095119999999999871e-01 4.531700000000000172e-01 5.078179999999999916e-01
5.500000000000000000e+02 4.095019999999999771e-01 4.531589999999999785e-01 5.078179999999999916e-01
5.510000000000000000e+02 4.095329999999999804e-01 4.532079999999999997e-01 5.078470000000000484e-01
5.520000000000000000e+02 4.095289999999999764e-01 4.532129999999999770e-01 5.078319999999999501e-01
5.530000000000000000e+02 4.095400000000000151e-01 4.531879999999999797e-01 5.078449999999999909e-01
5.540000000000000000e+02 4.094949999999999979e-01 4.531859999999999777e-01 5.078009999999999469e-01
5.550000000000000000e+02 4.094880000000000186e-01 4.531700000000000172e-01 5.077939999999999676e-01
5.560000000000000000e+02 4.095230000000000259e-01 4.532109999999999750e-01 5.078350000000000364e-01
5.570000000000000000e+02 4.095059999999999811e-01 4.532160000000000077e-01 5.078160000000000451e-01
5.580000000000000000e+02 4.094820000000000126e-01 4.531330000000000080e-01 5.077779999999999516e-01
5.590000000000000000e+02 4.095039999999999791e-01 4.531760000000000232e-01 5.078219999999999956e-01
5.600000000000000000e+02 4.094590000000000174e-01 4.531200000000000228e-01 5.077690000000000259e-01
5.610000000000000000e+02 4.094909999999999939e-01 4.531810000000000005e-01 5.077920000000000211e-01
5.620000000000000000e+02 4.094820000000000126e-01 4.531899999999999817e-01 5.077890000000000459e-01
5.630000000000000000e+02 4.094010000000000149e-01 4.530520000000000103e-01 5.077120000000000521e-01
5.640000000000000000e+02 4.095110000000000139e-01 4.531749999999999945e-01 5.078259999999999996e-01
5.650000000000000000e+02 4.095610000000000084e-01 4.532209999999999850e-01 5.078620000000000356e-01
5.660000000000000000e+02 4.094969999999999999e-01 4.531899999999999817e-01 5.078139999999999876e-01
5.670000000000000000e+02 4.094809999999999839e-01 4.531250000000000000e-01 5.077960000000000251e-01
5.680000000000000000e+02 4.094720000000000026e-01 4.531649999999999845e-01 5.077930000000000499e-01
5.690000000000000000e+02 4.094789999999999819e-01 4.531870000000000065e-01 5.077939999999999676e-01
5.700000000000000000e+02 4.094809999999999839e-01 4.531519999999999992e-01 5.077939999999999676e-01
5.710000000000000000e+02 4.094479999999999786e-01 4.531519999999999992e-01 5.077669999999999684e-01
5.720000000000000000e+02 4.094110000000000249e-01 4.531009999999999760e-01 5.077319999999999611e-01
5.730000000000000000e+02 4.094389999999999974e-01 4.530589999999999895e-01 5.077500000000000346e-01
5.740000000000000000e+02 4.095130000000000159e-01 4.531950000000000145e-01 5.078329999999999789e-01
5.750000000000000000e+02 4.094619999999999926e-01 4.531310000000000060e-01 5.077749999999999764e-01
5.760000000000000000e+02 4.094679999999999986e-01 4.531270000000000020e-01 5.077709999999999724e-01
5.770000000000000000e+02 4.095480000000000231e-01 4.531999999999999917e-01 5.078500000000000236e-01
5.780000000000000000e+02 4.094369999999999954e-01 4.531169999999999920e-01 5.077559999999999851e-01
5.790000000000000000e+02 4.094349999999999934e-01 4.530859999999999888e-01 5.077450000000000019e-01
5.800000000000000000e+02 4.094360000000000221e-01 4.531189999999999940e-01 5.077509999999999524e-01
5.810000000000000000e+02 4.095079999999999831e-01 4.531399999999999872e-01 5.078120000000000411e-01
5.820000000000000000e+02 4.094439999999999746e-01 4.531209999999999960e-01 5.077559999999999851e-01
5.830000000000000000e+02 4.095030000000000059e-01 4.531789999999999985e-01 5.078089999999999549e-01
5.840000000000000000e+02 4.094059999999999921e-01 4.530319999999999903e-01 5.077159999999999451e-01
5.850000000000000000e+02 4.094340000000000201e-01 4.530870000000000175e-01 5.077380000000000226e-01
5.860000000000000000e+02 4.094630000000000214e-01 4.530830000000000135e-01 5.077589999999999604e-01
5.870000000000000000e+02 4.094679999999999986e-01 4.531459999999999932e-01 5.077789999999999804e-01
5.880000000000000000e+02 4.094180000000000041e-01 4.530649999999999955e-01 5.077239999999999531e-01
5.890000000000000000e+02 4.094149999999999734e-01 4.530359999999999943e-01 5.077190000000000314e-01
5.900000000000000000e+02 4.094260000000000121e-01 4.530750000000000055e-01 5.077270000000000394e-01
5.910000000000000000e+02 4.094409999999999994e-01 4.530830000000000135e-01 5.077519999999999811e-01
5.920000000000000000e+02 4.094090000000000229e-01 4.530429999999999735e-01 5.077159999999999451e-01
5.930000000000000000e+02 4.094530000000000114e-01 4.531560000000000032e-01 5.077620000000000466e-01
5.940000000000000000e+02 4.094269999999999854e-01 4.530529999999999835e-01 5.077310000000000434e-01
5.950000000000000000e+02 4.094450000000000034e-01 4.531410000000000160e-01 5.077589999999999604e-01
5.960000000000000000e+02 4.094119999999999981e-01 4.530859999999999888e-01 5.077220000000000066e-01
5.970000000000000000e+02 4.094110000000000249e-01 4.530799999999999828e-01 5.077220000000000066e-01
5.980000000000000000e+02 4.094380000000000241e-01 4.530120000000000258e-01 5.077409999999999979e-01
5.990000000000000000e+02 4.093870000000000009e-01 4.531200000000000228e-01 5.076910000000000034e-01
6.000000000000000000e+02 4.093530000000000224e-01 4.529630000000000045e-01 5.076580000000000537e-01
6.010000000000000000e+02 4.094039999999999901e-01 4.530290000000000150e-01 5.077070000000000194e-01
6.020000000000000000e+02 4.093890000000000029e-01 4.530589999999999895e-01 5.076979999999999826e-01
6.030000000000000000e+02 4.094030000000000169e-01 4.530480000000000063e-01 5.077080000000000481e-01
6.040000000000000000e+02 4.093899999999999761e-01 4.530469999999999775e-01 5.077049999999999619e-01
6.050000000000000000e+02 4.093899999999999761e-01 4.530120000000000258e-01 5.077000000000000401e-01
6.060000000000000000e+02 4.094220000000000081e-01 4.530810000000000115e-01 5.077329999999999899e-01
6.070000000000000000e+02 4.094030000000000169e-01 4.530120000000000258e-01 5.077159999999999451e-01
6.080000000000000000e+02 4.094539999999999846e-01 4.531479999999999952e-01 5.077620000000000466e-01
6.090000000000000000e+02 4.093919999999999781e-01 4.529480000000000173e-01 5.076899999999999746e-01
6.100000000000000000e+02 4.093220000000000192e-01 4.530009999999999870e-01 5.076349999999999474e-01
6.110000000000000000e+02 4.093570000000000264e-01 4.529659999999999798e-01 5.076629999999999754e-01
6.120000000000000000e+02 4.093820000000000237e-01 4.530219999999999803e-01 5.077019999999999866e-01
6.130000000000000000e+02 4.093069999999999764e-01 4.529560000000000253e-01 5.076239999999999641e-01
6.140000000000000000e+02 4.093720000000000137e-01 4.529830000000000245e-01 5.076859999999999706e-01
6.150000000000000000e+02 4.094369999999999954e-01 4.530859999999999888e-01 5.077439999999999731e-01
6.160000000000000000e+02 4.093930000000000069e-01 4.529880000000000018e-01 5.076990000000000114e-01
6.170000000000000000e+02 4.093450000000000144e-01 4.529429999999999845e-01 5.076490000000000169e-01
6.180000000000000000e+02 4.094189999999999774e-01 4.530259999999999843e-01 5.077249999999999819e-01
6.190000000000000000e+02 4.093879999999999741e-01 4.530540000000000123e-01 5.076969999999999539e-01
6.200000000000000000e+02 4.093860000000000277e-01 4.529960000000000098e-01 5.076960000000000361e-01
6.210000000000000000e+02 4.093319999999999736e-01 4.529690000000000105e-01 5.076460000000000417e-01
6.220000000000000000e+02 4.093550000000000244e-01 4.529489999999999905e-01 5.076720000000000121e-01
6.230000000000000000e+02 4.094530000000000114e-01 4.530620000000000203e-01 5.077620000000000466e-01
6.240000000000000000e+02 4.093629999999999769e-01 4.529790000000000205e-01 5.076819999999999666e-01
6.250000000000000000e+02 4.094169999999999754e-01 4.530899999999999928e-01 5.077340000000000186e-01
6.260000000000000000e+02 4.093660000000000077e-01 4.529900000000000038e-01 5.076910000000000034e-01
6.270000000000000000e+02 4.094519999999999826e-01 4.530540000000000123e-01 5.077589999999999604e-01
6.280000000000000000e+02 4.094400000000000261e-01 4.530060000000000198e-01 5.077430000000000554e-01
6.290000000000000000e+02 4.094229999999999814e-01 4.530390000000000250e-01 5.077300000000000146e-01
6.300000000000000000e+02 4.094670000000000254e-01 4.530839999999999868e-01 5.077739999999999476e-01
6.310000000000000000e+02 4.093310000000000004e-01 4.529309999999999725e-01 5.076429999999999554e-01
6.320000000000000000e+02 4.094940000000000246e-01 4.531549999999999745e-01 5.078059999999999796e-01
6.330000000000000000e+02 4.093589999999999729e-01 4.529580000000000273e-01 5.076690000000000369e-01
6.340000000000000000e+02 4.094459999999999766e-01 4.530699999999999728e-01 5.077570000000000139e-01
6.350000000000000000e+02 4.094039999999999901e-01 4.530100000000000238e-01 5.077159999999999451e-01
6.360000000000000000e+02 4.093950000000000089e-01 4.530339999999999923e-01 5.076990000000000114e-01
6.370000000000000000e+02 4.094189999999999774e-01 4.530129999999999990e-01 5.077329999999999899e-01
6.380000000000000000e+02 4.093740000000000157e-01 4.529819999999999958e-01 5.076899999999999746e-01
6.390000000000000000e+02 4.094059999999999921e-01 4.530299999999999883e-01 5.077159999999999451e-01
6.400000000000000000e+02 4.094090000000000229e-01 4.530040000000000178e-01 5.077319999999999611e-01
6.410000000000000000e+02 4.093419999999999837e-01 4.529670000000000085e-01 5.076549999999999674e-01
6.420000000000000000e+02 4.094090000000000229e-01 4.530009999999999870e-01 5.077190000000000314e-01
6.430000000000000000e+02 4.094099999999999961e-01 4.530020000000000158e-01 5.077190000000000314e-01
6.440000000000000000e+02 4.094079999999999941e-01 4.530830000000000135e-01 5.077180000000000026e-01
6.450000000000000000e+02 4.094050000000000189e-01 4.530460000000000043e-01 5.077150000000000274e-01
6.460000000000000000e+02 4.095090000000000119e-01 4.531250000000000000e-01 5.078190000000000204e-01
6.470000000000000000e+02 4.094510000000000094e-01 4.530859999999999888e-01 5.077679999999999971e-01
6.480000000000000000e+02 4.094209999999999794e-01 4.530029999999999890e-01 5.077279999999999571e-01
6.490000000000000000e+02 4.093809999999999949e-01 4.529839999999999978e-01 5.076929999999999499e-01
6.500000000000000000e+02 4.094059999999999921e-01 4.529940000000000078e-01 5.077110000000000234e-01
6.510000000000000000e+02 4.094030000000000169e-01 4.529949999999999810e-01 5.077099999999999946e-01
6.520000000000000000e+02 4.093959999999999821e-01 4.530359999999999943e-01 5.077019999999999866e-01
6.530000000000000000e+02 4.093849999999999989e-01 4.529900000000000038e-01 5.077040000000000441e-01
6.540000000000000000e+02 4.094450000000000034e-01 4.530299999999999883e-01 5.077549999999999564e-01
6.550000000000000000e+02 4.093930000000000069e-01 4.529989999999999850e-01 5.077070000000000194e-01
6.560000000000000000e+02 4.093049999999999744e-01 4.529030000000000000e-01 5.076110000000000344e-01
6.570000000000000000e+02 4.093370000000000064e-01 4.529219999999999913e-01 5.076439999999999841e-01
6.580000000000000000e+02 4.093860000000000277e-01 4.529880000000000018e-01 5.077110000000000234e-01
6.590000000000000000e+02 4.094209999999999794e-01 4.530440000000000023e-01 5.077260000000000106e-01
6.600000000000000000e+02 4.093680000000000097e-01 4.529610000000000025e-01 5.076779999999999626e-01
6.610000000000000000e+02 4.094240000000000101e-01 4.530330000000000190e-01 5.077260000000000106e-01
6.620000000000000000e+02 4.093780000000000197e-01 4.529590000000000005e-01 5.076979999999999826e-01
6.630000000000000000e+02 4.094920000000000226e-01 4.530950000000000255e-01 5.077970000000000539e-01
6.640000000000000000e+02 4.094039999999999901e-01 4.530129999999999990e-01 5.077040000000000441e-01
6.650000000000000000e+02 4.093169999999999864e-01 4.529079999999999773e-01 5.076289999999999969e-01
6.660000000000000000e+02 4.093689999999999829e-01 4.529449999999999865e-01 5.076709999999999834e-01
6.670000000000000000e+02 4.093200000000000172e-01 4.529400000000000093e-01 5.076209999999999889e-01
6.680000000000000000e+02 4.093829999999999969e-01 4.529880000000000018e-01 5.076899999999999746e-01
6.690000000000000000e+02 4.093849999999999989e-01 4.529520000000000213e-01 5.076990000000000114e-01
6.700000000000000000e+02 4.094820000000000126e-01 4.530939999999999968e-01 5.077909999999999924e-01
6.710000000000000000e+02 4.093769999999999909e-01 4.530020000000000158e-01 5.076829999999999954e-01
6.720000000000000000e+02 4.094079999999999941e-01 4.529869999999999730e-01 5.077139999999999986e-01
6.730000000000000000e+02 4.093930000000000069e-01 4.529739999999999878e-01 5.077049999999999619e-01
6.740000000000000000e+02 4.094320000000000181e-01 4.530500000000000083e-01 5.077380000000000226e-01
6.750000000000000000e+02 4.093620000000000037e-01 4.529610000000000025e-01 5.076749999999999874e-01
6.760000000000000000e+02 4.094349999999999934e-01 4.530239999999999823e-01 5.077430000000000554e-01
6.770000000000000000e+02 4.093510000000000204e-01 4.529560000000000253e-01 5.076619999999999466e-01
6.780000000000000000e+02 4.094149999999999734e-01 4.529730000000000145e-01 5.077199999999999491e-01
6.790000000000000000e+02 4.093240000000000212e-01 4.529190000000000160e-01 5.076289999999999969e-01
6.800000000000000000e+02 4.093390000000000084e-01 4.529429999999999845e-01 5.076540000000000497e-01
6.810000000000000000e+02 4.094010000000000149e-01 4.529420000000000113e-01 5.077040000000000441e-01
6.820000000000000000e+02 4.094490000000000074e-01 4.530359999999999943e-01 5.077620000000000466e-01
6.830000000000000000e+02 4.094369999999999954e-01 4.530359999999999943e-01 5.077439999999999731e-01
6.840000000000000000e+02 4.093899999999999761e-01 4.529750000000000165e-01 5.077009999999999579e-01
6.850000000000000000e+02 4.093319999999999736e-01 4.529130000000000100e-01 5.076450000000000129e-01
6.860000000000000000e+02 4.093680000000000097e-01 4.529540000000000233e-01 5.076859999999999706e-01
6.870000000000000000e+02 4.094180000000000041e-01 4.530060000000000198e-01 5.077249999999999819e-01
6.880000000000000000e+02 4.094119999999999981e-01 4.529799999999999938e-01 5.077230000000000354e-01
6.890000000000000000e+02 4.093720000000000137e-01 4.529320000000000013e-01 5.076800000000000201e-01
6.900000000000000000e+02 4.093399999999999817e-01 4.529360000000000053e-01 5.076530000000000209e-01
6.910000000000000000e+02 4.093829999999999969e-01 4.529340000000000033e-01 5.077030000000000154e-01
6.920000000000000000e+02 4.094309999999999894e-01 4.530139999999999723e-01 5.077329999999999899e-01
6.930000000000000000e+02 4.093789999999999929e-01 4.529509999999999925e-01 5.076800000000000201e-01
6.940000000000000000e+02 4.094630000000000214e-01 4.530449999999999755e-01 5.077639999999999931e-01
6.950000000000000000e+02 4.093499999999999917e-01 4.529650000000000065e-01 5.076570000000000249e-01
6.960000000000000000e+02 4.093390000000000084e-01 4.528789999999999760e-01 5.076420000000000377e-01
6.970000000000000000e+02 4.094050000000000189e-01 4.529360000000000053e-01 5.077049999999999619e-01
6.980000000000000000e+02 4.094800000000000106e-01 4.530429999999999735e-01 5.077850000000000419e-01
6.990000000000000000e+02 4.093870000000000009e-01 4.529799999999999938e-01 5.076859999999999706e-01
7.000000000000000000e+02 4.093939999999999801e-01 4.529279999999999973e-01 5.077030000000000154e-01
7.010000000000000000e+02 4.094079999999999941e-01 4.529500000000000193e-01 5.077070000000000194e-01
7.020000000000000000e+02 4.094400000000000261e-01 4.529610000000000025e-01 5.077439999999999731e-01
7.030000000000000000e+02 4.094700000000000006e-01 4.529489999999999905e-01 5.077580000000000426e-01
7.040000000000000000e+02 4.094110000000000249e-01 4.529110000000000080e-01 5.077139999999999986e-01
7.050000000000000000e+02 4.094550000000000134e-01 4.529130000000000100e-01 5.077549999999999564e-01
7.060000000000000000e+02 4.094289999999999874e-01 4.528809999999999780e-01 5.077300000000000146e-01
7.070000000000000000e+02 4.094479999999999786e-01 4.528780000000000028e-01 5.077420000000000266e-01
7.080000000000000000e+02 4.094690000000000274e-01 4.528840000000000088e-01 5.077650000000000219e-01
7.090000000000000000e+02 4.094869999999999899e-01 4.529199999999999893e-01 5.077880000000000171e-01
7.100000000000000000e+02 4.094709999999999739e-01 4.528789999999999760e-01 5.077679999999999971e-01
7.110000000000000000e+02 4.094979999999999731e-01 4.529139999999999833e-01 5.077990000000000004e-01
7.120000000000000000e+02 4.094849999999999879e-01 4.528869999999999840e-01 5.077819999999999556e-01
7.130000000000000000e+02 4.094729999999999759e-01 4.528789999999999760e-01 5.077730000000000299e-01
7.140000000000000000e+02 4.094760000000000066e-01 4.528889999999999860e-01 5.077739999999999476e-01
7.150000000000000000e+02 4.094760000000000066e-01 4.528869999999999840e-01 5.077739999999999476e-01
7.160000000000000000e+02 4.094760000000000066e-01 4.528889999999999860e-01 5.077739999999999476e-01
7.170000000000000000e+02 4.094769999999999799e-01 4.528889999999999860e-01 5.077739999999999476e-01
7.180000000000000000e+02 4.094769999999999799e-01 4.528889999999999860e-01 5.077739999999999476e-01
7.190000000000000000e+02 4.094769999999999799e-01 4.528900000000000148e-01 5.077739999999999476e-01
7.200000000000000000e+02 4.094769999999999799e-01 4.528900000000000148e-01 5.077749999999999764e-01
7.210000000000000000e+02 4.094769999999999799e-01 4.528900000000000148e-01 5.077749999999999764e-01
7.220000000000000000e+02 4.094780000000000086e-01 4.528900000000000148e-01 5.077749999999999764e-01
7.230000000000000000e+02 4.094780000000000086e-01 4.528900000000000148e-01 5.077749999999999764e-01
7.240000000000000000e+02 4.094780000000000086e-01 4.528909999999999880e-01 5.077760000000000051e-01
7.250000000000000000e+02 4.094780000000000086e-01 4.528909999999999880e-01 5.077760000000000051e-01
7.260000000000000000e+02 4.094789999999999819e-01 4.528909999999999880e-01 5.077760000000000051e-01
7.270000000000000000e+02 4.094789999999999819e-01 4.528909999999999880e-01 5.077760000000000051e-01
7.280000000000000000e+02 4.094789999999999819e-01 4.528920000000000168e-01 5.077760000000000051e-01
7.290000000000000000e+02 4.094789999999999819e-01 4.528920000000000168e-01 5.077770000000000339e-01
7.300000000000000000e+02 4.094789999999999819e-01 4.528920000000000168e-01 5.077770000000000339e-01
7.310000000000000000e+02 4.094800000000000106e-01 4.528920000000000168e-01 5.077770000000000339e-01
7.320000000000000000e+02 4.094800000000000106e-01 4.528920000000000168e-01 5.077770000000000339e-01
7.330000000000000000e+02 4.094800000000000106e-01 4.528929999999999900e-01 5.077779999999999516e-01
7.340000000000000000e+02 4.094800000000000106e-01 4.528929999999999900e-01 5.077779999999999516e-01
7.350000000000000000e+02 4.094809999999999839e-01 4.528929999999999900e-01 5.077779999999999516e-01
7.360000000000000000e+02 4.094809999999999839e-01 4.528929999999999900e-01 5.077779999999999516e-01
7.370000000000000000e+02 4.094809999999999839e-01 4.528940000000000188e-01 5.077779999999999516e-01
7.380000000000000000e+02 4.094809999999999839e-01 4.528940000000000188e-01 5.077789999999999804e-01
7.390000000000000000e+02 4.094809999999999839e-01 4.528940000000000188e-01 5.077789999999999804e-01
7.400000000000000000e+02 4.094820000000000126e-01 4.528940000000000188e-01 5.077789999999999804e-01
7.410000000000000000e+02 4.094820000000000126e-01 4.528940000000000188e-01 5.077789999999999804e-01
7.420000000000000000e+02 4.094820000000000126e-01 4.528949999999999920e-01 5.077800000000000091e-01
7.430000000000000000e+02 4.094820000000000126e-01 4.528949999999999920e-01 5.077800000000000091e-01
7.440000000000000000e+02 4.094820000000000126e-01 4.528949999999999920e-01 5.077800000000000091e-01
7.450000000000000000e+02 4.094829999999999859e-01 4.528949999999999920e-01 5.077800000000000091e-01
7.460000000000000000e+02 4.094829999999999859e-01 4.528949999999999920e-01 5.077800000000000091e-01
7.470000000000000000e+02 4.094829999999999859e-01 4.528960000000000208e-01 5.077810000000000379e-01
7.480000000000000000e+02 4.094829999999999859e-01 4.528960000000000208e-01 5.077810000000000379e-01
7.490000000000000000e+02 4.094840000000000146e-01 4.528960000000000208e-01 5.077810000000000379e-01
7.500000000000000000e+02 4.094840000000000146e-01 4.528960000000000208e-01 5.077810000000000379e-01
7.510000000000000000e+02 4.094840000000000146e-01 4.528969999999999940e-01 5.077810000000000379e-01
7.520000000000000000e+02 4.094840000000000146e-01 4.528969999999999940e-01 5.077819999999999556e-01
7.530000000000000000e+02 4.094840000000000146e-01 4.528969999999999940e-01 5.077819999999999556e-01
7.540000000000000000e+02 4.094849999999999879e-01 4.528969999999999940e-01 5.077819999999999556e-01
7.550000000000000000e+02 4.094849999999999879e-01 4.528969999999999940e-01 5.077819999999999556e-01
7.560000000000000000e+02 4.094849999999999879e-01 4.528980000000000228e-01 5.077819999999999556e-01
7.570000000000000000e+02 4.094849999999999879e-01 4.528980000000000228e-01 5.077829999999999844e-01
7.580000000000000000e+02 4.094849999999999879e-01 4.528980000000000228e-01 5.077829999999999844e-01
7.590000000000000000e+02 4.094860000000000166e-01 4.528980000000000228e-01 5.077829999999999844e-01
7.600000000000000000e+02 4.094860000000000166e-01 4.528980000000000228e-01 5.077829999999999844e-01
7.610000000000000000e+02 4.094860000000000166e-01 4.528989999999999960e-01 5.077829999999999844e-01
7.620000000000000000e+02 4.094860000000000166e-01 4.528989999999999960e-01 5.077840000000000131e-01
7.630000000000000000e+02 4.094860000000000166e-01 4.528989999999999960e-01 5.077840000000000131e-01
7.640000000000000000e+02 4.094869999999999899e-01 4.528989999999999960e-01 5.077840000000000131e-01
7.650000000000000000e+02 4.094869999999999899e-01 4.528989999999999960e-01 5.077840000000000131e-01
7.660000000000000000e+02 4.094869999999999899e-01 4.529000000000000248e-01 5.077840000000000131e-01
7.670000000000000000e+02 4.094869999999999899e-01 4.529000000000000248e-01 5.077850000000000419e-01
7.680000000000000000e+02 4.094869999999999899e-01 4.529000000000000248e-01 5.077850000000000419e-01
7.690000000000000000e+02 4.094880000000000186e-01 4.529000000000000248e-01 5.077850000000000419e-01
7.700000000000000000e+02 4.094880000000000186e-01 4.529000000000000248e-01 5.077850000000000419e-01
7.710000000000000000e+02 4.094880000000000186e-01 4.529009999999999980e-01 5.077850000000000419e-01
7.720000000000000000e+02 4.094880000000000186e-01 4.529009999999999980e-01 5.077859999999999596e-01
7.730000000000000000e+02 4.094880000000000186e-01 4.529009999999999980e-01 5.077859999999999596e-01
7.740000000000000000e+02 4.094889999999999919e-01 4.529009999999999980e-01 5.077859999999999596e-01
7.750000000000000000e+02 4.094889999999999919e-01 4.529009999999999980e-01 5.077859999999999596e-01
7.760000000000000000e+02 4.094889999999999919e-01 4.529020000000000268e-01 5.077859999999999596e-01
7.770000000000000000e+02 4.094889999999999919e-01 4.529020000000000268e-01 5.077869999999999884e-01
7.780000000000000000e+02 4.094889999999999919e-01 4.529020000000000268e-01 5.077869999999999884e-01
7.790000000000000000e+02 4.094900000000000206e-01 4.529020000000000268e-01 5.077869999999999884e-01
7.800000000000000000e+02 4.094900000000000206e-01 4.529020000000000268e-01 5.077869999999999884e-01
7.810000000000000000e+02 4.094900000000000206e-01 4.529020000000000268e-01 5.077869999999999884e-01
7.820000000000000000e+02 4.094900000000000206e-01 4.529030000000000000e-01 5.077880000000000171e-01
7.830000000000000000e+02 4.094900000000000206e-01 4.529030000000000000e-01 5.077880000000000171e-01
7.840000000000000000e+02 4.094900000000000206e-01 4.529030000000000000e-01 5.077880000000000171e-01
7.850000000000000000e+02 4.094909999999999939e-01 4.529030000000000000e-01 5.077880000000000171e-01
7.860000000000000000e+02 4.094909999999999939e-01 4.529030000000000000e-01 5.077880000000000171e-01
7.870000000000000000e+02 4.094909999999999939e-01 4.529039999999999733e-01 5.077890000000000459e-01
7.880000000000000000e+02 4.094909999999999939e-01 4.529039999999999733e-01 5.077890000000000459e-01
7.890000000000000000e+02 4.094909999999999939e-01 4.529039999999999733e-01 5.077890000000000459e-01
7.900000000000000000e+02 4.094920000000000226e-01 4.529039999999999733e-01 5.077890000000000459e-01
7.910000000000000000e+02 4.094920000000000226e-01 4.529039999999999733e-01 5.077890000000000459e-01
7.920000000000000000e+02 4.094920000000000226e-01 4.529050000000000020e-01 5.077890000000000459e-01
7.930000000000000000e+02 4.094920000000000226e-01 4.529050000000000020e-01 5.077899999999999636e-01
7.940000000000000000e+02 4.094920000000000226e-01 4.529050000000000020e-01 5.077899999999999636e-01
7.950000000000000000e+02 4.094929999999999959e-01 4.529050000000000020e-01 5.077899999999999636e-01
7.960000000000000000e+02 4.094929999999999959e-01 4.529050000000000020e-01 5.077899999999999636e-01
7.970000000000000000e+02 4.094929999999999959e-01 4.529059999999999753e-01 5.077899999999999636e-01
7.980000000000000000e+02 4.094929999999999959e-01 4.529059999999999753e-01 5.077909999999999924e-01
7.990000000000000000e+02 4.094929999999999959e-01 4.529059999999999753e-01 5.077909999999999924e-01
8.000000000000000000e+02 4.094929999999999959e-01 4.529059999999999753e-01 5.077909999999999924e-01
8.010000000000000000e+02 4.094940000000000246e-01 4.529059999999999753e-01 5.077909999999999924e-01
8.020000000000000000e+02 4.094940000000000246e-01 4.529059999999999753e-01 5.077909999999999924e-01
8.030000000000000000e+02 4.094940000000000246e-01 4.529070000000000040e-01 5.077920000000000211e-01
8.040000000000000000e+02 4.094940000000000246e-01 4.529070000000000040e-01 5.077920000000000211e-01
8.050000000000000000e+02 4.094940000000000246e-01 4.529070000000000040e-01 5.077920000000000211e-01
8.060000000000000000e+02 4.094949999999999979e-01 4.529070000000000040e-01 5.077920000000000211e-01
8.070000000000000000e+02 4.094949999999999979e-01 4.529070000000000040e-01 5.077920000000000211e-01
8.080000000000000000e+02 4.094949999999999979e-01 4.529079999999999773e-01 5.077920000000000211e-01
8.090000000000000000e+02 4.094949999999999979e-01 4.529079999999999773e-01 5.077930000000000499e-01
8.100000000000000000e+02 4.094949999999999979e-01 4.529079999999999773e-01 5.077930000000000499e-01
8.110000000000000000e+02 4.094949999999999979e-01 4.529079999999999773e-01 5.077930000000000499e-01
8.120000000000000000e+02 4.094960000000000266e-01 4.529079999999999773e-01 5.077930000000000499e-01
8.130000000000000000e+02 4.094960000000000266e-01 4.529079999999999773e-01 5.077930000000000499e-01
8.140000000000000000e+02 4.094960000000000266e-01 4.529090000000000060e-01 5.077930000000000499e-01
8.150000000000000000e+02 4.094960000000000266e-01 4.529090000000000060e-01 5.077939999999999676e-01
8.160000000000000000e+02 4.094960000000000266e-01 4.529090000000000060e-01 5.077939999999999676e-01
8.170000000000000000e+02 4.094969999999999999e-01 4.529090000000000060e-01 5.077939999999999676e-01
8.180000000000000000e+02 4.094969999999999999e-01 4.529090000000000060e-01 5.077939999999999676e-01
8.190000000000000000e+02 4.094969999999999999e-01 4.529090000000000060e-01 5.077939999999999676e-01
8.200000000000000000e+02 4.094969999999999999e-01 4.529099999999999793e-01 5.077949999999999964e-01
8.210000000000000000e+02 4.094969999999999999e-01 4.529099999999999793e-01 5.077949999999999964e-01
8.220000000000000000e+02 4.094969999999999999e-01 4.529099999999999793e-01 5.077949999999999964e-01
8.230000000000000000e+02 4.094979999999999731e-01 4.529099999999999793e-01 5.077949999999999964e-01
8.240000000000000000e+02 4.094979999999999731e-01 4.529099999999999793e-01 5.077949999999999964e-01
8.250000000000000000e+02 4.094979999999999731e-01 4.529099999999999793e-01 5.077949999999999964e-01
8.260000000000000000e+02 4.094979999999999731e-01 4.529110000000000080e-01 5.077960000000000251e-01
8.270000000000000000e+02 4.094979999999999731e-01 4.529110000000000080e-01 5.077960000000000251e-01
8.280000000000000000e+02 4.094979999999999731e-01 4.529110000000000080e-01 5.077960000000000251e-01
8.290000000000000000e+02 4.094990000000000019e-01 4.529110000000000080e-01 5.077960000000000251e-01
8.300000000000000000e+02 4.094990000000000019e-01 4.529110000000000080e-01 5.077960000000000251e-01
8.310000000000000000e+02 4.094990000000000019e-01 4.529119999999999813e-01 5.077960000000000251e-01
8.320000000000000000e+02 4.094990000000000019e-01 4.529119999999999813e-01 5.077970000000000539e-01
8.330000000000000000e+02 4.094990000000000019e-01 4.529119999999999813e-01 5.077970000000000539e-01
8.340000000000000000e+02 4.094990000000000019e-01 4.529119999999999813e-01 5.077970000000000539e-01
8.350000000000000000e+02 4.094999999999999751e-01 4.529119999999999813e-01 5.077970000000000539e-01
8.360000000000000000e+02 4.094999999999999751e-01 4.529119999999999813e-01 5.077970000000000539e-01
8.370000000000000000e+02 4.094999999999999751e-01 4.529130000000000100e-01 5.077970000000000539e-01
8.380000000000000000e+02 4.094999999999999751e-01 4.529130000000000100e-01 5.077979999999999716e-01
8.390000000000000000e+02 4.094999999999999751e-01 4.529130000000000100e-01 5.077979999999999716e-01
8.400000000000000000e+02 4.094999999999999751e-01 4.529130000000000100e-01 5.077979999999999716e-01
8.410000000000000000e+02 4.095010000000000039e-01 4.529130000000000100e-01 5.077979999999999716e-01
8.420000000000000000e+02 4.095010000000000039e-01 4.529130000000000100e-01 5.077979999999999716e-01
8.430000000000000000e+02 4.095010000000000039e-01 4.529139999999999833e-01 5.077979999999999716e-01
8.440000000000000000e+02 4.095010000000000039e-01 4.529139999999999833e-01 5.077990000000000004e-01
8.450000000000000000e+02 4.095010000000000039e-01 4.529139999999999833e-01 5.077990000000000004e-01
8.460000000000000000e+02 4.095010000000000039e-01 4.529139999999999833e-01 5.077990000000000004e-01
8.470000000000000000e+02 4.095019999999999771e-01 4.529139999999999833e-01 5.077990000000000004e-01
8.480000000000000000e+02 4.095019999999999771e-01 4.529139999999999833e-01 5.077990000000000004e-01
8.490000000000000000e+02 4.095019999999999771e-01 4.529150000000000120e-01 5.077990000000000004e-01
8.500000000000000000e+02 4.095019999999999771e-01 4.529150000000000120e-01 5.078000000000000291e-01
8.510000000000000000e+02 4.095019999999999771e-01 4.529150000000000120e-01 5.078000000000000291e-01
8.520000000000000000e+02 4.095019999999999771e-01 4.529150000000000120e-01 5.078000000000000291e-01
8.530000000000000000e+02 4.095030000000000059e-01 4.529150000000000120e-01 5.078000000000000291e-01
8.540000000000000000e+02 4.095030000000000059e-01 4.529150000000000120e-01 5.078000000000000291e-01
8.550000000000000000e+02 4.095030000000000059e-01 4.529150000000000120e-01 5.078000000000000291e-01
8.560000000000000000e+02 4.095030000000000059e-01 4.529159999999999853e-01 5.078009999999999469e-01
8.570000000000000000e+02 4.095030000000000059e-01 4.529159999999999853e-01 5.078009999999999469e-01
8.580000000000000000e+02 4.095030000000000059e-01 4.529159999999999853e-01 5.078009999999999469e-01
8.590000000000000000e+02 4.095039999999999791e-01 4.529159999999999853e-01 5.078009999999999469e-01
8.600000000000000000e+02 4.095039999999999791e-01 4.529159999999999853e-01 5.078009999999999469e-01
8.610000000000000000e+02 4.095039999999999791e-01 4.529159999999999853e-01 5.078009999999999469e-01
8.620000000000000000e+02 4.095039999999999791e-01 4.529170000000000140e-01 5.078019999999999756e-01
8.630000000000000000e+02 4.095039999999999791e-01 4.529170000000000140e-01 5.078019999999999756e-01
8.640000000000000000e+02 4.095039999999999791e-01 4.529170000000000140e-01 5.078019999999999756e-01
8.650000000000000000e+02 4.095050000000000079e-01 4.529170000000000140e-01 5.078019999999999756e-01
8.660000000000000000e+02 4.095050000000000079e-01 4.529170000000000140e-01 5.078019999999999756e-01
8.670000000000000000e+02 4.095050000000000079e-01 4.529170000000000140e-01 5.078019999999999756e-01
8.680000000000000000e+02 4.095050000000000079e-01 4.529179999999999873e-01 5.078019999999999756e-01
8.690000000000000000e+02 4.095050000000000079e-01 4.529179999999999873e-01 5.078030000000000044e-01
8.700000000000000000e+02 4.095050000000000079e-01 4.529179999999999873e-01 5.078030000000000044e-01
8.710000000000000000e+02 4.095050000000000079e-01 4.529179999999999873e-01 5.078030000000000044e-01
8.720000000000000000e+02 4.095059999999999811e-01 4.529179999999999873e-01 5.078030000000000044e-01
8.730000000000000000e+02 4.095059999999999811e-01 4.529179999999999873e-01 5.078030000000000044e-01
8.740000000000000000e+02 4.095059999999999811e-01 4.529179999999999873e-01 5.078030000000000044e-01
8.750000000000000000e+02 4.095059999999999811e-01 4.529190000000000160e-01 5.078040000000000331e-01
8.760000000000000000e+02 4.095059999999999811e-01 4.529190000000000160e-01 5.078040000000000331e-01
8.770000000000000000e+02 4.095059999999999811e-01 4.529190000000000160e-01 5.078040000000000331e-01
8.780000000000000000e+02 4.095059999999999811e-01 4.529190000000000160e-01 5.078040000000000331e-01
8.790000000000000000e+02 4.095070000000000099e-01 4.529190000000000160e-01 5.078040000000000331e-01
8.800000000000000000e+02 4.095070000000000099e-01 4.529190000000000160e-01 5.078040000000000331e-01
8.810000000000000000e+02 4.095070000000000099e-01 4.529199999999999893e-01 5.078040000000000331e-01
8.820000000000000000e+02 4.095070000000000099e-01 4.529199999999999893e-01 5.078049999999999509e-01
8.830000000000000000e+02 4.095070000000000099e-01 4.529199999999999893e-01 5.078049999999999509e-01
8.840000000000000000e+02 4.095070000000000099e-01 4.529199999999999893e-01 5.078049999999999509e-01
8.850000000000000000e+02 4.095079999999999831e-01 4.529199999999999893e-01 5.078049999999999509e-01
8.860000000000000000e+02 4.095079999999999831e-01 4.529199999999999893e-01 5.078049999999999509e-01
8.870000000000000000e+02 4.095079999999999831e-01 4.529199999999999893e-01 5.078049999999999509e-01
8.880000000000000000e+02 4.095079999999999831e-01 4.529210000000000180e-01 5.078059999999999796e-01
8.890000000000000000e+02 4.095079999999999831e-01 4.529210000000000180e-01 5.078059999999999796e-01
8.900000000000000000e+02 4.095079999999999831e-01 4.529210000000000180e-01 5.078059999999999796e-01
8.910000000000000000e+02 4.095079999999999831e-01 4.529210000000000180e-01 5.078059999999999796e-01
8.920000000000000000e+02 4.095090000000000119e-01 4.529210000000000180e-01 5.078059999999999796e-01
8.930000000000000000e+02 4.095090000000000119e-01 4.529210000000000180e-01 5.078059999999999796e-01
8.940000000000000000e+02 4.095090000000000119e-01 4.529210000000000180e-01 5.078059999999999796e-01
8.950000000000000000e+02 4.095090000000000119e-01 4.529219999999999913e-01 5.078070000000000084e-01
8.960000000000000000e+02 4.095090000000000119e-01 4.529219999999999913e-01 5.078070000000000084e-01
8.970000000000000000e+02 4.095090000000000119e-01 4.529219999999999913e-01 5.078070000000000084e-01
8.980000000000000000e+02 4.095090000000000119e-01 4.529219999999999913e-01 5.078070000000000084e-01
8.990000000000000000e+02 4.095099999999999851e-01 4.529219999999999913e-01 5.078070000000000084e-01
9.000000000000000000e+02 4.095099999999999851e-01 4.529219999999999913e-01 5.078070000000000084e-01
9.010000000000000000e+02 4.095099999999999851e-01 4.529219999999999913e-01 5.078070000000000084e-01
9.020000000000000000e+02 4.095099999999999851e-01 4.529230000000000200e-01 5.078080000000000371e-01
9.030000000000000000e+02 4.095099999999999851e-01 4.529230000000000200e-01 5.078080000000000371e-01
9.040000000000000000e+02 4.095099999999999851e-01 4.529230000000000200e-01 5.078080000000000371e-01
9.050000000000000000e+02 4.095099999999999851e-01 4.529230000000000200e-01 5.078080000000000371e-01
9.060000000000000000e+02 4.095110000000000139e-01 4.529230000000000200e-01 5.078080000000000371e-01
9.070000000000000000e+02 4.095110000000000139e-01 4.529230000000000200e-01 5.078080000000000371e-01
9.080000000000000000e+02 4.095110000000000139e-01 4.529230000000000200e-01 5.078080000000000371e-01
9.090000000000000000e+02 4.095110000000000139e-01 4.529239999999999933e-01 5.078089999999999549e-01
9.100000000000000000e+02 4.095110000000000139e-01 4.529239999999999933e-01 5.078089999999999549e-01
9.110000000000000000e+02 4.095110000000000139e-01 4.529239999999999933e-01 5.078089999999999549e-01
9.120000000000000000e+02 4.095110000000000139e-01 4.529239999999999933e-01 5.078089999999999549e-01
9.130000000000000000e+02 4.095119999999999871e-01 4.529239999999999933e-01 5.078089999999999549e-01
9.140000000000000000e+02 4.095119999999999871e-01 4.529239999999999933e-01 5.078089999999999549e-01
9.150000000000000000e+02 4.095119999999999871e-01 4.529239999999999933e-01 5.078089999999999549e-01
9.160000000000000000e+02 4.095119999999999871e-01 4.529250000000000220e-01 5.078099999999999836e-01
9.170000000000000000e+02 4.095119999999999871e-01 4.529250000000000220e-01 5.078099999999999836e-01
9.180000000000000000e+02 4.095119999999999871e-01 4.529250000000000220e-01 5.078099999999999836e-01
9.190000000000000000e+02 4.095119999999999871e-01 4.529250000000000220e-01 5.078099999999999836e-01
9.200000000000000000e+02 4.095130000000000159e-01 4.529250000000000220e-01 5.078099999999999836e-01
9.210000000000000000e+02 4.095130000000000159e-01 4.529250000000000220e-01 5.078099999999999836e-01
9.220000000000000000e+02 4.095130000000000159e-01 4.529250000000000220e-01 5.078099999999999836e-01
9.230000000000000000e+02 4.095130000000000159e-01 4.529259999999999953e-01 5.078110000000000124e-01
9.240000000000000000e+02 4.095130000000000159e-01 4.529259999999999953e-01 5.078110000000000124e-01
9.250000000000000000e+02 4.095130000000000159e-01 4.529259999999999953e-01 5.078110000000000124e-01
9.260000000000000000e+02 4.095130000000000159e-01 4.529259999999999953e-01 5.078110000000000124e-01
9.270000000000000000e+02 4.095139999999999891e-01 4.529259999999999953e-01 5.078110000000000124e-01
9.280000000000000000e+02 4.095139999999999891e-01 4.529259999999999953e-01 5.078110000000000124e-01
9.290000000000000000e+02 4.095139999999999891e-01 4.529259999999999953e-01 5.078110000000000124e-01
9.300000000000000000e+02 4.095139999999999891e-01 4.529270000000000240e-01 5.078110000000000124e-01
9.310000000000000000e+02 4.095139999999999891e-01 4.529270000000000240e-01 5.078120000000000411e-01
9.320000000000000000e+02 4.095139999999999891e-01 4.529270000000000240e-01 5.078120000000000411e-01
9.330000000000000000e+02 4.095139999999999891e-01 4.529270000000000240e-01 5.078120000000000411e-01
9.340000000000000000e+02 4.095139999999999891e-01 4.529270000000000240e-01 5.078120000000000411e-01
9.350000000000000000e+02 4.095150000000000179e-01 4.529270000000000240e-01 5.078120000000000411e-01
9.360000000000000000e+02 4.095150000000000179e-01 4.529270000000000240e-01 5.078120000000000411e-01
9.370000000000000000e+02 4.095150000000000179e-01 4.529270000000000240e-01 5.078120000000000411e-01
9.380000000000000000e+02 4.095150000000000179e-01 4.529279999999999973e-01 5.078129999999999589e-01
9.390000000000000000e+02 4.095150000000000179e-01 4.529279999999999973e-01 5.078129999999999589e-01
9.400000000000000000e+02 4.095150000000000179e-01 4.529279999999999973e-01 5.078129999999999589e-01
9.410000000000000000e+02 4.095150000000000179e-01 4.529279999999999973e-01 5.078129999999999589e-01
9.420000000000000000e+02 4.095159999999999911e-01 4.529279999999999973e-01 5.078129999999999589e-01
9.430000000000000000e+02 4.095159999999999911e-01 4.529279999999999973e-01 5.078129999999999589e-01
9.440000000000000000e+02 4.095159999999999911e-01 4.529279999999999973e-01 5.078129999999999589e-01
9.450000000000000000e+02 4.095159999999999911e-01 4.529290000000000260e-01 5.078129999999999589e-01
9.460000000000000000e+02 4.095159999999999911e-01 4.529290000000000260e-01 5.078139999999999876e-01
9.470000000000000000e+02 4.095159999999999911e-01 4.529290000000000260e-01 5.078139999999999876e-01
9.480000000000000000e+02 4.095159999999999911e-01 4.529290000000000260e-01 5.078139999999999876e-01
9.490000000000000000e+02 4.095159999999999911e-01 4.529290000000000260e-01 5.078139999999999876e-01
9.500000000000000000e+02 4.095170000000000199e-01 4.529290000000000260e-01 5.078139999999999876e-01
9.510000000000000000e+02 4.095170000000000199e-01 4.529290000000000260e-01 5.078139999999999876e-01
9.520000000000000000e+02 4.095170000000000199e-01 4.529290000000000260e-01 5.078139999999999876e-01
9.530000000000000000e+02 4.095170000000000199e-01 4.529299999999999993e-01 5.078150000000000164e-01
9.540000000000000000e+02 4.095170000000000199e-01 4.529299999999999993e-01 5.078150000000000164e-01
9.550000000000000000e+02 4.095170000000000199e-01 4.529299999999999993e-01 5.078150000000000164e-01
9.560000000000000000e+02 4.095170000000000199e-01 4.529299999999999993e-01 5.078150000000000164e-01
9.570000000000000000e+02 4.095179999999999931e-01 4.529299999999999993e-01 5.078150000000000164e-01
9.580000000000000000e+02 4.095179999999999931e-01 4.529299999999999993e-01 5.078150000000000164e-01
9.590000000000000000e+02 4.095179999999999931e-01 4.529299999999999993e-01 5.078150000000000164e-01
9.600000000000000000e+02 4.095179999999999931e-01 4.529299999999999993e-01 5.078150000000000164e-01
9.610000000000000000e+02 4.095179999999999931e-01 4.529309999999999725e-01 5.078160000000000451e-01
9.620000000000000000e+02 4.095179999999999931e-01 4.529309999999999725e-01 5.078160000000000451e-01
9.630000000000000000e+02 4.095179999999999931e-01 4.529309999999999725e-01 5.078160000000000451e-01
9.640000000000000000e+02 4.095179999999999931e-01 4.529309999999999725e-01 5.078160000000000451e-01
9.650000000000000000e+02 4.095190000000000219e-01 4.529309999999999725e-01 5.078160000000000451e-01
9.660000000000000000e+02 4.095190000000000219e-01 4.529309999999999725e-01 5.078160000000000451e-01
9.670000000000000000e+02 4.095190000000000219e-01 4.529309999999999725e-01 5.078160000000000451e-01
9.680000000000000000e+02 4.095190000000000219e-01 4.529309999999999725e-01 5.078160000000000451e-01
9.690000000000000000e+02 4.095190000000000219e-01 4.529320000000000013e-01 5.078169999999999629e-01
9.700000000000000000e+02 4.095190000000000219e-01 4.529320000000000013e-01 5.078169999999999629e-01
9.710000000000000000e+02 4.095190000000000219e-01 4.529320000000000013e-01 5.078169999999999629e-01
9.720000000000000000e+02 4.095190000000000219e-01 4.529320000000000013e-01 5.078169999999999629e-01
9.730000000000000000e+02 4.095199999999999951e-01 4.529320000000000013e-01 5.078169999999999629e-01
9.740000000000000000e+02 4.095199999999999951e-01 4.529320000000000013e-01 5.078169999999999629e-01
9.750000000000000000e+02 4.095199999999999951e-01 4.529320000000000013e-01 5.078169999999999629e-01
9.760000000000000000e+02 4.095199999999999951e-01 4.529320000000000013e-01 5.078169999999999629e-01
9.770000000000000000e+02 4.095199999999999951e-01 4.529329999999999745e-01 5.078179999999999916e-01
9.780000000000000000e+02 4.095199999999999951e-01 4.529329999999999745e-01 5.078179999999999916e-01
9.790000000000000000e+02 4.095199999999999951e-01 4.529329999999999745e-01 5.078179999999999916e-01
9.800000000000000000e+02 4.095199999999999951e-01 4.529329999999999745e-01 5.078179999999999916e-01
9.810000000000000000e+02 4.095210000000000239e-01 4.529329999999999745e-01 5.078179999999999916e-01
9.820000000000000000e+02 4.095210000000000239e-01 4.529329999999999745e-01 5.078179999999999916e-01
9.830000000000000000e+02 4.095210000000000239e-01 4.529329999999999745e-01 5.078179999999999916e-01
9.840000000000000000e+02 4.095210000000000239e-01 4.529329999999999745e-01 5.078179999999999916e-01
9.850000000000000000e+02 4.095210000000000239e-01 4.529340000000000033e-01 5.078190000000000204e-01
9.860000000000000000e+02 4.095210000000000239e-01 4.529340000000000033e-01 5.078190000000000204e-01
9.870000000000000000e+02 4.095210000000000239e-01 4.529340000000000033e-01 5.078190000000000204e-01
9.880000000000000000e+02 4.095210000000000239e-01 4.529340000000000033e-01 5.078190000000000204e-01
9.890000000000000000e+02 4.095210000000000239e-01 4.529340000000000033e-01 5.078190000000000204e-01
9.900000000000000000e+02 4.095219999999999971e-01 4.529340000000000033e-01 5.078190000000000204e-01
9.910000000000000000e+02 4.095219999999999971e-01 4.529340000000000033e-01 5.078190000000000204e-01
9.920000000000000000e+02 4.095219999999999971e-01 4.529340000000000033e-01 5.078190000000000204e-01
9.930000000000000000e+02 4.095219999999999971e-01 4.529349999999999765e-01 5.078190000000000204e-01
9.940000000000000000e+02 4.095219999999999971e-01 4.529349999999999765e-01 5.078200000000000491e-01
9.950000000000000000e+02 4.095219999999999971e-01 4.529349999999999765e-01 5.078200000000000491e-01
9.960000000000000000e+02 4.095219999999999971e-01 4.529349999999999765e-01 5.078200000000000491e-01
9.970000000000000000e+02 4.095219999999999971e-01 4.529349999999999765e-01 5.078200000000000491e-01
9.980000000000000000e+02 4.095230000000000259e-01 4.529349999999999765e-01 5.078200000000000491e-01
9.990000000000000000e+02 4.095230000000000259e-01 4.529349999999999765e-01 5.078200000000000491e-01
1.000000000000000000e+03 4.095230000000000259e-01 4.529349999999999765e-01 5.078200000000000491e-01
1.001000000000000000e+03 4.095230000000000259e-01 4.529349999999999765e-01 5.078200000000000491e-01
1.002000000000000000e+03 4.095230000000000259e-01 4.529360000000000053e-01 5.078209999999999669e-01
1.003000000000000000e+03 4.095230000000000259e-01 4.529360000000000053e-01 5.078209999999999669e-01
1.004000000000000000e+03 4.095230000000000259e-01 4.529360000000000053e-01 5.078209999999999669e-01
1.005000000000000000e+03 4.095230000000000259e-01 4.529360000000000053e-01 5.078209999999999669e-01
1.006000000000000000e+03 4.095230000000000259e-01 4.529360000000000053e-01 5.078209999999999669e-01
1.007000000000000000e+03 4.095239999999999991e-01 4.529360000000000053e-01 5.078209999999999669e-01
1.008000000000000000e+03 4.095239999999999991e-01 4.529360000000000053e-01 5.078209999999999669e-01
1.009000000000000000e+03 4.095239999999999991e-01 4.529360000000000053e-01 5.078209999999999669e-01
